timestamp,datetime,weight_g,loaded,tcp_x,tcp_y,tcp_z,tcp_rx,tcp_ry,tcp_rz,fx,fy,fz,tx,ty,tz,ai0
1783350698.594763,2026-07-06 17:11:38.594,0.0,0,-0.037834204915740244,-0.5033592906385257,0.3212215062679796,-0.00185878746625938,0.0016898824079592126,-2.3762597637936183,-0.29027227302424874,0.10465698019150155,0.29023166636325676,0.0010940689035960748,0.006016848565251912,-0.00474470361576474,4.658823013305664
1783350698.6449542,2026-07-06 17:11:38.644,0.0,0,-0.03783293507523994,-0.5033568307067929,0.32121959758631174,-0.0018417714012310467,0.0017402004819954543,-2.37628197208025,-0.32113266150509934,-0.029830712434242086,0.07581266042813159,-0.0004645627908280487,0.005000743594954756,-0.0007110623689147388,4.661843776702881
1783350698.6951108,2026-07-06 17:11:38.695,0.0,0,-0.037835766913373765,-0.5033636857815208,0.32121091448641115,-0.0018320439902972086,0.001720263744637155,-2.3762783626422763,-0.2029715734807428,0.04961101375977663,-0.01520495499417145,-0.0017444331365492288,0.0053641371671235725,-0.0037248420642468343,4.654290676116943
1783350698.7453492,2026-07-06 17:11:38.745,0.0,0,-0.037844032648759046,-0.503348211395842,0.32121164140479364,-0.00186211953084824,0.0017169996846484279,-2.3762907153322557,-0.17574133865722485,0.010473824473556766,0.16655781501916475,-0.00261857659576603,0.0033162958349456286,-0.0018292469446501206,4.656305313110352
1783350698.7955859,2026-07-06 17:11:38.795,0.0,0,-0.03784691330200189,-0.5033514814060338,0.32122608504137923,-0.0018731377668956446,0.0016808205893684507,-2.376290746912813,0.4811119847377211,0.2335516689182937,0.095501330873567,0.002734220175471376,-0.017465964386134316,0.003378670136259426,4.666125774383545
1783350698.8457992,2026-07-06 17:11:38.845,0.0,0,-0.03785744258309174,-0.503352288727989,0.32122858637891005,-0.0018943494023138665,0.0016808743705471858,-2.376317224230292,-0.1305533835841083,0.07628001898071067,0.04849526958401306,0.004244122877015693,-0.0007645816934162079,-0.006417092689687298,4.666125774383545
1783350698.896028,2026-07-06 17:11:38.896,0.0,0,-0.037840541177714584,-0.5033608175590472,0.3212101234175267,-0.0018517895776830407,0.0017287749074133575,-2.3762785972673113,-0.07091098567247568,0.21955570652211343,0.2078133858230911,0.0030147640261261976,-0.00041353373980670293,0.00025837503322440037,4.658067226409912
1783350698.946257,2026-07-06 17:11:38.946,0.0,0,-0.03782605690115434,-0.5033545593933434,0.32121746160334347,-0.0018481487264492744,0.0016792072423826223,-2.376247444133954,0.48944585332774626,0.02623515530071906,-0.027914620030968902,0.00016589980249299955,-0.013643788839880187,0.0031134068568224966,4.661592483520508
1783350698.9964929,2026-07-06 17:11:38.996,0.0,0,-0.03784922379301519,-0.5033579384675309,0.32122748961475345,-0.0018618575252978727,0.0016936672211896148,-2.3762941228965753,0.07353284381978363,0.2693299475448825,-0.016690293409111857,0.006287565773502659,-0.0025644707369385272,-0.0009149504429063362,4.660584926605225
1783350699.0466866,2026-07-06 17:11:39.046,0.0,0,-0.037836738689160564,-0.5033516515449786,0.3212239663167392,-0.0018883528747574584,0.001694674326372723,-2.3762752519327948,-0.28757621071947403,0.012992449413315706,0.277992433528408,-0.0005452958195673121,0.008603756498334126,-0.008674023410794363,4.657564163208008
1783350699.0969188,2026-07-06 17:11:39.096,0.0,0,-0.037839897480303135,-0.5033528127072784,0.32120342407631836,-0.0018162650050386813,0.0017376727396078468,-2.3762938177904513,-0.15112525446052283,0.17771359092931796,0.0735242532178645,0.002668540846515642,-6.165425309664198e-05,-0.006995804928569503,4.654290676116943
1783350699.1470711,2026-07-06 17:11:39.147,0.0,0,-0.03784941193379796,-0.5033570533265986,0.3212182484494738,-0.0018600517528121069,0.001688652370440226,-2.3762940784868705,0.005679720549511122,-0.08410740235121231,0.12485807554772395,-0.0026450266953745045,-0.002745837579779954,-0.002081371692592425,4.661340713500977
1783350699.1972623,2026-07-06 17:11:39.197,0.0,0,-0.03784845000016453,-0.5033514872701075,0.3212088976603425,-0.0018422219364347629,0.0017466492078077756,-2.376301354359178,-0.21839393534218726,0.2980492039672315,0.262469958372748,0.006374188913043803,0.0013047726280006873,-0.007353454035686978,4.659578800201416
1783350699.247468,2026-07-06 17:11:39.247,0.0,0,-0.03784792641884968,-0.5033483948814711,0.3212234425316456,-0.0018277183567319607,0.0017023893380038433,-2.376294090625704,-0.3291810919565431,0.05997296920103302,0.04111713903794977,0.0006341061011238219,0.004880569555756417,-0.0002590079171320822,4.660333633422852
1783350699.2976966,2026-07-06 17:11:39.297,0.0,0,-0.037839642860006184,-0.5033467928530919,0.32121716691832086,-0.0018102800377296038,0.0016920203172884616,-2.3762716390274385,0.06869778152433513,0.10462716606962716,0.18178427503601335,0.006107167327922827,-0.005257013600740818,-0.002237477631733755,4.6520256996154785
1783350699.3479242,2026-07-06 17:11:39.347,0.0,0,-0.0378395318221921,-0.5033597211173134,0.32123142828013307,-0.001896769916035913,0.001660922035574833,-2.3762750328773627,-0.13737844589849457,0.3613049255833505,0.09690387409045267,0.006924713977109022,1.6775975944258785e-05,-0.007352287841676581,4.665369987487793
1783350699.3980978,2026-07-06 17:11:39.398,0.0,0,-0.037855577225147326,-0.503345422965947,0.32121803010141947,-0.0018347371189136354,0.0016872179174295644,-2.3763099013454343,-0.09792018244452547,0.08849643653809283,0.19190391423745176,0.002974264741485326,0.00034231826852105764,0.002698168150292553,4.6668806076049805
1783350699.448338,2026-07-06 17:11:39.448,0.0,0,-0.03783484281425764,-0.5033487741346745,0.32121998152742365,-0.001854760377755742,0.0017187500838709892,-2.376278353074299,0.22354352002815883,0.02997984974061893,0.12099136989048595,-0.001777127938569462,-0.007033647381838272,-0.0014064757359138614,4.653284549713135
1783350699.498492,2026-07-06 17:11:39.498,0.0,0,-0.03784583759794886,-0.5033483057475878,0.32122006087210064,-0.001859139320981428,0.0016965427118576836,-2.3763061081116037,0.17573533571737623,0.2116038277848726,0.18334848382267888,0.004856445658476144,-0.008722881536626441,-0.0007618145114575223,4.652780532836914
1783350699.548741,2026-07-06 17:11:39.548,0.0,0,-0.037827566743204755,-0.5033534627695182,0.32120904612111834,-0.0018013997879310288,0.0017319586150397587,-2.3762664172869346,-0.4019836322634339,-0.1428202496301715,0.2531187429853293,-0.0035534809252046203,0.0065144368978452384,-0.002978026815599521,4.660333633422852
1783350699.5989676,2026-07-06 17:11:39.598,0.0,0,-0.03783588839886671,-0.5033536851579894,0.3212248978182718,-0.0018594934998967686,0.001689086535346691,-2.376270251403755,0.20532197869400443,0.07483739863996643,0.05114911726691221,-0.000665802425603479,-0.007452118013486402,-0.0026384194948870987,4.666125774383545
1783350699.649114,2026-07-06 17:11:39.649,0.0,0,-0.03783551791856069,-0.5033592409477514,0.32122446581110586,-0.0018531509994168126,0.0017034495797797766,-2.376266703754986,0.014623657123502708,0.017100233988386275,0.3290938731110823,-0.0025532203424808494,-0.0004334467052590381,-0.002106406228142528,4.660584926605225
1783350699.6993866,2026-07-06 17:11:39.699,0.0,0,-0.037852328357313114,-0.5033546618599366,0.32121311012638787,-0.0018400833329441392,0.001710908558396078,-2.3762980090391026,0.07492478776104013,-0.02096274385485447,0.22653958529803458,-0.0025769545727060716,-0.005655020235728705,0.0007736168419394903,4.653535842895508
1783350699.749597,2026-07-06 17:11:39.749,0.0,0,-0.037831239548227376,-0.5033524424258022,0.32121023331148635,-0.001832887066236894,0.0017260825424416707,-2.376263073725978,0.12264780547071992,0.18697028930795684,0.08204623899620006,0.002251063382628791,-0.004197285963784913,-0.002311472743821021,4.662851333618164
1783350699.799819,2026-07-06 17:11:39.799,0.0,0,-0.03784587908851734,-0.5033486050484998,0.3212179109510776,-0.001840293726847466,0.001717812213814556,-2.3762907446700083,-0.43250609472487206,0.1246381833901376,0.4071173334449875,0.0015037308347447982,0.005187824319088887,-0.0003152637448098332,4.65605354309082
1783350699.8499947,2026-07-06 17:11:39.849,0.0,0,-0.03783462155763866,-0.5033629286796412,0.3212205987060337,-0.0018793923211350189,0.0017048641072287332,-2.3762666976955815,-0.5652702634380672,-0.0883923061351536,0.13447998889710047,-0.0015588008156959992,0.013148050135717126,-0.0005668895769844733,4.65831995010376
1783350699.9002335,2026-07-06 17:11:39.900,0.0,0,-0.037832172339945166,-0.5033536450039005,0.3212178570972574,-0.0018250608452055914,0.0017279164438967762,-2.3762664482799356,-0.10457002798851488,-0.12550397881678707,0.12231614325536921,-0.005115243335862038,0.001202959094995362,0.0019043290562390986,4.663102626800537
1783350699.9504836,2026-07-06 17:11:39.950,0.0,0,-0.03783701114537983,-0.5033461961234739,0.32121235827887173,-0.0018425190043374648,0.0017151878058088875,-2.376293810342674,-0.17565246309287974,-0.07982192193859004,0.05247004530908063,-0.002570609260950061,0.0035075058523626234,-0.0016266175159952792,4.659326076507568
1783350700.000738,2026-07-06 17:11:40.000,0.0,0,-0.03785123711130916,-0.5033569609727735,0.32122845252889604,-0.0018722692855526522,0.0016747554885408386,-2.376294343257883,0.09907373419855228,0.17682564641003687,0.043588394407835636,0.0020882184261963132,-0.005257562148794266,0.00392877395692028,4.6555495262146
1783350700.0509179,2026-07-06 17:11:40.050,0.0,0,-0.03783380477061947,-0.503353040608283,0.32123467082396395,-0.0018792881647180196,0.0016668359333769822,-2.3762700262660936,0.35098630584621465,0.14798304981077365,-0.13764960095617645,0.002572469532247318,-0.010570003376150452,0.008218101461440813,4.654794692993164
1783350700.1011484,2026-07-06 17:11:40.101,0.0,0,-0.03782476052751544,-0.5033528892799639,0.3212157409081598,-0.0018570769665904106,0.0017054773574251981,-2.3762478149393695,-0.12187070329921142,0.1586973095211639,0.04524276655920014,-0.0005298802833988408,0.0007745605764911227,-0.007053468125073617,4.657815933227539
1783350700.1513317,2026-07-06 17:11:40.151,0.0,0,-0.03783027194811661,-0.5033504914032103,0.321237982492612,-0.0018877913039228452,0.0016413277735317646,-2.376256057724773,-0.24556211184982238,-0.2112165301224912,-0.030280018210348404,-0.0051371017764905436,0.005826756011406126,-0.006896175851708008,4.663102626800537
1783350700.201527,2026-07-06 17:11:40.201,0.0,0,-0.03784418916318498,-0.5033546216361355,0.32123536709232003,-0.0019094858635694007,0.0016935935806117518,-2.376313213501497,0.34622863372528095,-0.028337231914018067,0.13969807687511454,0.0003073092187306944,-0.009746027244736012,0.005784063763592877,4.664866924285889
1783350700.2517412,2026-07-06 17:11:40.251,0.0,0,-0.037838072728687173,-0.5033528721604439,0.3212201128405216,-0.0018759245840809981,0.0016704228455493124,-2.376263057890195,-0.07884536647327021,-0.046976673341933235,-0.0028230006343358603,-0.001676515207181342,0.002081506695617247,-0.004126421889615717,4.659830093383789
1783350700.3019671,2026-07-06 17:11:40.301,0.0,0,-0.03783616224103472,-0.5033559883925893,0.3212274396718994,-0.0019029448662869733,0.0017079968750027808,-2.3762786277733343,-0.003981485812333206,-0.022278713341062188,0.017163859429236393,-0.0006612824355359742,-0.0024893403966565314,-0.003945836813069996,4.655802249908447
1783350700.3522012,2026-07-06 17:11:40.352,0.0,0,-0.0378560804288901,-0.5033603690076139,0.32121028983846966,-0.001868754007975785,0.0017167722532316712,-2.376313276799588,-0.15598879131905813,0.11673393982425051,0.16007891662836504,-0.0012094973766010072,0.0012377318321722141,-0.007927380195620054,4.647996425628662
1783350700.4024286,2026-07-06 17:11:40.402,0.0,0,-0.03784783951144659,-0.5033535435908056,0.3212291221734461,-0.0018713796068555394,0.001706846178304784,-2.376297824258924,0.5069157896682736,0.22981950702648907,0.056306012498123205,-0.001977545404628513,-0.0142839755929374,0.0029400939920799967,4.656557083129883
1783350700.4526935,2026-07-06 17:11:40.452,0.0,0,-0.03783223245562753,-0.5033509129697742,0.32121611682216716,-0.001855587034777961,0.0017382681947772389,-2.376256069660414,-0.2780726353462545,0.20917777088795025,0.16112935972614056,0.006458526679924148,0.003916146665761986,-0.00680770109333022,4.659830093383789
1783350700.502925,2026-07-06 17:11:40.502,0.0,0,-0.037828666535765304,-0.5033568179621366,0.3212285306513136,-0.0018914512992240858,0.001691267429404959,-2.376256086979236,0.10096739650292463,-0.04672484673059907,-0.11460740344703829,-0.0025861174986544747,-0.00579871827021752,-0.0023501431281710205,4.661843776702881
1783350700.5531557,2026-07-06 17:11:40.553,0.0,0,-0.03784032052726815,-0.5033554468136292,0.3212172941203703,-0.0018338598064618114,0.001725134985476299,-2.3762786087726755,-0.31525130061898005,0.23846771634141317,0.07077815630966798,0.005469275435206851,0.003657939739705971,-0.00619060741221376,4.65001106262207
1783350700.6034565,2026-07-06 17:11:40.603,0.0,0,-0.037846785928944644,-0.5033629715303607,0.32121094240117126,-0.0018354901083461892,0.001723282611915549,-2.3762825379913894,-0.03157339053139571,0.14033228309109452,0.16378574062086187,0.002023923107077522,-0.0022014266681122155,-0.009395419034675516,4.6570611000061035
1783350700.6536446,2026-07-06 17:11:40.653,0.0,0,-0.03784406722854064,-0.5033588209044159,0.3212261254727486,-0.001873941704324269,0.0017039468993916363,-2.3762868561372854,-0.46189266875135937,0.13046366992224706,0.03951398939960056,0.0031110304167731857,0.008040126430147064,-0.0057946129810792545,4.655802249908447
1783350700.7038748,2026-07-06 17:11:40.703,0.0,0,-0.03782416296100562,-0.5033546785385683,0.321210935385186,-0.0018447881392214872,0.0017366051624689966,-2.376247831740935,-0.0010565989443321788,-0.0896282032371485,0.0017697938566797438,-0.0044774754591401485,-0.0025468003168747184,-0.009009204928692954,4.659074783325195
1783350700.754084,2026-07-06 17:11:40.754,0.0,0,-0.037855728363760645,-0.5033517678793487,0.32122777943802366,-0.001889454445733805,0.0016552733854739634,-2.3763065843803863,0.3989284244754201,0.13770400887680198,-0.04795234974143662,0.002085510943695304,-0.012957146731281477,-0.0013603204638701536,4.659074783325195
1783350700.8043134,2026-07-06 17:11:40.804,0.0,0,-0.03783765341647533,-0.5033480097904016,0.3212102705750072,-0.0018125310377948667,0.0017490745777843564,-2.3762785835925047,-0.2176422916813149,-0.01299329491480711,0.14461040373575706,-0.0031934552066000227,0.0007868738566728272,-0.003850270646444387,4.654794692993164
1783350700.8545442,2026-07-06 17:11:40.854,0.0,0,-0.03784686437038299,-0.5033544705975936,0.32122533434257144,-0.0018481930089560368,0.001672174975576905,-2.3762868119615046,-0.16756333967388504,0.26005723523116453,0.3384205541843561,0.005509289609228778,0.0021279903730716436,-0.006097538172543883,4.665621757507324
1783350700.9047985,2026-07-06 17:11:40.904,0.0,0,-0.03783939804106457,-0.5033581486035129,0.32122198736565843,-0.0018461693414930046,0.0017041626600489744,-2.37627396455099,0.04209960391831424,0.007081593265082459,0.1964406653573929,-0.0012338656612576075,-0.004772061451742019,-0.0007496918951061068,4.664615631103516
1783350700.955029,2026-07-06 17:11:40.955,0.0,0,-0.03784259371322721,-0.5033617655922559,0.32122063266759415,-0.0018640017817643706,0.0016911607080055437,-2.3762752671188836,-0.4735065419849542,0.05377202345761757,0.4156898292672195,-0.0009004300300277108,0.01037344736628813,-0.002658858500612113,4.654543399810791
1783350701.0053234,2026-07-06 17:11:41.005,0.0,0,-0.03785050014170065,-0.5033472220747668,0.32121902112454886,-0.0018597243021919372,0.001702783316006197,-2.376320174591651,0.5300557190250886,0.13427254524259105,0.23322169866901882,-0.0002803151357494771,-0.014482170624594415,0.0022311608375715753,4.661340713500977
1783350701.0555165,2026-07-06 17:11:41.055,0.0,0,-0.03785169867449394,-0.5033554031279799,0.32124146410021204,-0.0019312698099705798,0.0016464822133606455,-2.3763168885991592,-0.011446761376549371,0.27119911005288044,0.05025387824959815,0.002986762068111423,-0.003046948226722537,-0.006589727322948224,4.665621757507324
1783350701.1057038,2026-07-06 17:11:41.105,0.0,0,-0.037838088685925315,-0.5033488349002915,0.32122043733888317,-0.0018742547151636632,0.001703400265668817,-2.376282153884327,0.020010557870296927,-0.010584532567236763,-0.05842064214129782,-0.0031608021496728053,-0.0033380803674403353,0.003128668394101131,4.664111137390137
1783350701.155935,2026-07-06 17:11:41.155,0.0,0,-0.037815199260131285,-0.5033563176974981,0.32120557203836847,-0.0018185323096751504,0.0017593039582963165,-2.3762317435663767,0.04696297333080897,-0.10248691434362724,0.1000734885397763,-0.00423147983584012,-0.0032710051203247797,-0.00041429968786690295,4.658571243286133
1783350701.2061677,2026-07-06 17:11:41.206,0.0,0,-0.0378406327140429,-0.5033525347948424,0.3212209825894855,-0.0018569203813785914,0.0017059975795179862,-2.3762821711291,0.3040794884679053,-0.046000926858214566,0.09574254420924017,-0.0024953358523408537,-0.012273656639532204,-0.004048779206395108,4.656557083129883
1783350701.2563992,2026-07-06 17:11:41.256,0.0,0,-0.037838297899409706,-0.5033560111886828,0.32122385707690276,-0.0018754134505999445,0.0017093402474475318,-2.3762633587182167,0.01797107934480864,0.3121817857941051,-0.002337378449793198,0.008779476121188456,-0.0025479287010277685,-0.0016344886878517167,4.65831995010376
1783350701.3066046,2026-07-06 17:11:41.306,0.0,0,-0.037831303684555284,-0.5033526320519625,0.321221363968101,-0.0018567129827851377,0.0016992869550200777,-2.376244494295025,-0.21685273033628297,0.030969386526322917,0.0899847817494378,0.0006950757819313905,0.0025449265615024998,0.0017734311577074372,4.661340713500977
1783350701.3568532,2026-07-06 17:11:41.356,0.0,0,-0.037855281454729335,-0.5033481446521211,0.3212165020714714,-0.0018433922369620384,0.0017209911829975826,-2.3763135114655927,-0.07214210974324092,0.06694138357877721,-0.08565880924270851,0.0005456538200170275,0.0014971435740377395,-0.0030630889539186705,4.663858413696289
1783350701.4070833,2026-07-06 17:11:41.407,0.0,0,-0.03781291289700677,-0.5033566671794082,0.3212366735571331,-0.0019007719868179675,0.001673664969283946,-2.376228083607567,-0.24541225808665462,-0.2377886064219524,0.15301453809735324,-0.007590492736481688,0.004739939286557899,-0.0043234717150763624,4.651521682739258
1783350701.4573941,2026-07-06 17:11:41.457,0.0,0,-0.0378385822132499,-0.5033557412786394,0.3212285535130008,-0.0018826934602747302,0.001670074591830502,-2.376275020107163,0.07536731600714462,0.004396893776623207,0.07796221057147772,-0.0004341895457161439,-0.005897883831736661,0.0052933776858004565,4.650514125823975
1783350701.5076094,2026-07-06 17:11:41.507,0.0,0,-0.037830293444153694,-0.5033560175941567,0.3212292615555966,-0.0019042143641209877,0.0016768538035066903,-2.3762750269609465,-0.2497824517263968,0.3433793092623341,0.042216055343709515,0.006794972628650862,4.811177235006382e-05,-0.0038818209693036653,4.660837650299072
1783350701.5578387,2026-07-06 17:11:41.557,0.0,0,-0.03783737142910242,-0.5033599333313954,0.32122392577898934,-0.001861570475560108,0.0017317248464238505,-2.3762717374281146,-0.22704941764585704,0.04605543358477277,0.08081142629157681,0.0008112051555519649,0.0016535263039441797,0.0004069754734162316,4.667635917663574
1783350708.0280077,2026-07-06 17:11:48.028,5.0,1,-0.03785171551664762,-0.5033487183720137,0.32122633270221934,-0.0018849901808776696,0.00167433288949051,-2.376318151772641,-0.03921890892331512,0.22311671338075562,0.15056850691643076,0.007914959080260044,-0.003161783269048945,0.0007740360404656037,4.649507999420166
1783350708.0782413,2026-07-06 17:11:48.078,5.0,1,-0.03783628220300067,-0.5033447358950851,0.3212255993647928,-0.0018548289674456407,0.0016783684243902386,-2.3762559135097,0.20228729627302933,0.12959160295987487,0.2165847097952276,-0.0001709870544643818,-0.0043933234904212646,-0.006604280306236145,4.642457962036133
1783350708.128405,2026-07-06 17:11:48.128,5.0,1,-0.03783218924255989,-0.5033584896226855,0.3212213119261172,-0.001880748149658712,0.0016892345320479625,-2.3762630957010034,0.25023857141475103,0.0741745807223977,0.10339539677815834,0.0035382702454914224,-0.007969560408217826,0.003304977703912296,4.643465042114258
1783350708.178615,2026-07-06 17:11:48.178,5.0,1,-0.03784620934578151,-0.5033557319139835,0.3212253235669125,-0.0018819304883884707,0.0017020342097690973,-2.3763093725928806,0.0868308441751196,-0.10203479831610773,0.14280649225901393,-0.0025636349656632993,-0.0055264238977941575,-0.0020816943942887555,4.654290676116943
1783350708.2288938,2026-07-06 17:11:48.228,5.0,1,-0.03784579151936805,-0.5033494075802771,0.3212151338762231,-0.0018553805396986551,0.0017318341488946386,-2.3762976621670973,0.32531234728698055,0.1281781139858622,0.05543999432034169,0.003339048055063965,-0.011305865462492811,0.001100558678188827,4.642961025238037
1783350708.2791314,2026-07-06 17:11:48.279,5.0,1,-0.0378126929502504,-0.5033485184843045,0.32122185515171797,-0.0018844171006515925,0.001699010535401104,-2.376234226069936,0.06520819181955918,0.22473305807342972,0.11811867690133683,0.005832456806914111,-0.00651521140743714,-0.009073505885752906,4.6419548988342285
1783350708.329364,2026-07-06 17:11:48.329,5.0,1,-0.03782674837424535,-0.5033570969668331,0.32121929252216797,-0.0018662291183957412,0.001688543510840468,-2.3762511620791935,0.38068225064169414,0.5382393157097669,0.045892744782075084,0.012643290499548517,-0.010575451513479415,-0.00471090588616634,4.654794692993164
1783350708.3796265,2026-07-06 17:11:48.379,5.0,1,-0.03784165621902182,-0.5033550891570348,0.32123432590639966,-0.0018844740534535152,0.0016992563743800178,-2.3762824617590033,0.2626518232208687,0.4160773518716594,0.06863643791913865,0.006470853479351485,-0.008861189605793265,-0.0023758696729966598,4.64598274230957
1783350708.4298635,2026-07-06 17:11:48.429,5.0,1,-0.03782079210282734,-0.5033555920394748,0.32122684579024696,-0.0018913514808158252,0.0016841937146786932,-2.376255948892454,-0.007893366580432954,0.4609778107727066,-0.014626374013339901,0.011089016895987807,-0.007546950078941726,-0.00811357113442968,4.643465042114258
1783350708.4800982,2026-07-06 17:11:48.480,5.0,1,-0.03784394839548341,-0.5033581378540759,0.3212201466447781,-0.0018437740421261826,0.0016768841997438532,-2.3762666596162374,-0.4963800062152545,0.3188912738548034,0.1390572861732659,0.005842936359272103,0.00950994835851509,-0.00796214741260214,4.649507999420166
1783350708.5303342,2026-07-06 17:11:48.530,5.0,1,-0.037844218873785224,-0.5033506815454799,0.3212180504419205,-0.0018357998612655118,0.0017229258006072306,-2.3763013657490433,-0.007210625387942927,-0.16859060907176338,0.0785025316278097,-0.0031668921450815515,-0.00529231695260913,-0.0001367951712557811,4.651521682739258
1783350708.5805702,2026-07-06 17:11:48.580,5.0,1,-0.037815705474918686,-0.5033539856409137,0.32123479236731534,-0.0018814762329310924,0.0016954400769379672,-2.376235363883896,-0.1167662861557838,0.21103230686310015,0.0823159692901609,0.002295129247120326,-0.0016117655326045,-0.006281999392891593,4.64824914932251
1783350708.6308057,2026-07-06 17:11:48.630,5.0,1,-0.037826111494201876,-0.5033509202140284,0.32122215260892906,-0.0018559751155204094,0.0017381335530479197,-2.376243813936431,0.07679356376071515,0.020430946797590322,0.21997166066332685,-0.003408970882127521,-0.005767681111464711,-0.0029737207452570687,4.646234512329102
1783350708.6810126,2026-07-06 17:11:48.681,5.0,1,-0.0378267097787721,-0.5033565058751482,0.3212260980038059,-0.0018947494441449333,0.001687497354727324,-2.376255833497382,-0.06790989089956029,0.11248093590506983,0.1480583714381829,0.005594146658662538,-0.0008121903166790378,0.0031575536158003526,4.654290676116943
1783350708.7312572,2026-07-06 17:11:48.731,5.0,1,-0.03785916990183165,-0.503355592234378,0.32123132970307966,-0.0018482194775984147,0.001672038560834193,-2.3763065112308834,-0.34106747612509647,0.13911033521758912,0.36016398753684575,0.002384799499035635,0.002077574502476554,-0.004331525078820087,4.640192031860352
1783350708.7814584,2026-07-06 17:11:48.781,5.0,1,-0.037836077156387114,-0.5033535574995042,0.32121873887332447,-0.0018460908081676726,0.0017352759362207263,-2.3762869616813904,-0.10556919690320814,0.35940083377509185,0.06299564055566326,0.005965249717729589,-0.0009696001011799492,-0.004823285775437511,4.644723892211914
1783350708.8316705,2026-07-06 17:11:48.831,5.0,1,-0.037820747688417804,-0.5033517552137412,0.3212290187773145,-0.0018854137309819098,0.0016980351137147335,-2.3762442783030124,-0.4431994463110878,0.007525572223100436,0.27501418408358563,-0.001004794689122442,0.008097734098155819,-0.006023548709770301,4.643213748931885
1783350708.8820176,2026-07-06 17:11:48.882,5.0,1,-0.0378242270456988,-0.503352438283492,0.3212370563798519,-0.001891518704831973,0.001646106596593799,-2.376262857737869,-0.07777616826202567,0.20787641411023372,0.1464836057008068,0.005525488536398933,-0.002955093850696194,-0.002159071367634888,4.639688491821289
1783350708.9322474,2026-07-06 17:11:48.932,5.0,1,-0.03783857578338118,-0.5033553536517367,0.3212341028672069,-0.001910651850485856,0.0016625068491422192,-2.376282422421339,-0.1381239467952589,0.03145735277123578,0.15134251237336085,-0.0005543973878534036,0.000381948203097418,-0.0035838765249595846,4.65001106262207
1783350708.9824939,2026-07-06 17:11:48.982,5.0,1,-0.03782584878683205,-0.5033478946607147,0.32121835702363555,-0.0018558828403520578,0.0017001399186171234,-2.3762557933740065,-0.22385461739812465,0.334027872828931,0.33993051825799114,0.007828658937453895,-0.0019121247512957342,-0.0015531911543713024,4.653535842895508
1783350709.0326717,2026-07-06 17:11:49.032,5.0,1,-0.03782494178258031,-0.5033506536726298,0.32123209956587895,-0.001882214885085338,0.001663442018376457,-2.376251168576404,0.002404044000316285,0.44234298601575156,0.15563399725612984,0.0075062794528917955,-0.006229262821080961,-0.0069813543309139945,4.642206192016602
1783350709.0828795,2026-07-06 17:11:49.082,5.0,1,-0.037843473131880724,-0.5033601189647728,0.3212166632615695,-0.0018658476165701937,0.0017201035203751368,-2.3762700295518884,-0.3733834207323119,0.06510440118677013,0.21989750969372196,0.0001809072503351386,0.005917356778993956,-0.005651415804464486,4.642961025238037
1783350709.133043,2026-07-06 17:11:49.133,5.0,1,-0.03785261475409304,-0.5033482609910653,0.32121915174064836,-0.001842343146213634,0.0017083805247953103,-2.3763030193057113,-0.48008250285193454,0.05985132396679616,0.11563687029561259,0.0023544680922244566,0.005729892557990758,-0.00463833497459214,4.65605354309082
1783350709.1833174,2026-07-06 17:11:49.183,5.0,1,-0.037829830052400336,-0.503359877362871,0.3212160693653341,-0.0018657423177400965,0.001720193917924596,-2.376259533290709,-0.12176895554293243,0.09018519296711255,0.18277617971953164,0.0015875284248312916,-0.0013963231152072234,-0.004718260190275943,4.649255275726318
1783350709.233491,2026-07-06 17:11:49.233,5.0,1,-0.03784218368176865,-0.5033554798998778,0.3212253285181376,-0.0018664804001512934,0.001688365138806389,-2.3762788413383276,-0.4399904122822716,0.19538349161305577,0.24435296495536887,0.004342162074528481,0.007353771369662848,-0.007164067615267888,4.6419548988342285
1783350709.28367,2026-07-06 17:11:49.283,5.0,1,-0.03783398364658822,-0.5033541373813232,0.3212308605160936,-0.0018590485381385522,0.001666860434610096,-2.3762631016661224,0.19296163641086367,0.14991444050182703,0.1032209559136859,0.0029625818347145767,-0.009266680045315386,-0.0005939479753464268,4.653787612915039
1783350709.333914,2026-07-06 17:11:49.333,5.0,1,-0.03784287973076592,-0.5033588107958858,0.3212244647137394,-0.0018565535602883209,0.001706514875771722,-2.3762664683625867,-0.030002087949912676,0.006326861716267713,0.24626105209815327,-0.0010575346276473607,-0.002174604354221319,-0.009408048897002017,4.6419548988342285
1783350709.3841538,2026-07-06 17:11:49.384,5.0,1,-0.03782304477838516,-0.5033519418696234,0.32121853974130277,-0.001846193596606148,0.0017111293886980469,-2.3762442532796446,0.06413423148843297,0.1101604051532433,0.27848663686775466,-0.0008566082560365736,-0.002027164535550215,-0.007617716447435071,4.6419548988342285
1783350709.4343886,2026-07-06 17:11:49.434,5.0,1,-0.0378288818962589,-0.5033566449630086,0.32122423370206776,-0.001889988308114073,0.0017156738394774372,-2.3762593118674094,0.3814957513460221,0.18612497833124805,0.18487493736577976,0.00115652974651785,-0.011111953030994211,-0.00254936619581805,4.647996425628662
1783350709.484652,2026-07-06 17:11:49.484,5.0,1,-0.03783726735421232,-0.5033520810929781,0.3212327095753197,-0.001889702340302318,0.001662183765531891,-2.3762902764501703,0.4743958413422312,0.47514435734877253,0.24576750064493674,0.00885747275804193,-0.014426826279073778,-0.0006068999254232509,4.653284549713135
1783350709.5349097,2026-07-06 17:11:49.534,5.0,1,-0.0378521273033428,-0.5033456191574511,0.3212378209869235,-0.0019122478753240148,0.0016747485023008476,-2.376310200348678,-0.1289030683296979,0.12293906780774486,0.3047720020509548,-0.001221802334223462,-0.0005222976643588399,-0.004055888354373231,4.641702175140381
1783350709.585143,2026-07-06 17:11:49.585,5.0,1,-0.0378307121990864,-0.5033495591149963,0.3212197072934496,-0.0018457722387056148,0.0017044865063456371,-2.3762750023565022,-0.2538762035797943,0.1218999414843022,0.23423351918217633,0.002402275804776199,0.0008014961597516819,-0.003831690822998054,4.645731449127197
1783350709.635395,2026-07-06 17:11:49.635,5.0,1,-0.03783855485998417,-0.5033595820011783,0.32122541739310984,-0.0018524625859381073,0.001697118114364424,-2.3762832731344377,-0.012640056628437516,0.1582687565781292,0.07551263981026936,0.0044410856660241065,-0.0017921750429951678,-0.002388836214430967,4.653031826019287
1783350709.6856527,2026-07-06 17:11:49.685,5.0,1,-0.03783991935781023,-0.5033441606099817,0.32121424709787105,-0.00187599086796246,0.0017384079562244826,-2.3762907328480907,-0.019830260430318287,0.42702856391214344,0.20359904413451033,0.010444409518713026,-0.0041340205715168,-0.005303161696326178,4.651018142700195
1783350709.7358844,2026-07-06 17:11:49.735,5.0,1,-0.03783908990627316,-0.503356784765628,0.32120937980692593,-0.0018355555631380475,0.0017470802285112783,-2.3762786014097204,0.3919221061443127,0.2801838230829071,0.20514816722907986,0.006131804974680748,-0.01156353775032,-0.0032707227662340456,4.644472599029541
1783350709.7861164,2026-07-06 17:11:49.786,5.0,1,-0.037825256336081595,-0.5033511896375099,0.32121039096672777,-0.001851596110034471,0.0017288702311634599,-2.3762556796614063,-0.04862461937191428,0.39802211314968466,0.1341636531607595,0.007947550835893779,-0.0020079078542021935,-0.004996294041818711,4.641702175140381
1783350709.8363671,2026-07-06 17:11:49.836,5.0,1,-0.03785058017352258,-0.503356386565874,0.32122561347606904,-0.001863635860846652,0.001691603612906008,-2.3762820689066673,-0.3477792088673672,0.30951497673612466,0.10261728270630392,0.004675322930019188,0.006411163822507234,-0.00990513553051394,4.651018142700195
1783350709.8866308,2026-07-06 17:11:49.886,5.0,1,-0.03785294480146533,-0.5033454689588495,0.32123195663946175,-0.001869634945898379,0.0016848267622055926,-2.3763099516249055,0.1655178907479344,0.05921990908421857,0.31464379126619363,0.0004244512415480885,-0.008822942685016875,-0.000989917412617849,4.651521682739258
1783350709.9368687,2026-07-06 17:11:49.936,5.0,1,-0.03784715590636096,-0.5033521572519618,0.32121968261344486,-0.0018536292750865914,0.0017027978012984048,-2.376294084279419,-0.026446686891924583,-0.06135170296065649,0.22562437757280643,-0.0025849017961967926,-0.003554160044700841,-0.004183825427918519,4.641450881958008
1783350709.9871047,2026-07-06 17:11:49.987,5.0,1,-0.03783379384272621,-0.503359586516,0.32122579654076533,-0.0018592316773025316,0.00169659191393856,-2.3762631262167564,-0.07010442195808403,0.12798722602988408,0.3718252130236221,0.0017758434640616897,-0.0035085217952146664,0.0014230901662292813,4.646234512329102
1783350710.0373373,2026-07-06 17:11:50.037,5.0,1,-0.03782638466082135,-0.5033514835652295,0.32121115184008725,-0.0018287098998950805,0.0017077634305004104,-2.376263056243672,-0.11510645168846866,-0.19183068527679992,0.24225381801237564,-0.00797956881140559,-0.0005985808119389151,-0.0040959152424631905,4.654543399810791
1783350710.0875847,2026-07-06 17:11:50.087,5.0,1,-0.03784211983903192,-0.5033566802501388,0.32122769681423013,-0.0018788368282228257,0.0016813546950187434,-2.376282184162399,-0.16763914178851594,0.29026752437980063,0.1845139241157528,0.00475309740803439,0.0004781193779317121,-0.007687475851496767,4.64396858215332
1783350710.1378133,2026-07-06 17:11:50.137,5.0,1,-0.03783353607654943,-0.5033464682562128,0.3212233753605488,-0.0018649100025532805,0.0017139773319672566,-2.3762750165340387,-0.04671034002035526,0.43202403688290203,-0.024747914250676774,0.010067425737135045,-0.004574780555571716,-0.001795185468723194,4.643716812133789
1783350710.1881454,2026-07-06 17:11:50.188,5.0,1,-0.037826030821549034,-0.5033551024157815,0.32120879332368524,-0.0018269010791637419,0.0017328447330929675,-2.376251160504507,0.11660966572853318,0.39676729746023515,0.21886419228448953,0.007652199868803831,-0.005579947138777946,-0.006228853006010361,4.643716812133789
1783350710.2383971,2026-07-06 17:11:50.238,5.0,1,-0.03783328761674715,-0.5033516029692764,0.32122249938299,-0.0018367290278057317,0.0017147824779758121,-2.3762819448701786,0.1031230327186932,-0.0018059943230669933,0.2220380266587487,-0.003209343790810881,-0.0047817281827141605,-0.003347392372500258,4.653535842895508
1783350710.288647,2026-07-06 17:11:50.288,5.0,1,-0.03782625221819661,-0.5033539705288101,0.32120851913207293,-0.001841654787547379,0.001740128465568531,-2.376271427533484,-0.05543747889773062,-0.1416763671824977,0.1123522558506591,-0.004670128661068935,-0.0012511988672595487,-0.0007102707553542821,4.652528762817383
1783350710.3388956,2026-07-06 17:11:50.338,5.0,1,-0.03782653181286718,-0.5033500992196308,0.3212234406460102,-0.0018803557209682773,0.0017264976965932857,-2.376271221761997,0.12566489933338876,0.14076283324527417,0.08371327602247959,0.00010021377003835361,-0.006836290009847445,-0.003196531564023653,4.642709732055664
1783350710.389132,2026-07-06 17:11:50.389,5.0,1,-0.03784322399784481,-0.5033635472412273,0.32121770227028473,-0.0018299600811285167,0.0017296353310013062,-2.3762786387433374,-0.4848762043188738,0.3572766208163046,0.1367919416156398,0.008431100304296581,0.006407883664440996,-0.010684477197471742,4.651018142700195
1783350710.439364,2026-07-06 17:11:50.439,5.0,1,-0.037853363740177545,-0.5033420313505108,0.32123111198786924,-0.0018622238264242282,0.0016701134998247148,-2.3763061098447222,-0.18610829771207554,0.3646716535619987,0.23960939282942012,0.009921285239662016,-0.0003563253447623648,-0.005929652592847795,4.647241592407227
1783350710.4895685,2026-07-06 17:11:50.489,5.0,1,-0.03783750605578437,-0.5033527461076411,0.3212211194620413,-0.001853919510093482,0.0017024872223307885,-2.376290274677501,0.04468084856349509,0.17430246124978502,0.11496070281150422,0.0008130833033411214,-0.005096789180712227,0.0006566528109748941,4.641199111938477
1783350710.5398686,2026-07-06 17:11:50.539,5.0,1,-0.03782912948278956,-0.5033541744719401,0.3212347361599804,-0.0019018171713701963,0.0016865282801795934,-2.3762631323138232,-0.08752342550248578,-0.01042388346780803,0.26837277425476197,-0.0013969631111667568,-0.004068171389175949,-0.004284026649968409,4.649759292602539
1783350710.5900972,2026-07-06 17:11:50.590,5.0,1,-0.037836011555729646,-0.5033531982804798,0.32120731071732556,-0.0017949955823168837,0.0017317999489329366,-2.376263312285092,-0.23472437245038938,0.08551716553242225,0.2271467130433484,-0.002019818678574996,-0.0031184564814484557,-0.010672216129088355,4.651018142700195
1783350710.6402714,2026-07-06 17:11:50.640,5.0,1,-0.037834172111104174,-0.503349499117048,0.32121617511347184,-0.0018224209986313579,0.0017080332731163976,-2.3762785704239193,-0.029499540014264577,0.24155249263125955,0.3272660552008162,0.004206069526637774,-0.0003380623216815971,-0.006671523016262592,4.649759292602539
1783350710.6905234,2026-07-06 17:11:50.690,5.0,1,-0.03783229934102406,-0.5033539828959287,0.32122335419552683,-0.0018588936940902088,0.001689747050157132,-2.376275014366519,-0.4610959120810273,0.18942927958948297,0.024560284013013967,0.00410069445581496,0.0052957145402727996,-0.009453706863072528,4.642457962036133
1783350710.740704,2026-07-06 17:11:50.740,5.0,1,-0.03783800397023763,-0.5033534764608648,0.3212295743705098,-0.0018705092195998398,0.001653881586102881,-2.376267969075898,0.030293250983961968,0.24949335221883562,0.0847150331211006,0.007566369447852676,-0.005408037676824915,-0.0027628287443661847,4.651521682739258
1783350710.7909584,2026-07-06 17:11:50.790,5.0,1,-0.03784106115659692,-0.5033501200248719,0.32124052100887274,-0.001874665179499858,0.0016421906099929823,-2.3762976751276397,0.2069754998062109,0.32025565239621473,-0.04169235602100052,0.006480129120028244,-0.011036260145370104,-0.0006451429547429153,4.653031826019287
1783350710.841194,2026-07-06 17:11:50.841,5.0,1,-0.03782810762952529,-0.5033588280241567,0.32122488840742813,-0.0018450414793121745,0.0016755132659803452,-2.3762627419367135,-0.4822921994101516,0.03890948013250454,0.05874602201416317,0.0019063485844990537,0.007076526137128845,-0.0026814028584887847,4.642709732055664
1783350710.8914306,2026-07-06 17:11:50.891,5.0,1,-0.03784940562801828,-0.50335310544447,0.32122030029112697,-0.0018536179154177773,0.0017028202552152674,-2.3762820498163904,0.027610141245166555,0.3710323427507826,0.08676849698687174,0.006112750425445785,-0.00215710077140162,-0.008090046673691922,4.650766849517822
1783350710.9416893,2026-07-06 17:11:50.941,5.0,1,-0.0378403125528846,-0.5033546175300928,0.3212404871114312,-0.0018734987386631707,0.0016506918907510783,-2.3762903053471756,-0.032297218983458366,0.20081412458640704,0.21966487697061757,0.0014051272485240197,-0.0033483242966668514,-0.006717258844218201,4.650262832641602
1783350710.9918857,2026-07-06 17:11:50.991,5.0,1,-0.03783980806357885,-0.5033550648769377,0.32121110610889775,-0.0018380137013742995,0.0017514551362569713,-2.37628218383364,-0.4506419082058984,-0.26370445892336797,0.33979542537769136,-0.007778795953203083,0.005921184031577759,-0.006371806986417776,4.650766849517822
1783350711.042125,2026-07-06 17:11:51.042,5.0,1,-0.03784119954162367,-0.5033513155834999,0.3212163545079881,-0.0018292958220373007,0.001723113939539,-2.376297426928803,-0.4247404316717445,-0.07870196244275851,0.22083359076327724,-0.0026566842771286866,0.002580445714457286,-0.005377246392455032,4.63994026184082
1783350711.0923667,2026-07-06 17:11:51.092,5.0,1,-0.03784969354435914,-0.5033479104944804,0.32121077980283547,-0.001828061138436681,0.0017015828461273868,-2.376294395533094,-0.47001081011110185,-0.11339030616727787,0.2789322334027938,-0.001672285579877549,0.005960874941163896,-0.008394955865549869,4.64396858215332
1783350711.1425905,2026-07-06 17:11:51.142,5.0,1,-0.03784873763057843,-0.5033505938143834,0.32121916214857416,-0.0018313225419024713,0.0016980407215304346,-2.376290737420873,-0.04230177064693983,0.036753322223810704,0.3025515962046504,0.0004879378720860742,-0.00340413713550797,-0.003822488936260784,4.647996425628662
1783350711.1927767,2026-07-06 17:11:51.192,5.0,1,-0.037812464092934116,-0.5033558939637065,0.32122302145241766,-0.001856063979402205,0.0016929043595726382,-2.376223400023695,0.0810165074386152,0.18142298870756354,0.20776190114197918,0.0028969063141698445,-0.006236499217660593,0.0006478845241490433,4.641702175140381
1783350711.243035,2026-07-06 17:11:51.243,5.0,1,-0.03783646229787172,-0.5033560440394084,0.32122565630650035,-0.0018847469562262393,0.0016988177212038755,-2.3762712224132376,0.5686202358823095,0.4312301464538484,0.25426863765727314,0.006555393518820644,-0.019933387786890508,-0.0057548437335046216,4.643213748931885
1783350711.293271,2026-07-06 17:11:51.293,5.0,1,-0.03784739092502021,-0.5033569720347318,0.32121929680527345,-0.0018553432683380674,0.0017320269445452172,-2.376310813969363,-0.10737299869879291,0.03257175356290847,0.07098969149216479,-0.0030862415707948662,-0.0021140074008216365,-0.002926566999163086,4.63994026184082
1783350711.3435109,2026-07-06 17:11:51.343,5.0,1,-0.037839630302512584,-0.5033520958582479,0.3212127856602094,-0.0018168617234956773,0.001737110236900507,-2.376275256081469,0.0716548331564155,0.1505065209595119,0.2876008259799257,0.0040571981276059516,-0.004049342485713471,-0.0036774107112823914,4.653031826019287
1783350711.3937452,2026-07-06 17:11:51.393,5.0,1,-0.037832126146794605,-0.5033545556904645,0.3212190133055812,-0.0018598610738041201,0.0017196946338021918,-2.3762633451746926,0.014023392439640521,0.04864497465469961,0.229002355162092,0.005521664544392522,-0.0036104604007179764,-0.005950378615469497,4.647493362426758
1783350711.4439962,2026-07-06 17:11:51.443,5.0,1,-0.03784202156377444,-0.5033457653016823,0.32122623384342053,-0.00186278779422843,0.0016993774399282088,-2.3762895572750917,0.07130147729452559,0.33097428838333504,0.2743624706683178,0.005507818802601295,-0.004535586995542074,-0.0027855713131274165,4.642709732055664
1783350711.494241,2026-07-06 17:11:51.494,5.0,1,-0.037832813884432125,-0.5033502776600994,0.3212190404144315,-0.0018303819716027298,0.0017218823394203235,-2.376266675728208,0.05789593553528023,0.3435288096350321,0.16236020783952163,0.009597372801745984,-0.007155753558314509,-0.007633612916478461,4.647745132446289
1783350711.544492,2026-07-06 17:11:51.544,5.0,1,-0.037859132295227936,-0.503351671766299,0.3212289956530059,-0.0018976355178052667,0.001677162527817683,-2.3763209160121814,-0.12666552058654784,0.03525541542354038,0.16453574838870352,0.0006910392608069315,0.001066247215135321,-0.007454118742479082,4.643213748931885
1783350711.5947275,2026-07-06 17:11:51.594,5.0,1,-0.03786180789622152,-0.5033442105927806,0.3212255763973074,-0.0018318466406360028,0.0016834549390344197,-2.376321846983212,0.13181753794172954,0.14004518930031223,0.10588371972747979,0.0022397946839705298,-0.007184134555868207,0.0015043634503042781,4.653535842895508
1783350711.6449533,2026-07-06 17:11:51.644,5.0,1,-0.03784122625513014,-0.5033537038144937,0.3212329531633301,-0.0018952580065072682,0.001687030007714267,-2.376285896363684,-0.12110046833757779,0.36571286459395885,0.10535076596749383,0.006644196087342296,-0.0024645546579845096,-0.010575558558931499,4.64824914932251
1783350711.6951976,2026-07-06 17:11:51.695,5.0,1,-0.0378407635509111,-0.5033515018335546,0.32122551486686096,-0.001886036204608533,0.0016662147221959936,-2.3762821447208347,-0.3040393069131908,0.23711212153841854,0.16392774385593256,0.0013357278363891108,0.0031547768830376462,-0.008243084881607621,4.643716812133789
1783350711.7454317,2026-07-06 17:11:51.745,5.0,1,-0.03784279233625821,-0.50335668552229,0.3212262740054457,-0.0018847326244383355,0.0016988508792883516,-2.376267771014079,-0.34084648616273955,0.20850268789122023,0.2023089654082481,0.0013908803704880816,0.005935592292871866,-0.004566741657467033,4.648500442504883
1783350711.795597,2026-07-06 17:11:51.795,5.0,1,-0.03785390792534107,-0.5033586014873567,0.3212265564036296,-0.0018858229457759663,0.001666570256201117,-2.376302676238397,-0.08930644413087135,0.15785404250655571,0.390159411873103,0.004160039889503799,-0.0019750268933884665,-0.0015311354884715992,4.650514125823975
1783350711.8458316,2026-07-06 17:11:51.845,5.0,1,-0.03783657489675039,-0.5033549593033235,0.3212289041703486,-0.0018796894162396252,0.001673451383565943,-2.376255948993517,-0.3959660188837526,-0.12509741014910195,0.04545266146591782,-0.009324462545710066,0.008300293389305257,-0.006032335665423348,4.644219875335693
1783350711.8960834,2026-07-06 17:11:51.896,5.0,1,-0.037815673817826974,-0.5033422414983686,0.32123374730570275,-0.0019051004621624152,0.0016757405019298347,-2.376244364759717,0.17908427706737537,0.3394298919850871,0.26186924664510514,0.003838866955868449,-0.009349108223111878,0.0014516750091752558,4.646486282348633
1783350711.9463255,2026-07-06 17:11:51.946,5.0,1,-0.03784066775912686,-0.5033462429194695,0.3212280523109817,-0.0018875695975258556,0.0016884356633993975,-2.3762889567887617,0.16512050126147154,0.12249779346710056,0.12219750577695551,-0.0009495797462948246,-0.009877479707671883,-0.0034140538945036315,4.647493362426758
1783350711.9965618,2026-07-06 17:11:51.996,5.0,1,-0.037848058327551864,-0.5033548688163588,0.3212147367815663,-0.0018138081313780418,0.0017477846648220581,-2.3762939999088344,-0.15313657804195469,0.12941535561249717,0.16190082327625474,0.003333666453009791,-0.00308637407580376,-0.006370353565336732,4.654290676116943
1783350712.0467768,2026-07-06 17:11:52.046,5.0,1,-0.03782735089198373,-0.5033540020042425,0.32120995372306316,-0.001848843943075913,0.0017460491768735468,-2.376240682658116,-0.21050869613589998,-0.03523294090533652,0.11074285678617071,-0.0014873516171548236,0.0019750572398699122,0.002241405483313483,4.651018142700195
1783350712.0970428,2026-07-06 17:11:52.097,5.0,1,-0.037838407394175544,-0.5033497172734381,0.321215499356875,-0.0018452047642109517,0.0016751150312364434,-2.376273647286594,-0.513743649132484,-0.016629681963316264,0.1710847380376264,-0.002398395187278882,0.009148519855309595,-0.00919354370214479,4.644975662231445
1783350712.1472228,2026-07-06 17:11:52.147,5.0,1,-0.037832253699173535,-0.503353696223898,0.32123295924683043,-0.0018762921698932643,0.0016701988289718245,-2.376263229600043,0.12942947315591988,0.1585786069375521,0.21851004888690384,0.000649217979793785,-0.004859051478786642,-0.00024405823790838867,4.642709732055664
1783350712.1974108,2026-07-06 17:11:52.197,5.0,1,-0.037832369993457925,-0.5033480374833699,0.3212234551099928,-0.001835197492825691,0.0016865212571833862,-2.376267009640031,0.3258347235759634,0.2029901239269132,0.1449472058845506,0.0035464962029217503,-0.012268806374138535,-0.001117390660378707,4.643213748931885
1783350712.247668,2026-07-06 17:11:52.247,5.0,1,-0.03784471892780714,-0.5033581257365256,0.3212313854884232,-0.0018691176602805512,0.0016624559899426697,-2.376278728556951,0.16214031970322243,0.3581932178792954,0.19840784007163503,0.0080879567319375,-0.011948251430812852,-0.005659831379070545,4.649003982543945
1783350712.2979105,2026-07-06 17:11:52.297,5.0,1,-0.03783821488635177,-0.5033557831654186,0.32121779073286894,-0.001852889118015976,0.0017347201004754174,-2.376262883263009,0.08720859077082421,0.25034354320128605,0.08039654725969908,0.0058801614875820885,-0.008038165256016363,0.0005030537640143007,4.651772975921631
1783350712.348108,2026-07-06 17:11:52.348,5.0,1,-0.03783174384553677,-0.503359903155688,0.3212202592005081,-0.0018624594927368727,0.001723972182604223,-2.3762632500225678,-0.02276291549111952,0.07461737525898013,-0.007979001670933622,-0.000747949078241462,-0.0022580287214940776,-0.006805272589867088,4.653535842895508
1783350712.3982973,2026-07-06 17:11:52.398,5.0,1,-0.03782382505596219,-0.5033537743344021,0.3212211194620413,-0.0018539315820892172,0.0017024518673158771,-2.3762630949753953,0.09719482955649893,0.2575219073798266,0.18677593251157135,0.0036166967701154722,-0.009510423850102803,-0.0032445050423174516,4.64396858215332
1783350712.448482,2026-07-06 17:11:52.448,5.0,1,-0.03784837903421028,-0.5033507711046774,0.3212177757045574,-0.001833026180435269,0.0017260409783815204,-2.3762783616242342,-0.11397647959289452,0.30643514592442167,0.1549702284939244,0.007795545661473923,-0.004193517741117401,-0.004559560740391941,4.64396858215332
1783350712.4987175,2026-07-06 17:11:52.498,5.0,1,-0.03785117464608263,-0.5033571402392419,0.32122338071789375,-0.0018463603008668174,0.0017039948154077289,-2.3763093747369184,0.30786693878506893,0.4035213967295266,-0.034973754262926184,0.005582112416281402,-0.01069772429750244,0.0005777102561270719,4.650766849517822
1783350712.5489507,2026-07-06 17:11:52.548,5.0,1,-0.03785344653922052,-0.5033534236039099,0.3212320389044446,-0.0018816761407432763,0.0017023912987250275,-2.376297831604566,-0.22626453153804865,0.2087087653272119,0.07697187256094354,0.0030845257106497407,0.00048500634842033676,-0.009111788233413418,4.647493362426758
1783350712.5991893,2026-07-06 17:11:52.599,5.0,1,-0.0378329745532801,-0.5033571339447934,0.32122916248601024,-0.0018659999538285085,0.0016889481508055623,-2.376247508090538,-0.21154243708812662,-0.19425811590652414,0.13374527479870305,-0.004567810445021772,0.0015869040300545306,0.002427325939004745,4.644975662231445
1783350712.6493642,2026-07-06 17:11:52.649,5.0,1,-0.03783970279620065,-0.5033537097594908,0.3212058970350829,-0.001813186240681035,0.0017483292006323116,-2.3762785818971643,0.14570462131825654,0.4849050560119611,0.20591812869683737,0.010290859971561279,-0.006725247178370566,-0.006121379568014994,4.653535842895508
1783350712.6995447,2026-07-06 17:11:52.699,5.0,1,-0.037829391158950953,-0.5033507064927314,0.3212232564924637,-0.0018365504652366066,0.0017149750432643208,-2.3762716927469953,-0.23147364778908003,0.16789342272592486,0.06043181003341372,0.00434638692981174,-4.2549056467518977e-05,-0.006613197833558641,4.647493362426758
1783350712.7497046,2026-07-06 17:11:52.749,5.0,1,-0.037850891383587805,-0.5033503618093231,0.32121176286892,-0.0018050219388305773,0.0017205353564851654,-2.3762974073586434,-0.21121987256403477,0.11243122696139825,0.0984566269288207,-0.0002329231425953542,-2.094231265432681e-05,-0.007964324987039209,4.642709732055664
1783350712.7999196,2026-07-06 17:11:52.799,5.0,1,-0.0378213739234412,-0.50334817837932,0.32122586823558197,-0.0018719437082081447,0.0017132055228664689,-2.3762665636638323,0.3146875401900837,0.2544769805913446,0.20294483099409766,0.004605696652479439,-0.01189496507019659,0.0028810745392364345,4.643465042114258
1783350712.8501782,2026-07-06 17:11:52.850,5.0,1,-0.0378429652227701,-0.5033578144568145,0.3212209238776742,-0.0018693521061555758,0.0016850836937480154,-2.3762858603114405,-0.19217886726962133,0.18233674275625514,0.19377245723879627,0.0022005650345710386,0.0007220525174178479,-0.0059211413437309365,4.645731449127197
1783350712.9004226,2026-07-06 17:11:52.900,5.0,1,-0.037839495486438855,-0.5033529491154544,0.3212363728380154,-0.0019036968877408984,0.0016703810727184162,-2.3762820757008316,0.10980789759772695,0.39248624149301276,0.3485392202809142,0.008146337634706142,-0.006717281958412956,-0.00011880139751441543,4.650766849517822
1783350712.9506867,2026-07-06 17:11:52.950,5.0,1,-0.03784766750757177,-0.5033513437848293,0.32123044089014496,-0.0018579241716483188,0.0016609965733356909,-2.3763024281935863,-0.4238495094713394,0.24519023752962832,0.3050856047187657,0.003582350446945813,0.007159451644470752,-0.01054118008794568,4.6520256996154785
1783350713.0009189,2026-07-06 17:11:53.000,5.0,1,-0.037845020326934785,-0.5033513661476188,0.32123413193441286,-0.0018898944662416072,0.0016619732312894997,-2.3762747843239804,0.1577534013444047,0.29373432736384353,0.24392634548418993,0.005819905431791497,-0.009377492091491005,-0.0047244865551962405,4.646234512329102
1783350713.0511491,2026-07-06 17:11:53.051,5.0,1,-0.037825294666341616,-0.503354277153559,0.32121751304759605,-0.0018378828208348427,0.0017274467552183376,-2.376239385199261,0.06590980175961139,0.3691487763334743,0.22597042259368552,0.004474256913013964,-0.007024003440972069,0.0005885497011857122,4.643716812133789
1783350713.1013985,2026-07-06 17:11:53.101,5.0,1,-0.037823365820544325,-0.5033560561265219,0.3212140321160367,-0.0018227708091260403,0.0017304507649074585,-2.3762443868336334,-0.09108021709612354,0.14188684410846766,0.23575718611694235,0.0030824253738115062,-0.0007441840728760337,-0.0023128955453800026,4.655046463012695
1783350713.1516562,2026-07-06 17:11:53.151,5.0,1,-0.03785135511372433,-0.5033516485879891,0.3212286250606831,-0.001864111812822203,0.0016539713403914845,-2.3762935934779437,-0.5939369185993818,0.17024954113729848,0.27606857780307137,0.004013510588986636,0.010603287837829767,-0.011827934114103492,4.651018142700195
1783350713.2018905,2026-07-06 17:11:53.201,5.0,1,-0.03782674542233364,-0.5033509712846657,0.321229781305841,-0.0018493683601479311,0.0016777445363679506,-2.37625129672847,-0.17639338785484723,0.272520901413565,0.4235131503013138,0.0023305670829130527,0.00022132552607450075,-0.005787296848834578,4.642206192016602
1783350713.252134,2026-07-06 17:11:53.252,5.0,1,-0.037846379824733115,-0.5033487479023127,0.32123087441751536,-0.0018766042014019004,0.0016697883433944947,-2.3762782300433813,0.027283976083501096,0.2114736922529067,0.2656836891814492,0.0046298976867085425,-0.007058509012936889,-0.005420035588303482,4.64598274230957
1783350713.3023694,2026-07-06 17:11:53.302,5.0,1,-0.037837823929272076,-0.5033526273675473,0.32122247283171534,-0.001851797165280272,0.001674932773988666,-2.3762715369753056,-0.11892494190084982,0.25193418268164347,0.2148309878837668,0.006037524254593385,-0.0006930527744958987,-0.005874936525184703,4.64396858215332
1783350713.352624,2026-07-06 17:11:53.352,5.0,1,-0.03782578973868605,-0.503352829106193,0.3212171088052808,-0.001872719026407445,0.0017350692754823003,-2.3762716896428215,-0.37840704954321913,0.053486789265800784,0.2353121688508691,-0.0011068135255667022,0.001173687769292875,-0.002681287907435772,4.6520256996154785
1783350713.402859,2026-07-06 17:11:53.402,5.0,1,-0.03783639528502244,-0.5033542662371558,0.32123066170910625,-0.001870220003864738,0.001647086549772192,-2.376266657220518,-0.4512150750250965,0.06596352634293426,0.3315873842862392,-0.0002234887037727805,0.00618543112191255,-0.011294971139297701,4.653787612915039
1783350713.453108,2026-07-06 17:11:53.453,5.0,1,-0.03783062729222283,-0.5033567730473707,0.3212117298252897,-0.001852920224017707,0.00173459929808967,-2.376259402937389,-0.05522109688896832,0.15557336523950838,0.40015426550301403,0.0011863727312340679,0.0012902831677412243,-0.002314182656078338,4.646234512329102
1783350713.5033462,2026-07-06 17:11:53.503,5.0,1,-0.037845773139726285,-0.5033546830650218,0.3212261791800622,-0.0018891701633303257,0.0016938193342846636,-2.376274912812792,-0.2915360156285318,0.10246328857844798,0.1676957597422556,0.002148005216529766,0.0029308889666343294,-0.007967767082240614,4.64547872543335
1783350713.5535767,2026-07-06 17:11:53.553,5.0,1,-0.03783389872231047,-0.5033477605567331,0.3212110002410792,-0.001770364928509302,0.0017368412457137495,-2.3762670136390445,-0.26126091090639086,0.24903731413015867,0.016137461513572288,0.004878040245213227,0.0001160200545035772,-0.00933522060840309,4.653787612915039
1783350713.6038098,2026-07-06 17:11:53.603,5.0,1,-0.03785507375855335,-0.5033558901098143,0.32122703717320056,-0.0018548692367310268,0.0016715935554311471,-2.376298863575037,-0.055022608491374365,0.24479352323889547,0.1191886734113049,0.0037051454917945105,-0.0031072292373842355,-0.005148136090791258,4.646486282348633
1783350713.6540406,2026-07-06 17:11:53.654,5.0,1,-0.03781190321216633,-0.503353809738712,0.3212152585762204,-0.001856339431291251,0.0017535296075173144,-2.376228904933565,-0.03058317548077844,0.04420998838883747,0.26534799517099067,-0.004578160866742094,-0.002834009426574512,-0.009908837692382965,4.640192031860352
1783350713.7042737,2026-07-06 17:11:53.704,5.0,1,-0.03780951308012604,-0.5033499242237982,0.32122236033957835,-0.0018588045018930954,0.0017139168899551543,-2.3762094525879927,0.02193003903183106,0.12165213214191503,0.16930098970070434,-0.0002134290633708182,-0.002846626527750043,0.0007610402617616661,4.642206192016602
1783350713.7545369,2026-07-06 17:11:53.754,5.0,1,-0.037804348067085984,-0.5033492504636825,0.32120399221008117,-0.0018639000179814526,0.0017519152217711934,-2.3762369491473385,0.1413532198457311,0.20499236808042143,0.19970573192751664,0.0016496477852931306,-0.00784237336433105,0.003128748499666652,4.654794692993164
1783350713.804724,2026-07-06 17:11:53.804,5.0,1,-0.03784114715359993,-0.5033490145270063,0.32122311155065675,-0.001866204787039587,0.0017197095916094993,-2.3763047128786936,0.01601594805372009,0.19546376272996355,0.2446891701816176,0.003047357874543027,-0.004348172608871495,-0.005087159199731344,4.649759292602539
1783350713.854958,2026-07-06 17:11:53.854,5.0,1,-0.03785636690459536,-0.5033506801919041,0.32123366587666624,-0.00187410417298337,0.0016427483768395317,-2.3763044479232787,0.06768627162507516,0.24685307560853717,0.25788238589255413,0.008875763876313964,-0.008701802388467232,-0.0032862350085666606,4.644723892211914
1783350713.9051917,2026-07-06 17:11:53.905,5.0,1,-0.03783102767350976,-0.5033552415358634,0.3212247629021019,-0.0018700111833344648,0.0016772041439875331,-2.3762716721473462,-0.4421221072056445,-0.24817021393773617,0.24468432199367351,-0.006772258575794389,0.0063757892369997815,-0.012350863505383603,4.650262832641602
1783350713.9554257,2026-07-06 17:11:53.955,5.0,1,-0.03785205737079026,-0.503340910150097,0.3212331874877168,-0.0018611101064198215,0.0016573184485067385,-2.376287147722339,-0.3510792987229573,0.14571212754967264,0.06271173667039123,0.0027659430304724265,0.004508448508404865,-0.004490642298670406,4.6520256996154785
1783350714.0056767,2026-07-06 17:11:54.005,5.0,1,-0.03784233411704103,-0.5033546518619099,0.3212285216168094,-0.0018662927063110432,0.001681488216172449,-2.376297799344072,0.11503442618725777,-0.10668716357920911,0.11489406330132572,-0.006388055242738296,-0.009649272846881744,-0.00858999384273452,4.646737575531006
1783350714.0559063,2026-07-06 17:11:54.055,5.0,1,-0.03781949122051816,-0.5033602832314511,0.32123112238000695,-0.0019242570429535784,0.0016913254928141758,-2.3762444201439004,-0.553045516114767,0.006750228675819068,0.18056275996112825,-0.0007230627486010907,0.011469235272736921,8.851762886239184e-05,4.645731449127197
1783350714.1061041,2026-07-06 17:11:54.106,5.0,1,-0.03784102105154558,-0.5033514065101063,0.3212070392230449,-0.0018013852906363509,0.0017317113844432584,-2.3762785653080587,-0.06811711988387645,0.04911178733056195,0.14904588565776175,-0.003776669167848568,-0.002202914411640974,-0.003029407996032077,4.650766849517822
1783350714.1563501,2026-07-06 17:11:54.156,5.0,1,-0.037834145046842675,-0.5033490107712131,0.3212189216674467,-0.0018257663962980536,0.0017271051053685,-2.376285870059747,0.1448220366448709,0.12063117562651297,0.18622840592428053,0.0010108761990025956,-0.005977107774088451,-0.007910625622354294,4.651772975921631
1783350714.206609,2026-07-06 17:11:54.206,5.0,1,-0.03784258860819316,-0.5033567658862218,0.3212185690183561,-0.001860469512641176,0.0016950935414786537,-2.3762977793192266,-0.27477231694125853,0.17639699546126764,0.19060672988667102,0.0033042857649948905,0.002290878973681986,-0.004939573007476342,4.65001106262207
1783350714.2568414,2026-07-06 17:11:54.256,5.0,1,-0.03781808705817886,-0.5033553133732538,0.32123261087549904,-0.0018769899567662692,0.0016765312144103475,-2.3762356987236646,-0.30021515883044375,0.041703009301553684,0.46240018686418216,-0.002403843659267305,0.0043632779382051234,-0.0018316185536457023,4.6369194984436035
1783350714.3070745,2026-07-06 17:11:54.307,5.0,1,-0.03783990386988337,-0.503355644347213,0.3212117336790253,-0.001840930553830824,0.0017239833883196671,-2.37629050611582,0.016453878628581498,0.2522951227057755,0.28602675935174515,0.0019523648435242965,-0.004911516008127501,-0.0002953682395119754,4.648752212524414
1783350714.3573096,2026-07-06 17:11:54.357,5.0,1,-0.03782947384848089,-0.5033535757483392,0.321217298849079,-0.001851098202854763,0.0017367077147826548,-2.376259418157203,0.6654219709579497,0.06841522261754755,0.11059726556964333,-0.0011556709683492746,-0.0196072611916371,0.003017052509538861,4.649003982543945
1783350714.4075413,2026-07-06 17:11:54.407,5.0,1,-0.037845089891785096,-0.5033563290325777,0.3212184211712248,-0.001847477415381325,0.001672679870932524,-2.376297756909729,-0.38852748541287113,0.4339873005607063,0.153119813528834,0.011000016921605188,0.0038542118344769764,-0.006087940673482795,4.642457962036133
1783350714.457806,2026-07-06 17:11:54.457,5.0,1,-0.037830310088858746,-0.5033559058609667,0.32123072615270953,-0.0018948033916247038,0.0016875067195693814,-2.3762632421281853,-0.3826014922277991,-0.011910898827942678,0.2657930158993102,-0.002514933808286111,0.006557051698324789,-0.006421389936786585,4.64547872543335
1783350714.5080338,2026-07-06 17:11:54.508,5.0,1,-0.03784308659742291,-0.5033557556144023,0.3212258680878414,-0.001840652553898371,0.0016804797005626855,-2.3762747857155273,0.1890847611616955,0.2317545452815031,0.24267500902717176,0.005601363871076449,-0.012070684107693722,8.459233851005338e-05,4.65001106262207
1783350714.5581882,2026-07-06 17:11:54.558,5.0,1,-0.03782918157599581,-0.503350103917397,0.32121934553407594,-0.0018428758124089534,0.00170774800980697,-2.3762597467698616,-0.1387361174773733,0.18482645969327238,0.32970601279442935,0.0030061585053670534,0.0005139855940015523,-0.0030878439220069303,4.649507999420166
1783350714.6083782,2026-07-06 17:11:54.608,5.0,1,-0.03783575729320292,-0.5033502942025713,0.3212182997391514,-0.0018749429125052737,0.0017166715577134816,-2.376294321159788,-0.2724128391615493,-0.005867379046685844,0.18724697878202864,0.000968239616139316,0.0031200987159501377,-0.006045088840726677,4.652276992797852
1783350714.6586246,2026-07-06 17:11:54.658,5.0,1,-0.037832557039955056,-0.50335220231855,0.32121820203879725,-0.001858807335882136,0.0017280142169137141,-2.3762858739856854,-0.2510902184331692,-0.12273372479031851,0.1370244863506229,-0.004607234489460407,0.001484478422304737,0.00013729111904460365,4.646737575531006
1783350714.7088823,2026-07-06 17:11:54.708,5.0,1,-0.03783761733434024,-0.5033414785757132,0.32121688317506614,-0.001852537857434686,0.0016967190078060015,-2.3762781799390744,-0.1679726341796412,-0.17647892894332143,0.35982368860088687,-0.0069000185142470034,0.002231247483935313,0.005518054603336443,4.643213748931885
1783350714.7591166,2026-07-06 17:11:54.759,5.0,1,-0.0378371704951866,-0.5033478657169859,0.32121853880738593,-0.0018787649140499308,0.0017054052275567813,-2.376282025673653,-0.24657743122246772,0.182524990296171,0.19582909047090416,0.0036617152874127506,-4.129956399475516e-05,-0.006576030122941629,4.64396858215332
1783350714.8093278,2026-07-06 17:11:54.809,5.0,1,-0.037845133619249655,-0.5033502568658605,0.32123622087883064,-0.001892272191861005,0.00165217317484722,-2.376290515177512,-0.18839214211144006,0.14798720466135426,0.14490609995587037,0.0012577446960841004,-0.0005771484483032905,-0.004929988276042902,4.649507999420166
1783350714.8595667,2026-07-06 17:11:54.859,5.0,1,-0.03784730740712647,-0.5033477894420912,0.32122288219167505,-0.0018428826701839167,0.0017149555101083896,-2.376297435359886,-0.7402903315789773,0.43350062098965747,0.23650671294264208,0.012023557221463636,0.012463070352475368,-0.011520460561851253,4.644723892211914
1783350714.9098024,2026-07-06 17:11:54.909,5.0,1,-0.037849133249485314,-0.5033510863321436,0.32122123664404945,-0.0018788316928509995,0.0017282438819301038,-2.3763061505917054,-0.28952532417158594,-0.04683138264870122,-0.04709572783111008,-0.005491196891170513,0.0026880602034102283,-0.003029617381684449,4.640947341918945
1783350714.960042,2026-07-06 17:11:54.960,5.0,1,-0.03784058956656545,-0.50334873659933,0.3212134852862494,-0.0018128515551950654,0.0017114339889065938,-2.376274748217857,0.28952857068117066,-0.013459585402386096,0.22547043577371664,-0.004389165217467902,-0.010790828499551838,-0.004084801893238814,4.654290676116943
1783350715.0102694,2026-07-06 17:11:55.010,5.0,1,-0.037826318814947725,-0.50334852824735,0.32121765505006183,-0.0018431681061619521,0.001714501711688004,-2.3762405487451064,0.14967396464757954,0.17048739373276434,0.2620981203536846,0.004059620474461239,-0.007933262886851285,0.003591939217856668,4.642206192016602
1783350715.0604658,2026-07-06 17:11:55.060,5.0,1,-0.03785261912060572,-0.5033446751824424,0.3212209639033281,-0.0018780933914877979,0.00169905795428322,-2.3763093223668017,0.13448971268966867,0.20479492803093427,0.07468608824463897,0.0032825342765348143,-0.010820754112792513,-0.0001391186260021696,4.651772975921631
1783350715.110718,2026-07-06 17:11:55.110,5.0,1,-0.03784549766383656,-0.5033477240510207,0.32122757708254546,-0.0018597470256870464,0.001695958843482206,-2.3763058975517946,-0.6137568609013823,0.23771992597074684,0.19674564241591924,0.0050095768140607354,0.0064329960753858485,-0.009486268683755242,4.63817834854126
1783350715.1609561,2026-07-06 17:11:55.160,5.0,1,-0.03783778206040111,-0.5033510037783923,0.32122301475546905,-0.001889081002635906,0.0017009970073431698,-2.3763011210366134,-0.07210377136057346,-0.04265580357834367,-0.0038769217902789,-0.001629412123574904,-0.003113516113603382,-4.661013889589246e-05,4.643465042114258
1783350715.2111971,2026-07-06 17:11:55.211,5.0,1,-0.0378387491801851,-0.5033496070117291,0.3212136353721004,-0.0018523849672096597,0.0016969283677171303,-2.376278548097025,-0.01745375936459854,0.15010327450947658,0.19376328300610468,0.0026731751520985506,-0.002149257793990753,0.002703930235301767,4.64598274230957
1783350715.2614553,2026-07-06 17:11:55.261,5.0,1,-0.037837378308249695,-0.5033485868558519,0.3212165100793853,-0.0018182631316216082,0.0016986696875755066,-2.3762715276814546,0.13430913459500488,0.22680622198170458,0.06845709597016555,0.0063305296143260385,-0.007583876249485931,-0.001150034405259392,4.6354079246521
1783350715.3116498,2026-07-06 17:11:55.311,5.0,1,-0.03784643038553433,-0.5033552833225378,0.3212271311430833,-0.0018824497316019594,0.0016703436709577008,-2.376290512232269,-0.7077435617430268,-0.0022448868710963654,0.13992974295540492,-0.0008931559592946791,0.011015236926284042,-0.012488730211971206,4.644975662231445
1783350715.3618803,2026-07-06 17:11:55.361,5.0,1,-0.03783114419060659,-0.5033555923431585,0.32121507068027827,-0.001813112973897687,0.0017414006673362747,-2.37625978065324,0.3993070596150297,0.3279417885681344,0.11710174567618424,0.008553063126778651,-0.015817072500198003,-0.0002908897877716253,4.64824914932251
1783350715.412111,2026-07-06 17:11:55.412,5.0,1,-0.03783175245300031,-0.5033599134595775,0.3212186588638203,-0.0018714493951870732,0.0017137825704587337,-2.3762632329977786,-0.26851370973750754,-0.03784972039023188,0.14936708509815363,0.0015935627355316909,0.0013471534516361528,-0.006657037105117749,4.641450881958008
1783350715.462369,2026-07-06 17:11:55.462,5.0,1,-0.03783648149211468,-0.5033559095332797,0.321221350420728,-0.0018878101168699377,0.0016952794584276644,-2.3762593992829855,-0.33526716351947755,0.1366311561353065,0.26625437733978063,0.0023201145589755684,0.00391698594588247,-0.0037515287346103973,4.643716812133789
1783350715.5126297,2026-07-06 17:11:55.512,5.0,1,-0.03784076330406168,-0.5033566836884088,0.32123077159121494,-0.0018737120258953065,0.001680277793191737,-2.376278619325618,-0.32057619558213546,0.17188098228878698,0.28381121444548774,0.003215118362117326,0.0037022330556400894,-0.005893699537991435,4.64547872543335
1783350715.5628817,2026-07-06 17:11:55.562,5.0,1,-0.03781697906028229,-0.503350967014939,0.3212276494226195,-0.0018604432535764158,0.0016879826262811237,-2.376235559686328,0.20540959702445902,0.2668056039136025,0.3112359738516765,0.005050965976423566,-0.009420058189960168,-0.009165647486778516,4.650262832641602
1783350715.6130702,2026-07-06 17:11:55.613,5.0,1,-0.037850076156775096,-0.5033553067820179,0.3212312320122806,-0.001883743852309456,0.0016929010097554483,-2.376281849489416,-0.5929347218913018,0.07375067834788078,0.2760301301222435,0.004390847990097529,0.007556690423681901,-0.004932026020203027,4.645731449127197
1783350715.6633282,2026-07-06 17:11:55.663,5.0,1,-0.0378118000584789,-0.5033449305995197,0.3212231975307695,-0.0018521181135642602,0.0016903621306785922,-2.376244467269884,-0.14265866790666057,0.44395826434906854,0.2702787245834306,0.010703619191081601,-0.0020514219948143185,-0.0049328028503517534,4.647493362426758
1783350715.713541,2026-07-06 17:11:55.713,5.0,1,-0.03783706645702514,-0.5033539367751326,0.3212150049646912,-0.0018723840909506597,0.0017195551058209546,-2.3762943215646413,-0.12241741961433772,0.07500170489619568,0.39465908323694027,0.0008380791660204832,-0.0033488740915779505,-0.0023184275535036154,4.651772975921631
1783350715.76377,2026-07-06 17:11:55.763,5.0,1,-0.037832477069924146,-0.5033543032243387,0.32122955626180166,-0.0018818276745236789,0.0016639086827417763,-2.3762789465852077,0.030036316308055745,0.15367001736141356,0.18288519743292606,0.005184102765231362,-0.003535201109324065,-0.001839107650306673,4.651018142700195
1783350715.8139699,2026-07-06 17:11:55.813,5.0,1,-0.037852056687142074,-0.5033546008157402,0.32122855464519173,-0.0018791627298968452,0.0016669598003925294,-2.3763199587853263,0.005870851915705428,0.36604912790554306,0.16025458863418376,0.011265717214165081,-0.0038325826741866355,-0.0012576940529866272,4.642457962036133
1783350715.8643405,2026-07-06 17:11:55.864,5.0,1,-0.037841153351294766,-0.50334815842964,0.32121948468352285,-0.0018783767435120741,0.001712780750097583,-2.376286687519465,-0.26387778393920897,-0.022289848828067428,0.281921561690355,-0.0033156022119226994,0.0014543323831869986,-0.0034821045513401044,4.642206192016602
1783350715.9145036,2026-07-06 17:11:55.914,5.0,1,-0.037855636558174754,-0.503356702226136,0.32123241035312305,-0.0018978761200240113,0.0016700661169577508,-2.3763097305660175,-0.3377767193005484,-0.08858714046817687,0.28050043471886843,-0.0026367790998484196,0.0034570764599039802,-0.008779336339512486,4.645731449127197
1783350715.9647338,2026-07-06 17:11:55.964,5.0,1,-0.03783196540199046,-0.5033504507970495,0.32122264755831836,-0.001844906656301657,0.0016684041484390298,-2.376259722595159,0.06601651666995953,0.21642122281782278,0.11793857261473419,0.003501066155901161,-0.007802641310356625,0.0027228132013527267,4.65403938293457
1783350716.0149744,2026-07-06 17:11:56.014,5.0,1,-0.037835839162677444,-0.5033576934090078,0.3212177192483162,-0.0018347712490007983,0.001687016882602177,-2.3762632006166142,0.27334099995608857,0.11661913189991956,0.2296176074726627,0.0012161674463020509,-0.010835848072197386,-0.002759010908498846,4.64547872543335
1783350716.0652108,2026-07-06 17:11:56.065,5.0,1,-0.03782792372395133,-0.503355237842347,0.3212329483635289,-0.00191013287267266,0.0017001555989835245,-2.376267074496116,0.05854103806799722,0.09774865173881567,0.21404672148366263,-0.00202735183801897,-0.0015927356761771614,-0.0005927444945971618,4.644723892211914
1783350716.115457,2026-07-06 17:11:56.115,5.0,1,-0.037829616096227,-0.503357537603985,0.32122787548188136,-0.0018722350045891954,0.0017058564557820277,-2.3762597979827014,0.20213979411306132,0.18243906205947016,0.32316844526921656,0.0029074045803468905,-0.011218670734949015,0.0009951537798603615,4.652276992797852
1783350716.1657083,2026-07-06 17:11:56.165,5.0,1,-0.03783200666659941,-0.5033579748433449,0.32121015268458925,-0.0018205740083207772,0.0017329162636752764,-2.3762597590732937,-0.03445244047889833,0.30653989177559376,0.13559068061129448,0.00445811311119863,-0.00616671902213243,-0.006784929139907315,4.644472599029541
1783350716.2159216,2026-07-06 17:11:56.215,5.0,1,-0.037832202299310815,-0.5033574174032333,0.3212255695873607,-0.001851833026447297,0.001681881451393454,-2.376254998674624,0.30233781003867055,0.305689188943271,0.23956967416203262,0.005687142245080593,-0.009203800661178348,-0.00413488732991623,4.642709732055664
1783350716.266094,2026-07-06 17:11:56.266,5.0,1,-0.03783405343375994,-0.5033605020998432,0.3212345609636908,-0.0018953524547798617,0.00163283155381242,-2.3762559447892007,0.29907770548982465,0.3137734066418471,0.21540068597995196,0.007841910726229286,-0.0092174577133897,-0.0055030818381327,4.650262832641602
1783350716.3163352,2026-07-06 17:11:56.316,5.0,1,-0.03785803682760848,-0.5033535783931005,0.3212194967524029,-0.00184987516373309,0.0016999450144737488,-2.376325081800841,-0.046762253436921995,0.29243687559424236,-0.046273825215270736,0.004994111464663006,-0.0022468389746514686,-0.0015747325512632643,4.650262832641602
1783350716.3665266,2026-07-06 17:11:56.366,5.0,1,-0.037828878809342915,-0.5033568980184601,0.321226760433137,-0.0018822086752990107,0.0017017114688304834,-2.376275522268149,0.5004285496044104,0.2061317801338455,0.09482496927462407,0.0024598878215412816,-0.019079499907114904,-0.0035951548315835665,4.652276992797852
1783350716.4167597,2026-07-06 17:11:56.416,5.0,1,-0.037839920777529436,-0.5033505957112964,0.3212360156207164,-0.0018882095874612093,0.0016950125120085138,-2.3762855503695173,0.42992004635509057,0.20749828101463055,-0.06911741204634947,0.0024279599654438945,-0.01640819144988424,0.004426177530625593,4.64598274230957
1783350716.4669595,2026-07-06 17:11:56.466,5.0,1,-0.03783069970284752,-0.5033520102425937,0.3212362583097995,-0.0019113485331236468,0.0016688507503093732,-2.3762786114981735,0.3234884791220183,0.3342656902791229,0.06497345579329745,0.007905798880748376,-0.011338642098429297,0.0014896113575749103,4.647745132446289
1783350716.5171905,2026-07-06 17:11:56.517,5.0,1,-0.037839105150021014,-0.5033582480052251,0.3212180266779229,-0.0018714070852156148,0.0017138223212753035,-2.376278605303403,-0.40865757613047504,-0.09342326932104429,0.3377457710358143,-0.0037389776469538365,0.007235608186553552,-0.004980819077296838,4.649507999420166
1783350716.5674293,2026-07-06 17:11:56.567,5.0,1,-0.03784408799388594,-0.5033437675925171,0.32122815485459744,-0.0018884091887308295,0.0016635168085342952,-2.376309668479476,-0.1703002954056701,0.13602846393228402,0.17710681291414423,0.003078316140626825,0.0029569955652833093,0.0016387670171609339,4.650766849517822
1783350716.617679,2026-07-06 17:11:56.617,5.0,1,-0.03784772840758387,-0.503361678106107,0.32121455929170034,-0.0018333072658153569,0.001739635138494045,-2.3763024729109294,0.07736512973372317,0.27529882253751226,0.15144251157815114,0.0033027337699451545,-0.006987252922402161,0.0005371426967713591,4.65001106262207
1783350716.6678605,2026-07-06 17:11:56.667,5.0,1,-0.03783673051910235,-0.5033586895903633,0.3212124973909756,-0.0018355973046590768,0.0017542215457362915,-2.376258002438805,-0.16215685125640875,0.10969869665691688,0.19099953973849837,-0.0007336367071183824,0.0008008975522174693,-0.0034207276334324,4.643716812133789
1783350716.718012,2026-07-06 17:11:56.718,5.0,1,-0.03783264293580708,-0.503356197080638,0.3212253285181376,-0.0018665029837200452,0.001688333985455313,-2.376271331157482,-0.18104692686749502,-0.07766245353501454,0.12494111026991686,-0.0007254491337536536,-0.0009041907266466707,0.0012317915892860211,4.647745132446289
1783350716.7681324,2026-07-06 17:11:56.768,5.0,1,-0.03787470176840274,-0.5033557231305884,0.32122327457538413,-0.001852141448157364,0.0016974861104053147,-2.376343939056832,0.11065322376494933,0.08288941931178517,0.0639725655608546,-0.0025418754755022607,-0.00589303180127045,0.004569231289836624,4.651018142700195
1783350716.8182847,2026-07-06 17:11:56.818,5.0,1,-0.03784296672010056,-0.5033564110042498,0.32122594734929527,-0.0018629511167494266,0.001685234409103175,-2.376282062493005,-0.05446032922116406,0.22359879778503725,-0.14359101917195424,0.003168896208031224,-0.0022283351012825046,-0.004459871499286482,4.647996425628662
1783350716.8684711,2026-07-06 17:11:56.868,5.0,1,-0.03786115074075975,-0.5033440899667337,0.32122769621731884,-0.0018540568629892065,0.0016652849826990503,-2.376325411366085,-0.4136727620363722,-0.08404396068162236,-0.03786534267810006,-0.0028972830908071683,0.006016964640539879,-0.004118790694305427,4.642961025238037
1783350716.9186447,2026-07-06 17:11:56.918,5.0,1,-0.03781857554648147,-0.5033568335607168,0.3212256612577216,-0.0018693321904339074,0.0016851023683597736,-2.37623175043996,0.4606333511669807,0.22693937708760145,0.11014268415731057,0.0040714317966299655,-0.01507955693676605,0.005342112889778924,4.652528762817383
1783350716.9687965,2026-07-06 17:11:56.968,5.0,1,-0.03783490805455344,-0.5033515418007979,0.32123006368855916,-0.0018953801454940496,0.0016868140061366773,-2.376275148212621,0.36807316189144984,0.041010954032301636,-0.010365801984068041,-0.004120573686899369,-0.01409308117103395,0.003736516375343648,4.650514125823975
1783350717.0189059,2026-07-06 17:11:57.018,5.0,1,-0.037853084034343114,-0.5033511706330718,0.32123814965034425,-0.0019015406705547764,0.0016488898555510174,-2.3763029208966873,-0.25720370795919495,-0.0006401394830351687,0.07261799778730363,-0.002056330349091055,0.0029202711562106446,0.0031027598977225288,4.640443325042725
1783350717.0690446,2026-07-06 17:11:57.069,5.0,1,-0.037834892820834055,-0.5033525228610974,0.3212271803613082,-0.0018539134467714245,0.0017025747954257312,-2.3762858871964565,0.24903048974050807,0.34871928297603727,0.07358980954095992,0.0034820503982106593,-0.012065692767075663,-0.005791993991407725,4.640696048736572
1783350717.119196,2026-07-06 17:11:57.119,5.0,1,-0.037835225754178865,-0.5033584055753985,0.3212176988826682,-0.001853163312388789,0.001703338574142701,-2.3762785949386993,-0.5110943921843709,-0.20184168456006552,0.1222849098151275,-0.001918290579074872,0.005163794857089145,-0.0029832739726309,4.650262832641602
1783350717.1693568,2026-07-06 17:11:57.169,5.0,1,-0.03784050702323253,-0.5033573169317154,0.321223061546077,-0.0018857313904272837,0.0016734898257786642,-2.376275244489783,-0.32553110771497634,0.012552529288763931,0.26484874437471206,-0.0034760784763296837,0.003088181706545163,-0.0008047898353425876,4.647996425628662
1783350717.2194982,2026-07-06 17:11:57.219,5.0,1,-0.03783249664819606,-0.5033557874367018,0.3212256612577216,-0.001869305302679095,0.0016851451821350625,-2.376247486056971,-0.2874727891858991,-0.06275615375495992,0.14780058458190554,-0.0018629058782155634,0.002257201545028241,-0.010697114541050132,4.642206192016602
1783350717.2696207,2026-07-06 17:11:57.269,5.0,1,-0.03784038476852519,-0.5033497998295909,0.3212166339547254,-0.001855927231770559,0.001731229208459205,-2.376286938712279,-0.33121791503153614,0.22902150561368867,0.08354464067621299,0.003961737911270403,0.004088446811534986,-0.01162073286410667,4.645731449127197
1783350717.319769,2026-07-06 17:11:57.319,5.0,1,-0.03781808185964979,-0.503354419924082,0.3212112418459974,-0.0018391363484705527,0.0017259439093399798,-2.376249132491637,0.19824769937290593,0.2400546108005217,0.06117591046775001,0.0027280559687837694,-0.007450832169168843,0.0019644906207842753,4.64598274230957
1783350717.36992,2026-07-06 17:11:57.369,5.0,1,-0.03784290747851114,-0.5033504460770734,0.32121438290189624,-0.0018400152585018475,0.001718113974747116,-2.376314696488317,-0.21195764098699585,0.11824192999894388,0.26648227418393916,0.0007395654570226758,0.001471456241498171,-0.006127345535609409,4.643465042114258
1783350717.4200647,2026-07-06 17:11:57.420,5.0,1,-0.03784493065446038,-0.5033483083871291,0.32123122274881966,-0.0018760536249612823,0.0016635076379029616,-2.3762905022169694,-0.0228552867917258,-0.033855481764396816,0.2838422231284071,-0.003916184632191085,-0.003530298917513969,-0.0030142978982591463,4.654290676116943
1783350717.4702141,2026-07-06 17:11:57.470,5.0,1,-0.03784017142425677,-0.5033440839424385,0.32123455007143675,-0.0018581144476136596,0.001667875523559816,-2.376266308932951,-0.20277686065788156,0.23335676267208846,0.1206964602562291,0.004324911802973451,0.0020785379862438423,-0.004616762698515746,4.639437198638916
1783350717.5203698,2026-07-06 17:11:57.520,5.0,1,-0.03784654230761062,-0.5033506217851412,0.32123614258972794,-0.0019017013173935253,0.0016486734263600684,-2.3763097045944086,-0.39517527167113764,0.19669949615750257,0.14889787751444877,0.002233472713496035,0.0061386004277427485,-0.008240682404759177,4.648500442504883
1783350717.5705016,2026-07-06 17:11:57.570,5.0,1,-0.03784919168020151,-0.5033520301383914,0.321222074625841,-0.001841878761882967,0.0016861669556074259,-2.376297774075719,-0.42142453496520327,0.14989046642727283,0.21026489750502025,0.0010640506002696985,0.004419546259149285,-0.0037452781113672946,4.640947341918945
1783350717.6206243,2026-07-06 17:11:57.620,5.0,1,-0.037835209936086175,-0.5033487878587708,0.32122202424411744,-0.001866390440528553,0.00172638191557161,-2.376294341834881,-0.04075515493357605,0.01599009327065312,0.025158747586161698,-0.0017241354205425612,-0.0045086402052253215,-0.002508203493214137,4.642709732055664
1783350717.6707864,2026-07-06 17:11:57.670,5.0,1,-0.0378348365494538,-0.5033559048327018,0.32122532965032286,-0.0018629524739096986,0.0016852033062516173,-2.3762704935303605,-0.3736336490767328,0.1230682708165294,0.16447048142432422,0.0020267282338923957,0.0031708153868652516,-0.008115648360101861,4.650514125823975
1783350717.7209122,2026-07-06 17:11:57.720,5.0,1,-0.03782872089147004,-0.5033504378076707,0.32123787416451327,-0.0018833381800086209,0.0016694205937888246,-2.376275397332647,-0.259259536631592,-0.01947681292939007,0.324649239631817,0.0004710018764071631,0.0029172547122949034,-0.0028388776775686675,4.649759292602539
1783350717.771065,2026-07-06 17:11:57.771,5.0,1,-0.0378543046098828,-0.5033545685037175,0.3212253285181376,-0.0018664741266512025,0.0016883946612431164,-2.376306259458876,-0.2531269187578931,-0.12728267239184493,0.20887776786508902,-0.007971519497433856,0.001028327900379602,0.00013026265890656776,4.64598274230957
1783350717.8212056,2026-07-06 17:11:57.821,5.0,1,-0.0378281309109454,-0.5033549782292509,0.32122334811217557,-0.001877855797723545,0.0017065504891960494,-2.376259653187552,-0.22385474702510433,0.14951393499839413,0.221196333568776,-0.0005650802271174641,0.001318023687529816,-0.010475991374935033,4.641199111938477
1783350717.871332,2026-07-06 17:11:57.871,5.0,1,-0.03784187999547234,-0.5033544277504218,0.3212265130558453,-0.001888486482821869,0.0016874575412317335,-2.376285635243273,-0.2430254207206144,0.2343405553309355,0.29711756193387806,0.0026393326404265944,0.001882898566858585,-0.008951214388903797,4.647996425628662
1783350717.9214795,2026-07-06 17:11:57.921,5.0,1,-0.03783085522621721,-0.5033574140450398,0.3212057827872358,-0.001828713010249125,0.0017618976859860732,-2.3762632236478285,-0.3202828765486627,0.10417129140723859,0.18995572471672453,0.0002802131925153393,0.004602064694744447,-0.008647524517416627,4.649003982543945
1783350717.9715936,2026-07-06 17:11:57.971,5.0,1,-0.03785000508234268,-0.5033532940373403,0.3212287599084377,-0.0018553926320675719,0.0016410329266611965,-2.3762904866070604,-0.10835415986454319,-0.02898612960038864,0.10467354533795623,-0.00023888127131943963,-0.004308530427284527,-0.0010156229866085831,4.6469902992248535
1783350718.0217388,2026-07-06 17:11:58.021,5.0,1,-0.03781588814405766,-0.5033544937072749,0.32120954299304294,-0.0018197331065274562,0.0017409189991965698,-2.376216239685696,0.0280749302580853,0.21382228020922076,0.18663842998420194,0.0019604956718023603,-0.006729574593467899,-0.002987511328347491,4.63994026184082
