timestamp,datetime,weight_g,loaded,tcp_x,tcp_y,tcp_z,fx,fy,fz,tx,ty,tz,ai0
1783094239.8140197,2026-07-03 17:57:19.814,0.0,0,-0.03537364104070887,-0.49389583710112434,0.07509887769814715,0.038645738074416534,-0.313834493612219,0.0769365034651378,0.005172379963547167,-0.0012208769954883062,0.0002648810788493213,4.694828033447266
1783094239.8642554,2026-07-03 17:57:19.864,0.0,0,-0.035359487790965954,-0.49390555063595953,0.07511178593029116,-0.286588887661453,-0.000551233657171906,0.17125706148955505,-0.001439849758475897,-0.006057351861143333,-0.0024745916184613238,4.6970930099487305
1783094239.9143908,2026-07-03 17:57:19.914,0.0,0,-0.03537158602421239,-0.4939030859140309,0.07510293502746175,-0.2374455044227675,-0.18049486028008224,0.05449470604971441,-0.001323465908247255,-0.008183220658322311,-0.010421706405611844,4.6940717697143555
1783094239.9645295,2026-07-03 17:57:19.964,0.0,0,-0.03534899976154989,-0.49389947490252234,0.07510001663807303,0.14850245477972815,-0.14517959607806885,0.08252219082223021,-0.0009969703451663484,0.0047068653255962,-0.0036476295107899007,4.688533782958984
1783094240.0147173,2026-07-03 17:57:20.014,0.0,0,-0.035374204325356096,-0.4939153915234952,0.07511956399499753,-0.3562013138313887,-0.10080921430567732,0.09662020760610789,0.001247995094907622,-0.008016797790514719,-0.007289046432852833,4.690043926239014
1783094240.0649471,2026-07-03 17:57:20.064,0.0,0,-0.035340950426284934,-0.49389333173450106,0.07508880600192396,0.18904610120795043,0.1037076649406544,0.16517349530894498,-0.00665848540406966,0.006058298979050129,0.00017381164219456023,4.699358940124512
1783094240.1151767,2026-07-03 17:57:20.115,0.0,0,-0.0353529944450688,-0.49389994386799624,0.07510769475367975,-0.16425431522053202,-0.0993143338130901,0.1848606812509952,-0.0029833281640028824,-0.0012543295309469953,0.0015199648214414528,4.690546989440918
1783094240.1653626,2026-07-03 17:57:20.165,0.0,0,-0.03537243620135434,-0.4939073844553083,0.07510801275097292,0.027071032947500198,-0.030881581904446263,-0.03275731304576283,1.8830128964584618e-05,0.0010392748868747613,0.0033241153049145375,4.697848320007324
1783094240.2155573,2026-07-03 17:57:20.215,0.0,0,-0.03535438273129926,-0.4939093757974858,0.07511342379270718,-0.442777625857374,0.09003464005259786,0.10215700765510319,-0.007422826068991999,-0.009098749528215043,-0.010417127847011563,4.694828033447266
1783094240.2657838,2026-07-03 17:57:20.265,0.0,0,-0.03534840571454911,-0.4938964885281043,0.07509196437823322,-0.23999803574118594,-0.3578592627268541,0.011627556599584997,0.007456156645280471,-0.0027736641712617534,-0.005573352419576899,4.691051483154297
1783094240.3160331,2026-07-03 17:57:20.316,0.0,0,-0.0353478911262747,-0.49390272422073456,0.07511517632296971,-0.018283211315089583,-0.454489116672533,-0.01541438809652437,0.007253687172746079,-0.0010841082975246023,-0.004538624287353744,4.696338176727295
1783094240.3662584,2026-07-03 17:57:20.366,0.0,0,-0.03535841925911305,-0.4938987981292651,0.07510000243468676,0.08836344650287684,0.298248186966331,0.184227610371608,-0.010338155784965724,0.0024845054006755298,0.003962928235917118,4.696338176727295
1783094240.4164798,2026-07-03 17:57:20.416,0.0,0,-0.035362971919366624,-0.49388863349017387,0.07510157575831125,-0.01909564260964225,0.16686620598443275,0.0692161509122641,-0.009246847494171118,-0.0005573037463024355,-0.0034273940735947226,4.6890363693237305
1783094240.4667041,2026-07-03 17:57:20.466,0.0,0,-0.035355258462107256,-0.4939130363412745,0.0751089930368527,0.07561002701260236,-0.19779376724095474,-0.009363457411443923,-0.0004989845346889193,0.0024694162544695846,0.001922787863092069,4.690798759460449
1783094240.5169299,2026-07-03 17:57:20.516,0.0,0,-0.035359316251534705,-0.49389923791251555,0.07510886113269191,0.07634365400192808,0.09122620612217801,0.005233481246543911,-0.006617475359689988,0.0005973125180261196,-0.0005862333489435584,4.695330619812012
1783094240.5671556,2026-07-03 17:57:20.567,0.0,0,-0.035347459022526714,-0.4938995428831467,0.07510904116307529,0.017139303370207346,-0.03580325688629064,0.05309644448054351,-0.003367266096708918,0.0016814941382889395,0.001456679459710344,4.6840009689331055
1783094240.6174018,2026-07-03 17:57:20.617,0.0,0,-0.03534466767524535,-0.49390869750541955,0.07510473899703413,-0.09738140977000782,-0.3019192940820513,0.1827713509352844,0.002069769482090302,-0.0025730642985676826,-0.004596376294462565,4.688281059265137
1783094240.667628,2026-07-03 17:57:20.667,0.0,0,-0.03536343828296447,-0.49390665528764294,0.0751136930032101,0.2215469112676933,-0.46072099769549996,-0.06465954730293287,0.009731960550721,0.007123116965957314,-0.008133780021501879,4.696589469909668
1783094240.7178538,2026-07-03 17:57:20.717,0.0,0,-0.035363175258358,-0.4939067502739334,0.07511313783671032,0.3430969089421546,-0.04582675503839904,0.09472026298040548,-0.002793541972375315,0.011038886871289781,-0.0036485341198538184,4.695330619812012
1783094240.768079,2026-07-03 17:57:20.768,0.0,0,-0.03536275019222387,-0.49390105256803113,0.07509716098791992,-0.15849403600201895,-0.07779467652983645,0.11747412285212357,-0.004872558070872553,-0.005179031938299851,0.0003772182675421586,4.688281059265137
1783094240.8183038,2026-07-03 17:57:20.818,0.0,0,-0.03536819815784095,-0.49390800595331674,0.07511198103185485,-0.08874825240928733,-0.08633815798215577,0.04052514683343707,-0.0011429845321625832,-0.0030508771024329107,-0.002447872482426067,4.6920576095581055
1783094240.8685384,2026-07-03 17:57:20.868,0.0,0,-0.03537037380682112,-0.4938932036813671,0.07508483706148023,0.07631438388987787,-0.10375942682850846,-0.012977145382361933,-0.0017790021226444595,0.0029962006653076103,-0.0009894334359588429,4.6940717697143555
1783094240.9187744,2026-07-03 17:57:20.918,0.0,0,-0.035349356968326806,-0.49389150667191123,0.07509430393674202,-0.24919110295474942,0.36272405505664246,0.28314045985182906,-0.01491589475764061,-0.010734739936645449,-0.0086340370687702,4.696589469909668
1783094240.9690223,2026-07-03 17:57:20.969,0.0,0,-0.035343130991860316,-0.4939055033347535,0.07511198478813125,-0.0008375550964307109,-0.07125046168563084,0.12467287627949125,0.00015807551450584833,0.0006514888762321533,-0.005976013977421602,4.694323539733887
1783094241.0192468,2026-07-03 17:57:21.019,0.0,0,-0.035359730254827026,-0.49389363166026234,0.07509196491887028,-0.2385805713814839,0.16270666589240326,0.27937812298130815,-0.008246622282576962,-0.006038078756948027,-0.005578894987848781,4.686016082763672
1783094241.0694792,2026-07-03 17:57:21.069,0.0,0,-0.03536701490480502,-0.493907378204211,0.07511403421586045,-0.18381241388176398,0.20036467748403824,0.04239599108869295,-0.007594959142231638,-0.004786260065658731,-0.007824628640433536,4.691051483154297
1783094241.1197054,2026-07-03 17:57:21.119,0.0,0,-0.03535404050968615,-0.4939009389986861,0.07510976700452314,-0.3597333617579557,0.23273075543817073,0.007958674077308103,-0.012876749391511077,-0.009433646523244495,-0.0072648665324339485,4.695834159851074
1783094241.169932,2026-07-03 17:57:21.169,0.0,0,-0.03535000707110636,-0.4939092316987305,0.07510603707002754,0.15606686567408956,-0.016607528619116557,0.16325671247482484,-0.002966663678422096,0.004035888963835963,-0.001958849361452892,4.696338176727295
1783094241.22024,2026-07-03 17:57:21.220,0.0,0,-0.03535384227260219,-0.49390179187624306,0.07510175754012242,0.15337110203512852,0.026355212478005843,-0.10027937887470215,-0.004487388356522632,0.002919192764987447,-0.003711598006156044,4.695834159851074
1783094241.270467,2026-07-03 17:57:21.270,0.0,0,-0.03533602089421477,-0.49390249982731677,0.07510926182475212,0.08372283351016753,-0.22083034337453808,-0.08928600648291202,0.0022796661841217873,0.0017455755637246794,0.0009218916400298278,4.687274932861328
1783094241.3206947,2026-07-03 17:57:21.320,0.0,0,-0.03535641368663177,-0.49390234357414486,0.07511098765025472,-0.0739375663235462,0.27674483712644304,-0.004706869485864605,-0.010867101242090827,0.0014760816584013174,-0.0033318844959661117,4.70137357711792
1783094241.370928,2026-07-03 17:57:21.370,0.0,0,-0.03536363902052391,-0.49389598505660925,0.07509748904134132,-0.042281837538731895,0.1854469813602707,0.10105014621370445,-0.005429669992105159,-0.0010301528686548656,0.0016267391497414008,4.689539909362793
1783094241.421153,2026-07-03 17:57:21.421,0.0,0,-0.035362275956422363,-0.4939099412002599,0.0751060277419675,0.020061533651342948,-0.3339238969119376,0.04125330717105628,0.0044779324231015525,0.0013690112726774607,0.0022539322325493562,4.6920576095581055
1783094241.471397,2026-07-03 17:57:21.471,0.0,0,-0.035337961835069334,-0.4939120412209098,0.07511310582680403,0.3074971098456759,-0.28467399915379954,-0.36732384575441046,0.004081297746312766,0.006925152325479996,-0.0011322791484831543,4.694575309753418
1783094241.5216215,2026-07-03 17:57:21.521,0.0,0,-0.035358479160921615,-0.4938992761825305,0.07510060997466214,-0.23551493654300523,0.41326331019199997,-0.0806409540513815,-0.010246959197864168,-0.007110697555338576,-0.0021924774451458806,4.6920576095581055
1783094241.5718656,2026-07-03 17:57:21.571,0.0,0,-0.035360974662628844,-0.4938998536895219,0.07510775120623817,0.21501412491885896,-0.22358126060192834,-0.16267426694626,0.0008436164068424171,0.0038617673820044965,0.0061610263300078795,4.688281059265137
1783094241.622045,2026-07-03 17:57:21.622,0.0,0,-0.03535435320629887,-0.4939017751646686,0.0751051232589075,0.23043013043440003,-0.36896274813509294,-0.20614574021831383,0.003636626709139677,0.006095522277293755,0.001814207508507798,4.698351860046387
1783094241.6722639,2026-07-03 17:57:21.672,0.0,0,-0.03535577177917029,-0.49390761821506896,0.07512075063357379,0.19751703358484723,-0.2865506021617571,-0.1676202323089761,0.0009864611481447325,0.003945815770612332,-0.007711712313167095,4.694575309753418
1783094241.722487,2026-07-03 17:57:21.722,0.0,0,-0.03534546752651779,-0.493905861541272,0.0751040917603116,0.16533763596754864,-0.30317673645026194,-0.0370474592195252,0.0051169459797351215,0.0007626003674856203,0.0005750922327218945,4.693316459655762
1783094241.772675,2026-07-03 17:57:21.772,0.0,0,-0.035338308029852994,-0.4939028105216329,0.0751100473487501,0.023615130835525744,-0.05791937825549141,-0.13226082117374563,-0.0014065010790862151,-0.000989701711320696,-0.003108428909878286,4.692561626434326
1783094241.822906,2026-07-03 17:57:21.822,0.0,0,-0.03536571417034499,-0.49390276767861435,0.07510984023638474,0.05958585528218236,-0.009424044031273133,-0.13087155278936785,-0.005916865744442603,0.0028310764124046687,-0.00759591896049412,4.686016082763672
1783094241.8731165,2026-07-03 17:57:21.873,0.0,0,-0.03534845440731476,-0.4939004055255909,0.07510718651325804,0.14088068595553255,-0.2375124454847529,0.13041011187003723,0.0030409327458988285,0.0027817843938062305,-0.004995619977221405,4.6920576095581055
1783094241.9232886,2026-07-03 17:57:21.923,0.0,0,-0.03536341966205701,-0.49389263212046886,0.0750975238212431,-0.20808749579647923,-0.10575376024754797,0.011307507867597641,0.0003104888534823325,-0.004637202512191841,-0.006659695994566375,4.6981000900268555
1783094241.9735312,2026-07-03 17:57:21.973,0.0,0,-0.035363729614474586,-0.4939074585220214,0.07510633100371165,-0.08567699945032,0.2736330114383824,0.023995112759179666,-0.008092659302417033,-0.0025312086388909294,-0.0027963287738016628,4.689792633056641
1783094242.0236962,2026-07-03 17:57:22.023,0.0,0,-0.03535369183155981,-0.4939063731155561,0.07511105447615855,0.12232265918614396,-0.2309279037418486,-0.048498126969767894,0.002374088780761761,0.002283911903023682,-0.0016372936936139427,4.688281059265137
1783094242.0739331,2026-07-03 17:57:22.073,0.0,0,-0.03535550033051694,-0.49389994845588125,0.075108871012576,0.009593282958959833,-0.33752794447228474,0.08806645518632451,0.0039834265927032085,-0.000663130944923502,-0.0009851598881273865,4.6930646896362305
1783094242.1241388,2026-07-03 17:57:22.124,0.0,0,-0.035365190912774555,-0.49390435984508624,0.07511250449066326,0.026007648687736983,-0.10684004882185033,0.002991649619246001,0.0015635921823433584,0.0009981629419265118,-0.0024443220586819804,4.6981000900268555
1783094242.1743665,2026-07-03 17:57:22.174,0.0,0,-0.03537239856165134,-0.4939045317738136,0.07510326948417409,-0.4369691290027979,0.4772840071283091,0.27850899928308864,-0.011742002420869039,-0.010951542448911453,-0.009309108585502065,4.696338176727295
1783094242.2245944,2026-07-03 17:57:22.224,0.0,0,-0.03536770262851186,-0.49390827778291063,0.07512014972643659,-0.13354088328979877,-0.11455806393328796,0.2030080396601934,-0.0019224442005718646,-0.001275729358237682,-0.006298810917417553,4.696841239929199
1783094242.2748446,2026-07-03 17:57:22.274,0.0,0,-0.035357342570860664,-0.49390257246304725,0.07510249279731113,0.29789328710648577,-0.45786192411732995,-0.04715887280050929,0.008759980056473505,0.005943712397268473,-0.001642756911465637,4.6880292892456055
1783094242.325071,2026-07-03 17:57:22.325,0.0,0,-0.03536386689498531,-0.49390531829203055,0.07511832465612128,0.07990487542420252,-0.06981448217378292,0.0307834450905005,-0.005717278745377007,0.003372073862838694,-0.00729397248915436,4.688281059265137
1783094242.375314,2026-07-03 17:57:22.375,0.0,0,-0.03535793329546702,-0.4938908114770544,0.07509973990804612,0.027211710589727548,-0.28960079459942223,-0.22084914830042074,0.006817238866750347,-0.00043315699343326086,-0.001872634221126019,4.700869560241699
1783094242.4255333,2026-07-03 17:57:22.425,0.0,0,-0.03536625153290765,-0.4939079798097849,0.07511331027140097,-0.0658980521322554,-0.21047209604986516,-0.12983776030366875,0.0023172295835596586,-0.002039612371594057,0.0014182441165108144,4.696841239929199
1783094242.4757612,2026-07-03 17:57:22.475,0.0,0,-0.03536843793651434,-0.4938933791887712,0.07510334266261753,-0.3787234921345111,-0.05008359984278427,-0.01847605087308237,-0.0011140049459480834,-0.008535262961928879,-0.007726138700824897,4.689288139343262
1783094242.5260048,2026-07-03 17:57:22.526,0.0,0,-0.03535287652463453,-0.49389915600772355,0.07510820659286377,-0.12094424213585389,0.06428876814815493,0.26051657883097024,-0.0007446756886870616,-0.0032932100492139324,-0.003046227230654337,4.690043926239014
1783094242.5762265,2026-07-03 17:57:22.576,0.0,0,-0.03537015208230196,-0.4939034808511357,0.0751038002504256,-0.3752959694447539,-0.036715138860193355,0.15728528552967957,-0.002309849904912887,-0.009138747814173403,-0.001690692566417084,4.691805839538574
1783094242.6264427,2026-07-03 17:57:22.626,0.0,0,-0.03533703586178481,-0.4939055451568452,0.07510347429166425,-0.29031063082573877,-0.03667326564570862,0.09157135684959679,-0.001210547893818162,-0.0028264640350147644,-0.005370654861902546,4.695330619812012
1783094242.6766667,2026-07-03 17:57:22.676,0.0,0,-0.03534659899530681,-0.49389300623251864,0.07511086966238464,0.000994463321595585,0.24176991587395277,0.14776527570988085,-0.008014010862405177,0.0005611423093001004,-0.002156771790123591,4.688281059265137
1783094242.7268906,2026-07-03 17:57:22.726,0.0,0,-0.03534163711667203,-0.49389524259886486,0.07510310359057348,0.0585361107949995,-0.48774481528294605,0.09501924611740792,0.011590853686828165,0.003080653301426487,-0.0028076419316102447,4.689539909362793
1783094242.7771182,2026-07-03 17:57:22.777,0.0,0,-0.035342898374239935,-0.49390903022511307,0.07511923646112721,-0.1721587891985772,-0.03614352233231589,0.12878724495663396,-0.0029322528314127314,-0.0038002083719122785,-0.0021234559663814855,4.698604583740234
1783094412.4729562,2026-07-03 18:00:12.472,10.0,1,-0.03535447683385197,-0.4939048166233237,0.07510509837773857,-0.1388417679324626,-0.10721011072792913,-0.3492407895751959,0.0016310234292849647,-0.0020867946777778576,-0.012599859460388645,4.7142133712768555
1783094412.5231333,2026-07-03 18:00:12.523,10.0,1,-0.035359586914382804,-0.4939062301350281,0.0751037880944063,-0.12438991280045598,0.11900319579925937,-0.4194830493357312,-0.002700759331050111,0.0013748433212815898,-0.0133089794760696,4.715472221374512
1783094412.5732627,2026-07-03 18:00:12.573,10.0,1,-0.03536602432041903,-0.49389147051222126,0.07509707309857525,-0.20775001145475944,0.07359428649020033,-0.5915615801474144,-0.003550389065961091,-0.003031603489396082,-0.009010836987866722,4.715220928192139
1783094412.6234097,2026-07-03 18:00:12.623,10.0,1,-0.03535340952177096,-0.49390532428971645,0.07510460654850219,-0.027563426545661972,-0.10221323590891547,-0.5117459090524894,0.0023206912362240205,0.0010109376387382907,-0.004559785148987013,4.720759391784668
1783094412.6736014,2026-07-03 18:00:12.673,10.0,1,-0.03535839366483055,-0.49390336561033316,0.07510348787027596,-0.3759089476104487,-0.20097127012771987,-0.5031723393606481,0.001519208215936718,-0.005969583203938505,-0.00796627859171886,4.724535942077637
1783094412.7238505,2026-07-03 18:00:12.723,10.0,1,-0.03536015785147896,-0.49389364219555376,0.07509954694942919,-0.21544456643117665,-0.2794753924921391,-0.4728260048345512,0.0046572598853517645,0.0003267972934741794,-0.019686227379932426,4.712451934814453
1783094412.774026,2026-07-03 18:00:12.774,10.0,1,-0.03534603531890204,-0.4939028539985056,0.07510231688462898,-0.04924415278986458,0.10033131893457034,-0.5961640784279967,-0.006295951668994195,0.0027331824335884605,-0.005673301085774344,4.708422660827637
1783094412.8242195,2026-07-03 18:00:12.824,10.0,1,-0.035341544420792535,-0.4939004252001819,0.07509987625138306,0.3297610182780644,-0.22091727609890185,-0.7038182530073621,0.00456511813763275,0.011445747558173042,-0.0045261705870986504,4.715723991394043
1783094412.8743858,2026-07-03 18:00:12.874,10.0,1,-0.035358288682081074,-0.4938974066479077,0.07510573313292435,0.20846963865784549,-0.1400869350648428,-0.6144663503798313,0.0031167616174123582,0.00791532025181726,-0.00603655513432053,4.7242841720581055
1783094412.924618,2026-07-03 18:00:12.924,10.0,1,-0.03533650967121902,-0.49390930914081355,0.07511270965434177,-0.5982171683373495,0.1575903252582871,-0.5834307204237742,-0.005134218554773979,-0.009255292763410028,-0.013826476474820742,4.716731071472168
1783094412.9748533,2026-07-03 18:00:12.974,10.0,1,-0.03534746116530221,-0.4939018181048883,0.07511126226335127,-0.2717479829031715,-0.23272553533829082,-0.5693519968361066,0.004224003362379848,-0.004113587257345403,-0.007452062614587747,4.71144437789917
1783094413.0250192,2026-07-03 18:00:13.025,10.0,1,-0.03536321572798915,-0.49390473998777795,0.0751108264185049,-0.13080820369324767,0.36772209021491703,-0.4239581499667065,-0.008085938112532743,-0.0002307389075392411,-0.009728730216570622,4.717989921569824
1783094413.0752475,2026-07-03 18:00:13.075,10.0,1,-0.03536348595368825,-0.493900997521661,0.07510968563203702,-0.23752043263921907,0.1713423479042342,-0.36687564560210034,-0.006040865487878532,-0.002376686947788747,-0.008065045846412707,4.7182416915893555
1783094413.1254737,2026-07-03 18:00:13.125,10.0,1,-0.03536019366778512,-0.49390840063810937,0.07511523447982468,-0.3267675500145079,0.4047580513608172,-0.38075213204032143,-0.009246119959099153,-0.0027819092567654483,-0.008272241920655253,4.708422660827637
1783094413.1757135,2026-07-03 18:00:13.175,10.0,1,-0.0353448264287458,-0.49389780190387855,0.07509245189219149,-0.08168004574478216,0.1804961072257478,-0.35178337533026915,-0.007347147129762534,0.0006470803142871048,-0.0074430700749757465,4.712954521179199
1783094413.2258496,2026-07-03 18:00:13.225,10.0,1,-0.03536361082706151,-0.4938918563794524,0.07509395853392456,0.043002692646899675,0.10969663998575183,-0.3281083142786622,-0.0039397293574130465,0.0034535777772829535,-0.003773665856414995,4.713710784912109
1783094413.2760396,2026-07-03 18:00:13.276,10.0,1,-0.03535391060986362,-0.4939042645467661,0.07510514194208051,-0.22494736859466738,0.33671647490224693,-0.3613651226912788,-0.007428621862739931,-0.0016554853768526506,-0.009603789858497795,4.720759391784668
1783094413.3262599,2026-07-03 18:00:13.326,10.0,1,-0.03533566337277914,-0.493895433729677,0.07509519326315565,-0.2317731531330262,0.38522653534401935,-0.23153586451339594,-0.009295327520394863,-0.0014359647216066027,-0.0059591002145200425,4.716228485107422
1783094413.3764749,2026-07-03 18:00:13.376,10.0,1,-0.03537781605467654,-0.4939145071011734,0.07511944765442778,-0.34984661838930226,0.18285121596690518,-0.15609873510869496,-0.004893413160880301,-0.00342927392777795,-0.010321121964574227,4.721011161804199
1783094413.42669,2026-07-03 18:00:13.426,10.0,1,-0.035354469652206795,-0.49390730392326176,0.07511232874077156,-0.2660640791445155,0.19153508248856246,-0.19269962864164433,-0.005308388765125193,-0.0024518891222313605,-0.010137735557799898,4.715723991394043
1783094413.476851,2026-07-03 18:00:13.476,10.0,1,-0.035340567382025206,-0.4939077763181229,0.07510702286189898,-0.30376723730246774,0.21791830106766402,-0.11217581500879342,-0.006707528730917992,-0.005645477599294036,-0.008019811741894879,4.7081708908081055
1783094413.5269997,2026-07-03 18:00:13.527,10.0,1,-0.03536237512857124,-0.4938972188510266,0.07510567853743179,0.08045416313475195,-0.03743323852208212,-0.27141778690068974,-0.0008648440463347801,0.004346871939491395,-0.005238542276807208,4.716228485107422
1783094413.577132,2026-07-03 18:00:13.577,10.0,1,-0.03533917824537275,-0.4938993198663572,0.07509979040758225,-0.2590262159459698,0.02174910754193531,-0.4100802555796495,0.0011140287002319549,-0.001018389036040235,-0.013808788030160517,4.722522735595703
1783094413.627308,2026-07-03 18:00:13.627,10.0,1,-0.03535185510724296,-0.49390220981725463,0.07511011584039703,-0.45854344544679365,0.48526455503945953,-0.29319354441084317,-0.012762493364749918,-0.006645866501897358,-0.006528657558090482,4.718746185302734
1783094413.6775248,2026-07-03 18:00:13.677,10.0,1,-0.03535083623956805,-0.49391048781825425,0.07510709058854831,-0.3190391544977347,0.03445935673212454,-0.30234062566800507,3.983829512044572e-05,-0.004711888006265069,-0.003409197520715924,4.716228485107422
1783094413.7277482,2026-07-03 18:00:13.727,10.0,1,-0.035355418143044784,-0.4938894475286861,0.07509523275157731,-0.27381982367294744,0.05585186344793546,-0.25168160589062605,-0.0019574931225102565,-0.001992758504448993,-0.007316472812807231,4.717487335205078
1783094413.7780125,2026-07-03 18:00:13.778,10.0,1,-0.03535327968880442,-0.49390028710809264,0.07511053061151467,-0.3138580490192704,0.04482048642471653,-0.12801381310566673,-0.007719037145752601,-0.003550135519746098,-0.010395001817374317,4.7081708908081055
1783094413.8282382,2026-07-03 18:00:13.828,10.0,1,-0.035346984993528285,-0.4939063521928108,0.07510467636134466,-0.0679414349960241,0.34642302393914537,-0.2554099612181575,-0.012225759479214195,0.0011614485904609601,-0.010946655832218832,4.720507621765137
1783094413.8784895,2026-07-03 18:00:13.878,10.0,1,-0.035351641038450086,-0.4939106079799303,0.0751171080467401,-0.2514203433989553,0.38448082791262095,-0.14516293983210987,-0.010002836909277764,-0.0011170582885365026,-0.009896144641684089,4.7222700119018555
1783094413.9287107,2026-07-03 18:00:13.928,10.0,1,-0.03536587460905919,-0.49390692734215114,0.07510613558767634,-0.3093469302378911,0.42521065209957015,-0.2321489346507333,-0.013527431916695485,-0.0061542915174584495,-0.01225937576142518,4.720256328582764
1783094413.9789283,2026-07-03 18:00:13.978,10.0,1,-0.03535168493676778,-0.4938971218897314,0.07509873548929202,-0.215299381800876,0.21865213774047895,-0.3743712076541417,-0.006882385277952317,-0.00019632185101909117,-0.013262680504197136,4.7142133712768555
1783094414.029128,2026-07-03 18:00:14.029,10.0,1,-0.03536801989899113,-0.4939025759163603,0.0751093267902267,-0.3399597738340056,-0.09453739147471081,-0.3066713835269109,0.00126464254333202,-0.0036695895112410664,-0.009984413501002614,4.7121992111206055
1783094414.079315,2026-07-03 18:00:14.079,10.0,1,-0.03535229480754955,-0.49390129355219103,0.07510337728625441,-0.2225441412414248,-0.20391697704629672,-0.3006825237691091,0.005599671378270084,0.0018450731342314782,-0.0057049274663499025,4.715975761413574
1783094414.1295106,2026-07-03 18:00:14.129,10.0,1,-0.03536283155345684,-0.4939010062150568,0.0751077333037058,-0.33634252288707356,0.1021665311929877,-0.3365143959534341,-0.002858034830994263,-0.006543914115203385,-0.01130394798656728,4.7242841720581055
1783094414.1797302,2026-07-03 18:00:14.179,10.0,1,-0.03535251594010431,-0.49389732446496,0.07509447055170618,-0.15261831110197996,0.35933132653798977,-0.4789349574801434,-0.010409169158612614,-0.0011999427360405701,-0.009270916665951734,4.716479778289795
1783094414.2298877,2026-07-03 18:00:14.229,10.0,1,-0.03534913163271839,-0.49389899288599437,0.07510155405417018,-0.45421404371322327,-0.0884983839444017,-0.20940418286053053,-0.0028698200958126884,-0.006914381412465522,-0.015573730533103817,4.723528861999512
1783094414.2800505,2026-07-03 18:00:14.280,10.0,1,-0.03535153801811332,-0.49390275161696895,0.07510996803880791,-0.3904345382880017,0.24597165644604704,-0.26689395025057183,-0.0034024044882011903,-0.004232382971335518,-0.005980345370637023,4.7182416915893555
1783094414.3302748,2026-07-03 18:00:14.330,10.0,1,-0.03533422133803595,-0.49391399847586714,0.07511480750414753,-0.37746063352930664,-0.3014946569732767,-0.11752444161885865,0.00916600358716713,-0.0063147094080234015,-0.010919055925087174,4.711193084716797
1783094414.380494,2026-07-03 18:00:14.380,10.0,1,-0.03536217508432551,-0.4938973060418958,0.07510769718288804,-0.2251645155461714,0.32567210614541764,-0.4081756496206858,-0.007716069924187117,-0.000909404756036282,-0.01090336210429643,4.710688591003418
1783094414.4307299,2026-07-03 18:00:14.430,10.0,1,-0.03536016996539026,-0.49389677654030933,0.07509447055170618,0.04261909701652834,0.44692434178456425,-0.6361715678540139,-0.009767414341764518,0.0031060176848384767,0.0006028208500700323,4.718997478485107
1783094414.4809756,2026-07-03 18:00:14.480,10.0,1,-0.03537745900219906,-0.4939017924854552,0.0751013533582484,-0.10263730395265457,-0.18682487270567766,-0.4850263193360423,0.0012095566998273927,0.0057433433863340174,-0.00802620305295081,4.720256328582764
1783094414.531112,2026-07-03 18:00:14.531,10.0,1,-0.03535419995598024,-0.4939028494054004,0.07510460057562639,-0.20211266897217767,-0.0324571946848042,-0.17750223566023518,0.0011758078610252974,-0.0016849550746114213,0.0007302467155879883,4.708675384521484
1783094414.5812483,2026-07-03 18:00:14.581,10.0,1,-0.035355869172735054,-0.4939065818470632,0.07511193866036323,0.07919234001452595,-0.1257184274050537,-0.35739807467122914,0.003384471636887927,0.005905440579657128,-0.000988063873982263,4.712954521179199
1783094414.6314762,2026-07-03 18:00:14.631,10.0,1,-0.035355539838329036,-0.493907773859073,0.0751072535441673,0.08925479499957878,0.10383048149987041,-0.5423675982310091,-0.005191307145287902,0.003503643111086474,-0.003955985600129453,4.716479778289795
1783094414.681649,2026-07-03 18:00:14.681,10.0,1,-0.03536352510516612,-0.4939030306065647,0.07510666470552549,-0.3033347455593267,0.6103175976134458,-0.36084795102310496,-0.01398718714866982,-0.003871034553219521,-0.004638258074459123,4.711193084716797
1783094414.7318296,2026-07-03 18:00:14.731,10.0,1,-0.03535478284214211,-0.4938979637668096,0.0751060590913285,-0.09240894065310978,-0.14001776209845193,-0.32379762962324443,0.003159719104232463,-0.0019090227754896428,-0.0068799403167176644,4.713710784912109
1783094414.782033,2026-07-03 18:00:14.782,10.0,1,-0.035362116102732495,-0.49390799703372584,0.07511942195721638,-0.18024565782994662,-0.12805410155753855,-0.4050940394669238,-6.514077513762141e-05,-0.00036328560672668894,-0.007301738293614172,4.72151517868042
1783094414.8322515,2026-07-03 18:00:14.832,10.0,1,-0.03534865979339671,-0.49389981879651224,0.07510017931370973,-0.17424460493962532,0.0918251734778677,-0.4143761101634827,-0.0032739462160482203,-0.001234025072872257,-0.0137087904931432,4.720005035400391
1783094414.8824666,2026-07-03 18:00:14.882,10.0,1,-0.035350517807007195,-0.49390267534651466,0.07511215141808808,-0.49644176432809717,0.566326230965607,-0.5299786040216531,-0.012098891110698222,-0.008202970902219012,-0.012046098701749636,4.715472221374512
1783094414.9327276,2026-07-03 18:00:14.932,10.0,1,-0.035346416156677454,-0.4938964681273526,0.07509151947501312,-0.07862807791896574,0.3216594699738106,-0.6370555272743412,-0.00792531371567291,0.0019734183447419856,-0.0006748611813594357,4.715220928192139
1783094414.9829686,2026-07-03 18:00:14.982,10.0,1,-0.03535698306327962,-0.49390034629194435,0.07510793962168894,0.12222962527229009,-0.17373065362458012,-0.5638111321051033,0.004854484532699886,0.006800578854399017,-0.00809535588529514,4.7222700119018555
1783094415.0331635,2026-07-03 18:00:15.033,10.0,1,-0.03535981719716106,-0.4939012023194187,0.07511466400485864,0.17078579221578843,-0.25055592528794945,-0.5269187383811449,0.0060415980522118985,0.008676495766989142,-0.004346321257823965,4.713710784912109
1783094415.0833828,2026-07-03 18:00:15.083,10.0,1,-0.03534061785983611,-0.4939032966982271,0.07510535184154415,0.015024280605580902,0.13636699062630073,-0.5967119502112553,-0.005058625989133851,0.0029500786957894834,-0.011774136518675178,4.710436820983887
1783094415.1336007,2026-07-03 18:00:15.133,10.0,1,-0.035349878196596476,-0.49390662556284354,0.07510664728252812,-0.11927377059880137,0.12335174293236936,-0.5433699840609842,-0.005070295432526419,-0.00010752422210498417,-0.005473279323418096,4.706912040710449
1783094415.1838439,2026-07-03 18:00:15.183,10.0,1,-0.03537883934909561,-0.4939066303662876,0.07511544291562772,-0.04042813277996171,0.14839839267796828,-0.6434615706977883,-0.006596583648321928,0.0023638103359584182,-0.006171960629140338,4.716228485107422
1783094415.2340155,2026-07-03 18:00:15.234,10.0,1,-0.03534464770260254,-0.49390236344126087,0.07510868310160494,-0.33125167644880626,0.12358245717564337,-0.4088069691538664,-0.000523929509860619,-0.005714946737307525,-0.01255612997878512,4.725543022155762
1783094415.2842033,2026-07-03 18:00:15.284,10.0,1,-0.03534602579045322,-0.4939068133830105,0.07511255724211736,0.05328333350227586,0.062002153125464955,-0.49536291725870757,-0.0057186646608721305,0.005928534445326212,-0.00758277384641541,4.720005035400391
1783094415.3344276,2026-07-03 18:00:15.334,10.0,1,-0.03535781613238644,-0.4939011612304834,0.0751052116917989,-0.044163529722471506,-0.15593389430757595,-0.4880275061314871,0.005722137177276466,0.0038004416798618702,-0.002533408451256044,4.706157684326172
1783094415.3846476,2026-07-03 18:00:15.384,10.0,1,-0.03535810177503567,-0.4938976964013787,0.07510531783287115,0.08772785092103608,0.10435617408101712,-0.5141374794821166,-0.004272688855858703,0.007639237074239744,-0.003849758039249697,4.717738628387451
1783094415.4348485,2026-07-03 18:00:15.434,10.0,1,-0.03534512697035223,-0.4938986548698834,0.0751060590913285,0.023110355205840455,0.08692152283008035,-0.46919229666550505,-0.005902676351606103,0.00506122879026459,-0.00769968666893136,4.720507621765137
1783094415.485089,2026-07-03 18:00:15.485,10.0,1,-0.035355353783108896,-0.49390016958742045,0.07510299221277765,-0.018124161858648753,0.28914823649394733,-0.6142002215414499,-0.009598697696520836,0.004019580760862222,-0.006999415764092492,4.720507621765137
1783094415.5353155,2026-07-03 18:00:15.535,10.0,1,-0.03535628634242356,-0.49390269786914276,0.07511065768581963,-0.018661854953225917,-0.051333812313794684,-0.4774818060480979,0.0038450578077112107,0.004824282212008709,-0.002664778593672104,4.7132062911987305
1783094415.5855925,2026-07-03 18:00:15.585,10.0,1,-0.03535811546850987,-0.49389469422912613,0.07510564280723925,-0.2970223015201655,0.24840482895114907,-0.5669642163603913,-0.0061776369066659205,-0.0016260175988480087,-0.0062651882887337475,4.711695671081543
1783094415.6358254,2026-07-03 18:00:15.635,10.0,1,-0.03534688054332694,-0.493893275893662,0.0750957999038579,-0.07651670468297314,-0.13006035093040705,-0.4767651028595325,0.0060087893159177725,0.0026512492712486586,-0.006008657727839897,4.7121992111206055
1783094415.6860447,2026-07-03 18:00:15.686,10.0,1,-0.035352827238536055,-0.4938981900700011,0.07510154189042396,-0.233274592841882,0.5139738488806693,-0.5036722707185628,-0.013527191754074179,-0.002079784332793764,-0.00892132615725188,4.717738628387451
1783094415.736269,2026-07-03 18:00:15.736,10.0,1,-0.03535667365627625,-0.49390738009341534,0.0751144104351037,-0.18661837087824748,0.4910917366740889,-0.5269328629318903,-0.009040837988711593,0.0015257790498327825,-0.007139596904496676,4.716228485107422
1783094415.7864878,2026-07-03 18:00:15.786,10.0,1,-0.03534934275887938,-0.49389938820515084,0.07510462490910426,0.04814847219892833,0.03247024229267377,-0.6168162762034427,-0.004168622444505708,0.006942675256438842,-0.0011446121861662375,4.716982841491699
1783094415.8367083,2026-07-03 18:00:15.836,10.0,1,-0.03535353944181556,-0.4939016700967514,0.0751002551241256,-0.33281592013843014,0.3291005101446475,-0.44004091024326425,-0.005585440375277907,-0.0036424629029547404,-0.002699343436504367,4.726550579071045
1783094415.886942,2026-07-03 18:00:15.886,10.0,1,-0.03535399382301573,-0.4938970399221243,0.07511165488140756,-0.10863593567334837,0.12967274808132298,-0.26058874145750727,-0.0034356357290897597,0.0011578607861816622,-0.008484744677855916,4.712703227996826
1783094415.9371686,2026-07-03 18:00:15.937,10.0,1,-0.035342740945934585,-0.4939099167036343,0.07510723174986182,-0.27162161841686217,-0.0058963869461817996,-0.4421557845800409,0.001733440448073849,-0.002669559930436073,-0.007469485245062194,4.713710784912109
1783094415.9873838,2026-07-03 18:00:15.987,10.0,1,-0.03535092908783408,-0.4939056295862856,0.07511889705830704,-0.22186211711412793,0.06165378954510363,-0.4669673599582265,-0.0035411353562592542,-0.0016505156188151124,-0.005018440922361493,4.715975761413574
1783094416.0376022,2026-07-03 18:00:16.037,10.0,1,-0.03535647042441041,-0.493902786570057,0.07510575610004348,-0.2607216870895358,0.4010578179407505,-0.433497870100979,-0.012222185701893228,-0.0020624516080995805,-0.00986500105972557,4.720005035400391
1783094416.0878417,2026-07-03 18:00:16.087,10.0,1,-0.035343877194596654,-0.49390730742243194,0.07511250798104235,-0.11065958585215066,-0.009401934169364027,-0.6335480096913862,-0.0022557155542205845,-0.0011789673861571665,-0.006183575384776628,4.715975761413574
1783094416.138083,2026-07-03 18:00:16.138,10.0,1,-0.03534528085006078,-0.4938990686107675,0.07509978082928746,-0.060262784570864064,0.035411342965978046,-0.39791647779155503,-0.001943023669836805,0.0006259213786731195,-0.0034339327956440925,4.720507621765137
1783094416.1883097,2026-07-03 18:00:16.188,10.0,1,-0.03536677558562194,-0.49391000335933255,0.07510962240760759,0.11631125472546573,0.3514809106711074,-0.3649040477398701,-0.010810046162453662,0.009564072514561772,-0.0025653093518391693,4.714969635009766
1783094416.2385345,2026-07-03 18:00:16.238,10.0,1,-0.03535782002670097,-0.49390261981937345,0.07510263593078328,-0.15688436178789283,0.2178272596844891,-0.5165445223329689,-0.007489626741216984,-0.001842522477162616,-0.002474181787117763,4.710940361022949
1783094416.2887585,2026-07-03 18:00:16.288,10.0,1,-0.03533379445463419,-0.49389888256762005,0.07510070636623377,-0.16104693787224472,0.06971324592823137,-0.6506406370685347,-0.0032241623848136966,0.0018168915130197742,-0.0056176350977961,4.722018241882324
1783094416.33897,2026-07-03 18:00:16.338,10.0,1,-0.03535824108833706,-0.4938992328456594,0.07510233762259451,-0.19922210262816878,0.06806187584116691,-0.5485627976954954,-0.0032233307604900775,-0.0017715515805742615,-0.005938560519523657,4.7232770919799805
1783094416.389194,2026-07-03 18:00:16.389,10.0,1,-0.035363845393115316,-0.4939078023666322,0.07510824617146711,-0.2518456338197702,0.130933472441887,-0.49983426209294357,-0.0035652062921123625,-0.0008580483580322216,-0.0057579356544271015,4.722522735595703
1783094416.4394631,2026-07-03 18:00:16.439,10.0,1,-0.035362869048369,-0.49389792402177973,0.07509946440004261,-0.23117531779889378,0.17102762552784703,-0.44122935981971934,-0.001964461375823937,-0.001350534590601268,-0.006283891082908271,4.720256328582764
1783094416.4897046,2026-07-03 18:00:16.489,10.0,1,-0.0353530372236326,-0.4939054248401698,0.07510689267767852,0.0325542827346115,0.22324043611346808,-0.49899762450235813,-0.006193434416688359,0.0017610699725968293,0.000414789685829178,4.720005035400391
1783094416.5398817,2026-07-03 18:00:16.539,10.0,1,-0.03535815061281984,-0.4939191972358133,0.07512189298006142,0.06666815443740692,0.06640402283838788,-0.4415719925500006,-0.0024877650795661083,0.004601132708412256,0.002370212976971147,4.715723991394043
1783094416.5901043,2026-07-03 18:00:16.590,10.0,1,-0.035357873621962445,-0.49391019815607073,0.075107581579533,-0.3126432487246078,0.5601714086700619,-0.40780473242269455,-0.014180601542615892,-0.006727828502908715,-0.005476755873144878,4.711193084716797
1783094416.6402738,2026-07-03 18:00:16.640,10.0,1,-0.03535409342672532,-0.4939083136268616,0.07510702273318173,-0.09973250503821679,-0.0011989380202940031,-0.4979775251458595,0.0016720651082790894,0.002535005168340941,-0.0030071620234870975,4.709681510925293
1783094416.6904523,2026-07-03 18:00:16.690,10.0,1,-0.03533487752845972,-0.4939112450199969,0.07510683880377791,-0.18878292234636643,0.3348180126432295,-0.67131859479041,-0.008313089527265801,-0.001648125077107363,-0.007913784165550209,4.717738628387451
1783094416.7406516,2026-07-03 18:00:16.740,10.0,1,-0.03533665381546668,-0.4939095132487509,0.07511909598455763,-0.28918339036811996,0.1591284379878358,-0.647728203796112,-0.00013036754977087075,-0.0032318479268064783,-0.008338179880887435,4.719752311706543
1783094416.790877,2026-07-03 18:00:16.790,10.0,1,-0.03536477649005517,-0.4939066001894243,0.07511195348877311,0.2117902704160295,0.014002216997160222,-0.588118898217894,-0.0034991199034804204,0.00819354166737259,-0.0009398585254116153,4.723025321960449
1783094416.841119,2026-07-03 18:00:16.841,10.0,1,-0.03534750432407715,-0.4938938863635134,0.0750979181091203,0.08795017663214771,0.1946189668464329,-0.4344859022805345,-0.006400125861705776,0.004397306655659996,-0.008622345875454589,4.714465141296387
1783094416.8913407,2026-07-03 18:00:16.891,10.0,1,-0.03535631822216144,-0.4938856923843256,0.07509483702141774,0.05673420359452867,-0.22718992651911468,-0.3913010681617226,0.0009536484874759824,0.005853411100041102,-0.0054723245200249,4.7142133712768555
1783094416.9415195,2026-07-03 18:00:16.941,10.0,1,-0.03534821478190394,-0.4939141440990804,0.07511737558613212,0.014181543885477692,0.009704951277596068,-0.5076369744206689,0.0030347818565355103,0.0031687865656410534,0.002574475384736148,4.713962078094482
1783094416.991743,2026-07-03 18:00:16.991,10.0,1,-0.03534538835586701,-0.4939019806182367,0.075102091544791,-0.10128134042052805,0.23959662530995343,-0.4436049095024391,-0.006475599524052751,-0.0013128065370522331,-0.006015417627893477,4.7142133712768555
1783094417.0419848,2026-07-03 18:00:17.041,10.0,1,-0.0353332921389928,-0.4939148220629504,0.07511150032357584,-0.18334088967676251,0.08860498194591007,-0.32406645917103294,-0.002156091996243798,-0.002487050240771677,-0.004635520703647115,4.718746185302734
1783094417.092191,2026-07-03 18:00:17.092,10.0,1,-0.03538094158902617,-0.49390729788592885,0.07511196217972603,-0.12814331522766023,-0.15563875075597686,-0.6618286340275013,0.0019228045925230883,-0.0005837351129773772,-0.008261870761480127,4.7172346115112305
1783094417.1424026,2026-07-03 18:00:17.142,10.0,1,-0.0353631784301943,-0.49390722057146286,0.07511405271255148,0.09941498765137487,-0.34542678416626404,-0.4798390499276952,0.006835764831894532,0.0038954242028636787,-0.011949439401359558,4.712451934814453
1783094417.1926262,2026-07-03 18:00:17.192,10.0,1,-0.03535265504786092,-0.4938985384571438,0.07510778036346771,0.14474534760633564,-0.27638559373990795,-0.4570551984451588,0.006007113165550039,0.005838060869706025,-0.009383364674770144,4.71144437789917
1783094417.2428358,2026-07-03 18:00:17.242,10.0,1,-0.035364461902228354,-0.49390820571944044,0.07511484050168256,0.06270811603144008,0.11436080378664125,-0.5365526815554725,-0.002867829736628361,0.005529262942888285,-0.006588432239761903,4.706408977508545
1783094417.293064,2026-07-03 18:00:17.293,10.0,1,-0.035365936817804325,-0.49390250830930293,0.0751016982221621,-0.01201715513452253,0.30811390032224595,-0.44349458816478754,-0.011363250503085842,0.003690662928652077,0.0011891232859632859,4.715975761413574
1783094417.3432837,2026-07-03 18:00:17.343,10.0,1,-0.03534077818282452,-0.4938941455913059,0.07508932999265441,0.09221740240496548,-0.23025271916589019,-0.5075822084281908,0.0003180521428762641,0.005582925420187911,-0.002180660363676023,4.7232770919799805
1783094417.3935058,2026-07-03 18:00:17.393,10.0,1,-0.03535499107206935,-0.4939062102150702,0.07511064024076956,-0.41090946110970894,0.17630331054180226,-0.4730706182748702,-0.0035466722430287814,-0.006621029716542748,-0.010477203874982783,4.712451934814453
1783094417.443727,2026-07-03 18:00:17.443,10.0,1,-0.03534680561205261,-0.49390301596786573,0.07510884954569264,0.11398891677573433,0.1631711585289068,-0.5267581790452784,-0.005443916033495057,0.007376539878166974,-0.001575295661521039,4.726801872253418
1783094417.4939976,2026-07-03 18:00:17.493,10.0,1,-0.03534216548206113,-0.4938974202803087,0.07509973974789431,0.05857450840183918,-0.07599149840510604,-0.4862332355180376,0.001981517012715617,0.0030020115819694017,-0.006483335987119618,4.7182416915893555
1783094417.5442004,2026-07-03 18:00:17.544,10.0,1,-0.03534988663245418,-0.4939087957750366,0.07511592674452243,-0.09495003429906902,0.17255867483895956,-0.42880702450653335,-0.008436338920021573,-0.00218956946496984,-0.007816974009757435,4.714969635009766
1783094417.5944452,2026-07-03 18:00:17.594,10.0,1,-0.035348938400965785,-0.49390901785731106,0.07511292969051289,-0.0860986998871237,0.30884131260761677,-0.4582412392496094,-0.008989182059760762,-0.003099774539740893,-0.005066346898956699,4.715472221374512
1783094417.6446671,2026-07-03 18:00:17.644,10.0,1,-0.035364165360510826,-0.4939099007241339,0.07510744973281319,-0.13208440911814823,0.31550957944582925,-0.301085491692082,-0.0068009765237821915,-0.0002696527697663951,-0.005572883305638466,4.721263885498047
1783094417.6948965,2026-07-03 18:00:17.694,10.0,1,-0.035362117028444336,-0.4938977844919435,0.0751104614608915,-0.49834969489192044,0.28851892315329963,-0.24371267572643623,-0.007697311818280547,-0.00873000087903326,-0.00955578590795487,4.718493461608887
1783094417.745104,2026-07-03 18:00:17.745,10.0,1,-0.03535369927752681,-0.4938991362667211,0.07509725098676522,-0.0759451870188765,0.0888135377243698,-0.3137139755225403,-0.0031273611863290424,0.0008039289207608033,-0.005297758593159397,4.715723991394043
1783094417.7952778,2026-07-03 18:00:17.795,10.0,1,-0.03534248400366761,-0.49390921112521724,0.07511624319478914,-0.3981973090353088,-0.04562290371184566,-0.3236571711789224,-0.00015419753336943766,-0.007264584320269,-0.00872425932337079,4.715723991394043
1783094417.8455615,2026-07-03 18:00:17.845,10.0,1,-0.03535414425025222,-0.49390329022112867,0.0750973601576033,-0.07347408114320622,-0.2888864736224677,-0.26268653934622915,0.007231042346892982,0.0005088957895785694,-0.009664032952925393,4.712703227996826
1783094417.8957853,2026-07-03 18:00:17.895,10.0,1,-0.035342832943705896,-0.4939108780756831,0.07510014556767898,0.01131809009265677,0.07075174440300738,-0.4456758144944547,-0.004012101840350056,0.007194021702705032,-0.0006789118856283098,4.7142133712768555
1783094417.9459991,2026-07-03 18:00:17.945,10.0,1,-0.03535376821925197,-0.49389642103769144,0.0750983473960988,-0.2766690981903383,0.25032733012976977,-0.43853904870308924,-0.006781349600309592,-0.0025580589446782733,-0.006623378666914442,4.724032878875732
1783094417.9962215,2026-07-03 18:00:17.996,10.0,1,-0.035350471588040985,-0.49390287479539186,0.07510956985875897,-0.05412923040954071,0.11224809059967109,-0.24540452242133445,-0.0024991180063611155,0.0011418395899325394,-0.008230593085557573,4.715975761413574
1783094418.046444,2026-07-03 18:00:18.046,10.0,1,-0.0353423311463236,-0.49391308167224757,0.07510768740840224,-0.5231118705301127,0.11396125050189593,0.003920216783353098,-0.0036360752626039814,-0.010515516191608643,-0.01161521847013295,4.71144437789917
1783094418.0966668,2026-07-03 18:00:18.096,10.0,1,-0.035371547002758734,-0.4939086462655508,0.07511886548322794,-0.3056752171097715,0.23922578573359285,-0.1358014216407155,-0.00356229510018168,-0.005451179111107312,-0.009822390580881678,4.707416534423828
1783094418.1468413,2026-07-03 18:00:18.146,10.0,1,-0.035350430277117866,-0.4938911123790421,0.07510143209827015,-0.24706464026662783,0.27059466156972145,-0.13850272471346256,-0.006491617567438728,-0.0020679621476484824,-0.0066236560377711745,4.710688591003418
1783094418.1970835,2026-07-03 18:00:18.197,10.0,1,-0.035358049226219705,-0.49389759260875654,0.07510712547869863,-0.06325611298063884,0.1108637272029158,-0.2755109205735339,0.001439929838018164,-0.002072399034649396,-0.006275173096213603,4.720507621765137
1783094418.2472525,2026-07-03 18:00:18.247,10.0,1,-0.03534490598674623,-0.49390062605260215,0.07510397952756123,-0.024851975432600433,0.12602449994906292,-0.12136604241845386,-0.00033598554197481183,0.0060908376774375,-0.007541109118414838,4.7172346115112305
1783094418.2974274,2026-07-03 18:00:18.297,10.0,1,-0.035365790445786034,-0.4939046752049796,0.07511254087246527,-0.383517902558466,0.4331704966214628,-0.2945407806298306,-0.012485674758301889,-0.0074378869951991725,-0.009705537078575464,4.718493461608887
1783094418.3476512,2026-07-03 18:00:18.347,10.0,1,-0.035355444307465476,-0.4938998204679084,0.07510412924310948,-0.154546687332359,0.08356580588252287,-0.24337250131648372,-0.002522058781358496,0.0004404010864768897,-0.007713289032242716,4.7242841720581055
1783094418.3978992,2026-07-03 18:00:18.397,10.0,1,-0.03534987050253877,-0.4939176604409855,0.07511879985272721,-0.028799238380474535,0.12127566308788601,-0.2875059345822291,-0.004419888472141933,-0.00030471209873368817,-0.0022745904263670913,4.722018241882324
1783094418.4481227,2026-07-03 18:00:18.448,10.0,1,-0.035357014029599086,-0.4939004459066327,0.075116105126628,-0.4079796387387183,0.4360864897466692,-0.2320399247703681,-0.01077517549026586,-0.011180251247134194,-0.008313461675521171,4.714969635009766
1783094418.4982908,2026-07-03 18:00:18.498,10.0,1,-0.035355561579327816,-0.493905287959681,0.0751108264185049,-0.17830825260974822,0.34836798442682854,-0.06704012835353708,-0.010180532427774863,-0.0005941762627979644,-0.011950597929450761,4.709934234619141
1783094418.548484,2026-07-03 18:00:18.548,10.0,1,-0.03533473925844385,-0.49390925344254194,0.07511403850888097,-0.2841424164875809,0.30342626950786694,-0.27440203036029626,-0.006277415284764749,-0.003495915419998716,-0.010252442797020703,4.712954521179199
1783094418.5987177,2026-07-03 18:00:18.598,10.0,1,-0.0353541853999318,-0.4939019530864229,0.07512201392769906,-0.33825895220087604,0.457285614791648,-0.2482709585748353,-0.011452133045394311,-0.005540989388601473,-0.005634065708782392,4.721766471862793
1783094418.6489415,2026-07-03 18:00:18.648,10.0,1,-0.035362659041536404,-0.4939044737012539,0.07511050045296823,-0.3669584879704738,0.08781411569812801,-0.2690129327700544,0.00039288114894526935,-0.0033966925048495114,-0.002254669418188832,4.716731071472168
1783094418.6991444,2026-07-03 18:00:18.699,10.0,1,-0.035350168627737294,-0.4938989628967883,0.07510745278393738,-0.2940259844355496,-0.016695148393618745,-0.27292948964684116,0.0009593265071239089,-0.001929096918367794,-0.009246785608805659,4.721011161804199
1783094418.74937,2026-07-03 18:00:18.749,10.0,1,-0.035349484153125256,-0.49390495548363045,0.07510377184327745,-0.5096967910259841,0.27249636953984036,-0.3127158556306262,-0.008328461098601221,-0.009794214177404875,-0.012926119243317238,4.712451934814453
1783094418.7995956,2026-07-03 18:00:18.799,10.0,1,-0.03535811723915298,-0.4939084731136528,0.0751131245165842,-0.17472870530495496,0.22449702374646063,-0.40915760900781584,0.0002667954350934888,0.0011918621589336593,-0.004365300336837976,4.710185527801514
1783094418.8498452,2026-07-03 18:00:18.849,10.0,1,-0.03535323012535759,-0.49390641634037374,0.07511286481138221,0.061640782946951585,0.18944662870955578,-0.310100882540539,-0.005076690522289384,0.003137167919539478,-0.005753177032448157,4.712954521179199
1783094418.9000735,2026-07-03 18:00:18.900,10.0,1,-0.035346553055169,-0.49390890008334665,0.07510644281218855,-0.28119209498326597,0.37050426155182964,-0.29063716502244324,-0.008248351883314164,-0.00512179696754002,-0.004657951548876079,4.720759391784668
1783094418.9503005,2026-07-03 18:00:18.950,10.0,1,-0.03534103266472171,-0.4939103300625138,0.07510704874492236,-0.12950032809761614,0.06791901704083958,-0.3371221503456954,-0.005932229733920095,-0.002821545040013034,0.0025986557180402163,4.723528861999512
1783094419.000546,2026-07-03 18:00:19.000,10.0,1,-0.03534830405247706,-0.4939059749455272,0.07511252780914635,0.020703147546302533,0.14256566601347812,-0.18679444384426447,-0.0025140145778044173,-0.00015131836703040884,-0.006263338774274224,4.719500541687012
1783094419.050782,2026-07-03 18:00:19.050,10.0,1,-0.03536168982033755,-0.49389117154022405,0.0750936359310789,0.020168895122879484,-0.055452739810389194,-0.47357665117134606,-0.0011513504365315056,0.0029022297943449775,-0.009038260369497127,4.712451934814453
1783094419.101029,2026-07-03 18:00:19.101,10.0,1,-0.0353561458917233,-0.49390590145697644,0.07511322252796257,0.17997166638558235,-0.39081590863922466,-0.5210929865265985,0.007672046414150994,0.005510812801640068,-0.0057971761119476614,4.712703227996826
1783094419.1512473,2026-07-03 18:00:19.151,10.0,1,-0.03535208657638062,-0.49390843945679264,0.07510777433902135,-0.09763775483504487,0.09025616703035037,-0.3873084029080845,-0.0029434926273260824,0.0007671953206821818,-0.004765428918757318,4.720507621765137
1783094419.2014933,2026-07-03 18:00:19.201,10.0,1,-0.03535334421925601,-0.49390544263106706,0.07511220488411825,0.22010572739230505,-0.025207435873728316,-0.6351351856488651,0.0021735348747966505,0.0075560992674679455,-0.006085642089429667,4.7142133712768555
1783094419.2517183,2026-07-03 18:00:19.251,10.0,1,-0.03535639851108785,-0.49390661073781056,0.0751123162043663,-0.05410153458826935,0.0823637957639088,-0.7083422938275088,7.325632393564075e-05,0.0002780118821574863,-0.0029958969093333916,4.7192487716674805
1783094419.3019662,2026-07-03 18:00:19.301,10.0,1,-0.03535445268754691,-0.4939041651439402,0.07511109533808606,-0.1441729183490117,0.06388648839566251,-0.6918550435881891,-0.0021220939415071763,-0.0009706403358695641,-0.010271447458504855,4.720759391784668
1783094419.352186,2026-07-03 18:00:19.352,10.0,1,-0.03534390323659068,-0.4938965312478107,0.0750929236676393,0.1444179541348714,-0.09460866218744118,-0.491060488525252,0.004687200518228052,0.006819139945355882,-0.008002317526691147,4.718493461608887
1783094419.402408,2026-07-03 18:00:19.402,10.0,1,-0.03534240849006869,-0.49390245169380637,0.07511498311276735,-0.26904886165553865,0.24588378502021146,-0.6392093656765634,-0.00481080140648662,-0.006833558394915271,-0.005681246800565933,4.711947441101074
1783094419.4526315,2026-07-03 18:00:19.452,10.0,1,-0.03536413009724277,-0.49390336554034536,0.07509541296063696,-0.3500328969160744,0.0032997914339233936,-0.6155141381620006,-0.0015107532423739663,-0.0052675127020286,-0.007171016732615456,4.717738628387451
1783094419.502857,2026-07-03 18:00:19.502,10.0,1,-0.03535274398992694,-0.4939038388524006,0.07511165777726951,0.24060106695176026,-0.2274463494294505,-0.6695586570810371,0.010016574982324323,0.012002016544678452,0.0007482045884799743,4.721263885498047
1783094419.5530834,2026-07-03 18:00:19.553,10.0,1,-0.03535023761740856,-0.4938918725146202,0.07509555136021169,-0.13301651353176053,-0.0667733901919062,-0.5366567804478237,0.0011892778893526333,-0.0004833175753658619,-0.0059093005330622785,4.713962078094482
1783094419.603342,2026-07-03 18:00:19.603,10.0,1,-0.03537512779773821,-0.4939010849000329,0.07511614464617869,-0.23068284482776508,-0.13817614298845404,-0.5440466650768594,0.001523299579859286,-0.004428675620454382,-0.002686040420595407,4.712451934814453
1783094419.6535647,2026-07-03 18:00:19.653,10.0,1,-0.03536970126288717,-0.49389773452873886,0.07510916833897568,0.17999398833642263,-0.34709296804042145,-0.5266620613290763,0.004445815276994459,0.006290561191801901,-0.005146153634112644,4.710940361022949
1783094419.7037416,2026-07-03 18:00:19.703,10.0,1,-0.035361657011433685,-0.4939125419287877,0.07511029966240793,0.26465285719079085,-0.3691093295461664,-0.6448620727004121,0.007830112937797333,0.008122077714213465,-0.0040279931966541,4.716228485107422
1783094419.7539694,2026-07-03 18:00:19.753,10.0,1,-0.03536035357195299,-0.493903908107795,0.07510440372264725,-0.13693967388795875,0.37089027363186206,-0.47842532516075587,-0.012056268937070666,-0.0008404575308610676,-0.007476923928778862,4.720256328582764
1783094419.8041945,2026-07-03 18:00:19.804,10.0,1,-0.035349314399940615,-0.493911489553906,0.07510793011756443,0.08307950250034313,-0.13658618032504824,-0.6177085975772333,0.002230109948462605,0.0015902392433243735,-0.000975403698027066,4.722774028778076
1783094419.8544347,2026-07-03 18:00:19.854,10.0,1,-0.0353407591862041,-0.49389151330448544,0.07510047704680956,-0.27393071999355345,-0.05591189890717341,-0.49460105717364633,-0.0024910998630052706,-0.0037736550878022567,-0.007474993978467944,4.706157684326172
1783094419.904602,2026-07-03 18:00:19.904,10.0,1,-0.035360294374786806,-0.49389793189768827,0.07510112653944173,0.24277489360465832,0.08769165589391041,-0.5086980258360657,-0.0058015188224546385,0.010867787325893217,-0.0032460777321004597,4.709429740905762
1783094419.954849,2026-07-03 18:00:19.954,10.0,1,-0.035355450354578266,-0.49390110176986707,0.0751096859748941,-0.19042318529913588,0.29956109019548693,-0.38730012690962673,-0.008623236622049888,-0.002016875518170656,-0.008716213633864534,4.7232770919799805
1783094420.005069,2026-07-03 18:00:20.005,10.0,1,-0.03536641945319752,-0.4939045284967757,0.07510289824611119,-0.11706358094716057,0.08209070900775803,-0.5469735072233004,-0.002294863541604582,-0.0022766739787029827,-0.006169370670970795,4.718997478485107
1783094420.0552883,2026-07-03 18:00:20.055,10.0,1,-0.03536174583358854,-0.4939124491296005,0.07511595645909197,0.009770809175155985,0.12059197225776855,-0.6494374489575162,-0.004848225623618079,0.001288684616535501,-0.008168333835733512,4.713962078094482
1783094420.1055005,2026-07-03 18:00:20.105,10.0,1,-0.03535785341608949,-0.49389617794067464,0.07509024677243871,-0.19643589854938168,0.35489007873706163,-0.6006964111748061,-0.007148594979487061,-0.003073773937336525,-0.00016537065943781867,4.7041425704956055
1783094420.1556654,2026-07-03 18:00:20.155,10.0,1,-0.03535057837252154,-0.4939000919207059,0.0751032501651725,-0.007435770098471986,0.04358966193112673,-0.6677545265544566,-0.003309822073798683,0.0014366360017660186,0.00011301911666496313,4.707667827606201
1783094420.205822,2026-07-03 18:00:20.205,10.0,1,-0.03535334938819581,-0.4939017582098406,0.07510510123503539,-0.4625455190265005,0.314525648518363,-0.581429213113098,-0.008792226876916982,-0.006544095507321244,-0.009519348633628754,4.717738628387451
1783094420.2560043,2026-07-03 18:00:20.256,10.0,1,-0.03534499232655401,-0.4939045495959712,0.0751046781856106,-0.3443803293907579,0.1649647219869683,-0.7442027173749,-0.003846200099879334,-0.0042266270567568485,-0.012845870972357632,4.723781585693359
1783094420.306176,2026-07-03 18:00:20.306,10.0,1,-0.0353508314633757,-0.4939044088347239,0.07511975211750548,0.25955167245273975,-0.36872907945588307,-0.7231126478862138,0.004371634379242795,0.007637444786472762,0.0008510326438222021,4.719500541687012
1783094420.3564045,2026-07-03 18:00:20.356,10.0,1,-0.03534423550170284,-0.4939030074550964,0.0751045880322452,-0.39518330439469584,0.22845864406600563,-0.29198017843503177,-0.0022264412323802748,-0.009554391921084707,-0.006631693462360101,4.710436820983887
1783094420.4066236,2026-07-03 18:00:20.406,10.0,1,-0.03535742611368299,-0.49389582595636,0.07510552496606925,-0.10643519104455543,0.04424989627615786,-0.28071339186570676,-0.001968914155146815,-0.002483526206235308,-0.009839870051898568,4.7142133712768555
1783094420.4568448,2026-07-03 18:00:20.456,10.0,1,-0.035340034308059785,-0.49390028019985976,0.07510892462707353,0.01587921044093371,-0.3201242083985844,-0.28178053856752894,0.009394332015962827,0.003968697947103137,-0.00844737110233306,4.7182416915893555
1783094420.507067,2026-07-03 18:00:20.507,10.0,1,-0.03535843337531095,-0.4939093588186739,0.07511382874113531,-0.346596712426075,0.1710519102793612,-0.36185655382828236,-0.007337153608795018,-0.005559615300438842,-0.016376386566247632,4.723781585693359
1783094420.557291,2026-07-03 18:00:20.557,10.0,1,-0.035343501421650506,-0.4939132160345922,0.07511650243206079,-0.32494141215199446,0.0947704105158329,-0.3245974522458581,-0.005915291138823893,-0.005951409700622486,-0.008137951927824823,4.713710784912109
1783094420.607509,2026-07-03 18:00:20.607,10.0,1,-0.035332399235058605,-0.4938992729671539,0.07510095080733703,-0.05524165414992492,-0.2337394186116778,-0.6850308054369945,0.006505174059939462,0.001153826489105351,-0.0066151537446070136,4.716228485107422
1783094420.657731,2026-07-03 18:00:20.657,10.0,1,-0.03536219471829274,-0.4938971471710474,0.07511237429850633,0.06315976744544302,0.133015704008308,-0.48896455381051457,-0.003227606857001153,0.007340325060655127,-0.009418548271972464,4.71144437789917
1783094420.7079062,2026-07-03 18:00:20.707,10.0,1,-0.035357189321235605,-0.49388934950059277,0.07508095794253837,0.01544665886676995,-0.013971444190958356,-0.41441759337544104,0.0005108168949253123,0.003131248776803289,-0.0007384567041350497,4.722774028778076
1783094420.7581556,2026-07-03 18:00:20.758,10.0,1,-0.035354315409495456,-0.4938992363579159,0.0751082846110679,-0.4459699571375018,0.11259447321854729,-0.5126190611602925,-0.004653243642863053,-0.005936690648602008,-0.008411404120260103,4.715723991394043
1783094420.8084004,2026-07-03 18:00:20.808,10.0,1,-0.03534344375725925,-0.4939041568722228,0.07510927718073085,-0.08525249969147543,-0.2748462366618,-0.5202494767830431,0.0057171494074921905,0.00221345877658984,-0.015195231902752637,4.715220928192139
1783094420.8586426,2026-07-03 18:00:20.858,10.0,1,-0.03534253680266614,-0.49390403337767885,0.07510895388692075,-0.08315136994129181,0.21232720742224248,-0.3900340691092666,-0.008701665634230638,-0.001055914796881805,-0.009276848216674757,4.715472221374512
1783094420.9088643,2026-07-03 18:00:20.908,10.0,1,-0.03535767315508065,-0.49390725291028204,0.07511237835221932,-0.20979050460997192,-0.13747845439610648,-0.307316496666619,0.0010289765945349757,0.0010585753272253009,-0.01051337261518571,4.722774028778076
1783094420.9590356,2026-07-03 18:00:20.959,10.0,1,-0.03536278799330421,-0.49389966878501773,0.07510751209254385,-0.5457221290287468,0.5223483291357939,-0.3623422829470048,-0.013246427844951862,-0.009752083891976187,-0.012638528645492196,4.708675384521484
1783094421.0092685,2026-07-03 18:00:21.009,10.0,1,-0.03533524069282072,-0.4938993076990378,0.07509140617585014,-0.4375496296292989,-0.03589159596333399,-0.3481724213485323,0.004306212272963386,-0.005621464180290056,-0.005441222655245255,4.714716911315918
1783094421.059521,2026-07-03 18:00:21.059,10.0,1,-0.035348446589302744,-0.4939112792838804,0.07510791407677866,-0.46090218278740364,0.1788357649234829,-0.4048214332100853,-0.0047845272651034524,-0.009597963983060138,-0.01348727183895313,4.712451934814453
1783094421.1097436,2026-07-03 18:00:21.109,10.0,1,-0.03536781454753636,-0.4938975078438996,0.07510081011690135,-0.4466080916594439,0.26936871885429653,-0.29963848855527625,-0.0053202275306132776,-0.007471388977860652,-0.005535649237889474,4.720256328582764
1783094421.1599991,2026-07-03 18:00:21.159,10.0,1,-0.035374850333933894,-0.49390614517723885,0.07511542584997817,-0.21221538381589763,0.2544015828941733,-0.30523416653030694,-0.006312311445215617,0.0015595520216192533,-0.009512076798521304,4.715975761413574
1783094421.2102468,2026-07-03 18:00:21.210,10.0,1,-0.035340510490265334,-0.4939108035682366,0.07510958807974721,0.10866825707704246,-0.30644801343641237,-0.3949030113654518,0.008085779165797185,0.004466623240150236,-0.0071451183095346885,4.7121992111206055
1783094421.2604718,2026-07-03 18:00:21.260,10.0,1,-0.03534731281241462,-0.49390355324966373,0.07510778014999507,-0.49602603054782907,0.14082541932339898,-0.49211616743000935,0.0005606105556758311,-0.010897197211017211,-0.017170640913661172,4.72151517868042
1783094421.3107183,2026-07-03 18:00:21.310,10.0,1,-0.03534569005982022,-0.4939059904500582,0.07511220488411825,-0.24575799962577738,-0.01008718299667898,-0.23346506881209003,-0.0019337853941983883,-0.004177863992721828,-0.009287516597154424,4.7142133712768555
1783094421.3609114,2026-07-03 18:00:21.360,10.0,1,-0.0353515342694699,-0.4938941859738485,0.07510219724300284,-0.2109248499014691,0.4004425599819319,-0.25776974890342025,-0.010585688711454766,-0.0011696899254500623,-0.00458134787782053,4.71144437789917
1783094421.4111435,2026-07-03 18:00:21.411,10.0,1,-0.03535515180967528,-0.4938960181758477,0.07509693369953051,-0.3675195294788699,0.19671420648592938,-0.19384784511389122,-0.007473606764201124,-0.005432432012271962,-0.011595182856747198,4.714465141296387
1783094421.4613733,2026-07-03 18:00:21.461,10.0,1,-0.03533574725816353,-0.4939061291791936,0.07512022098402246,-0.5158827617226945,0.23181916665858637,-0.21926289600174692,-0.006165110802321261,-0.01025286825893994,-0.014462077730048315,4.720256328582764
1783094421.5116205,2026-07-03 18:00:21.511,10.0,1,-0.03536633346071247,-0.4938968312494969,0.07510089352307826,-0.6899954142723341,0.4810811892737774,-0.17546189906415816,-0.011561544633774679,-0.013825882282537075,-0.00939063944562123,4.717487335205078
1783094421.5618734,2026-07-03 18:00:21.561,10.0,1,-0.03534777772109515,-0.49389852664351624,0.07509456877544016,-0.5777081071402067,0.40644113373014074,-0.19102652524812624,-0.007585473849327568,-0.011171829456577121,-0.006591803893516093,4.714716911315918
1783094421.612096,2026-07-03 18:00:21.612,10.0,1,-0.035348428805249195,-0.49391984551987095,0.07511166882656363,-0.5870773430363041,0.5736269604936288,-0.0969860793483395,-0.010425955392391278,-0.01275631734310139,-0.01161109640560252,4.713710784912109
1783094421.662319,2026-07-03 18:00:21.662,10.0,1,-0.035343102659141465,-0.4938930081506693,0.07510926865662064,-0.4530269067183943,0.4488016626404511,-0.4474882703855983,-0.009951070653208076,-0.010168127825378011,-0.009920497219081312,4.712703227996826
1783094421.712497,2026-07-03 18:00:21.712,10.0,1,-0.03536974184162744,-0.49389307543909106,0.07509692893438817,-0.49383342828317334,0.36387734718177606,-0.22727844480339576,-0.009476808935340234,-0.008148347669509962,-0.008737370947420641,4.726299285888672
1783094421.7627227,2026-07-03 18:00:21.762,10.0,1,-0.0353612149094079,-0.49390550789715093,0.07510632131554157,-0.3902306132455077,0.3349945602410853,-0.43377144286352076,-0.007746359906095807,-0.006117722118563766,-0.008564308127971884,4.7182416915893555
1783094421.8129687,2026-07-03 18:00:21.812,10.0,1,-0.03536359160701208,-0.4939026221508079,0.07510286600116967,-0.5084208515793619,0.032776571313124024,-0.29327238401179867,0.0019101888208665823,-0.007234923089192538,-0.018393435299616324,4.711695671081543
1783094421.8632154,2026-07-03 18:00:21.863,10.0,1,-0.03535621778675032,-0.4939035901921219,0.07511165777726951,-0.628656963078417,0.3132296504714201,0.03094576843724946,-0.0065646065863814995,-0.012629416358801496,-0.010589968626838652,4.710688591003418
1783094421.9135,2026-07-03 18:00:21.913,10.0,1,-0.03534322043462602,-0.4939003536193595,0.07510037762114934,-0.6201268572754203,0.24839830990649822,-0.25789267058185966,-0.005000104829285184,-0.01226634007070834,-0.00828373719366946,4.712703227996826
1783094421.9637299,2026-07-03 18:00:21.963,10.0,1,-0.03534411011925681,-0.493896759415732,0.07510293416228249,-0.9277390918514289,-0.006781756187325749,-0.3272567922577647,0.0011579271855055291,-0.019087202872857745,-0.010461016245953669,4.7182416915893555
1783094422.013977,2026-07-03 18:00:22.013,10.0,1,-0.0353526303990343,-0.49390328669998135,0.07509769078389891,0.026330718883673047,0.36984020690954644,-0.3198606728000907,-0.010072117524042997,0.003065536075263935,-0.009485798423628186,4.7222700119018555
1783094422.0642002,2026-07-03 18:00:22.064,10.0,1,-0.03536732480282541,-0.4939022758072234,0.07510895426772847,-0.24536274411332012,0.009492882182191489,-0.22278151955047443,0.0016917340359102334,-0.00499022780009703,-0.00888624312813041,4.720507621765137
1783094422.1144235,2026-07-03 18:00:22.114,10.0,1,-0.03534742286352806,-0.4939047350369097,0.07510370798436065,0.08329003110574067,0.26785929861039365,-0.33588979100431227,-0.0052494566920199635,0.00445199265648939,-0.0073761334482464955,4.718493461608887
1783094422.1646419,2026-07-03 18:00:22.164,10.0,1,-0.03532387318305551,-0.4939051487666419,0.07510365490376564,-0.2101048349871264,0.14782256029878668,-0.5514330832733155,-0.0028775452709093475,-0.003534808590616885,-0.013067085441766409,4.721263885498047
1783094422.2148893,2026-07-03 18:00:22.214,10.0,1,-0.0353595993806102,-0.4939067071112869,0.07510590027013048,-0.3666107757846864,0.297093694733225,-0.324105378078334,-0.006337531064328985,-0.007540972904643024,-0.011931999603008609,4.7142133712768555
1783094422.2650273,2026-07-03 18:00:22.265,10.0,1,-0.035342853678926034,-0.49389687424333917,0.07510474897785382,-0.6076372524987912,0.4694435471225485,-0.35589245502761757,-0.009733492259009864,-0.012713610098572858,-0.01117833404400576,4.716228485107422
1783094422.3152053,2026-07-03 18:00:22.315,10.0,1,-0.035365522336979524,-0.4939062997424433,0.07510876991082358,-0.1513715350303894,-0.04677840002526238,-0.5379049390738454,0.0012394137141806386,0.0002693419521630515,-0.001760960199785179,4.720005035400391
1783094422.3654346,2026-07-03 18:00:22.365,10.0,1,-0.035346470054823935,-0.4939020316678408,0.07510830252396125,-0.24917127385210264,0.31768420571845196,-0.1655105423117967,-0.005431003053112668,-0.004718465456070099,-0.009563886225549408,4.72151517868042
1783094422.4156532,2026-07-03 18:00:22.415,10.0,1,-0.035357199477299775,-0.4939002367134884,0.07511599918215182,-0.3919345315519097,0.2538660376664785,-0.3930300267410108,-0.007246510132330833,-0.004891662706351585,-0.010409562383912852,4.7142133712768555
1783094422.4658992,2026-07-03 18:00:22.465,10.0,1,-0.03535976798836156,-0.49390717949243984,0.07510627584936283,-0.4671822109934112,0.11365525383553095,-0.4255470629404445,-0.0010028361752345701,-0.007800231680739243,-0.011947571770028736,4.71144437789917
