timestamp,datetime,weight_g,loaded,tcp_x,tcp_y,tcp_z,tcp_rx,tcp_ry,tcp_rz,fx,fy,fz,fz_tared,tx,ty,tz,ai0
1784122244.2292387,2026-07-15 15:30:44.229,0.0,0,-0.03661540615633045,-0.4996063410498608,0.3212418991033542,0.000636573849505654,0.001863673234538142,-2.9713604968760276e-06,0.5814253012008972,-1.1761360725320835,3.8224508941711695,3.3321183941711694,-0.0402118544202796,-0.02293341872405694,0.0014954779746422673,4.665369987487793
1784122244.2793615,2026-07-15 15:30:44.279,0.0,0,-0.03660115417153529,-0.49959729144163784,0.3212532116558708,0.0006062543584470826,0.001848683660064913,3.701313967621727e-05,0.208417482914017,-1.156496310787925,4.205081083341674,3.714748583341674,-0.036093091151099176,-0.01602163712598888,-0.0017175166039514514,4.6719160079956055
1784122244.329542,2026-07-15 15:30:44.329,0.0,0,-0.03661449405625991,-0.49959533546861784,0.3212373989887229,0.0006340279579843762,0.0018557521713294767,1.2201848881411984e-05,0.644492213536128,-1.2205646317634191,4.0480659333396245,3.5577334333396244,-0.04093908331033724,-0.02583356773268785,-0.0062598648838765834,4.671412467956543
1784122244.3797717,2026-07-15 15:30:44.379,0.0,0,-0.03661557809779926,-0.49959743844777693,0.32123673158658494,0.0006407533862707323,0.0018362901171929658,1.2451688201484439e-05,0.4672702463833308,-1.2765000240623656,3.8869051737644704,3.3965726737644704,-0.04314351080361893,-0.019403757791361106,-0.0005568003721151504,4.663102626800537
1784122244.4299986,2026-07-15 15:30:44.429,0.0,0,-0.03661126072274722,-0.4996080727354744,0.3212446096698057,0.00062819749101617,0.0018408760170536098,2.8259352397591134e-05,0.9370559709344011,-1.154642714020377,3.8727716601868374,3.3824391601868373,-0.038700566866408076,-0.03490641810847534,0.0039657631131580825,4.668392181396484
1784122244.4802318,2026-07-15 15:30:44.480,0.0,0,-0.0366203796103471,-0.49959717887806404,0.32123731697522234,0.0006318236811383981,0.0018488316846651265,3.952943427266779e-06,0.9250163464626551,-1.1719802337747578,3.8696170343388863,3.379284534338886,-0.039422895947171445,-0.03394083652413236,-0.0019978252754738316,4.675440788269043
1784122244.5304182,2026-07-15 15:30:44.530,0.0,0,-0.036618860180554824,-0.4996006055325071,0.3212395940012773,0.0006236742987981906,0.0018259607624035868,2.781865061647312e-05,0.8114896418535467,-1.0752913328399862,3.851739230908601,3.361406730908601,-0.03919956086040043,-0.028781719219858087,0.0018201908632102725,4.665621757507324
1784122244.5806472,2026-07-15 15:30:44.580,0.0,0,-0.03661574248083911,-0.4995988259628387,0.3212360612232733,0.0006524480753710856,0.00184921134544611,8.720248897759712e-06,0.8423315119762501,-0.9287767089124358,3.667216437028068,3.176883937028068,-0.0289507059753461,-0.03503417044769515,0.002797315298650311,4.663355350494385
1784122244.6308756,2026-07-15 15:30:44.630,0.0,0,-0.03661243088985983,-0.49960604141370857,0.3212205483994699,0.0006979705101080317,0.0018158603337890212,2.4590419015077545e-05,0.6767697917349023,-1.3300776595453414,3.847525267061681,3.357192767061681,-0.043598306938938604,-0.026658010869252274,-0.0007656231055315479,4.665621757507324
1784122244.6811252,2026-07-15 15:30:44.681,0.0,0,-0.03661165359978692,-0.49959783059435603,0.3212458972057886,0.0006279786488023937,0.0018579848124495178,1.5982450387974264e-05,0.9092651743517352,-1.3691057454627598,3.9253984044823316,3.4350659044823315,-0.04449177083911348,-0.031097509256712418,-0.004214454527330308,4.668139457702637
1784122244.7313704,2026-07-15 15:30:44.731,0.0,0,-0.03662031344637196,-0.4995947043247481,0.3212418701090223,0.0006349564652309588,0.0018554574416912678,8.845631382417212e-06,0.5781276080307298,-1.1485842177079322,3.8540258322901795,3.3636933322901794,-0.03783380035954019,-0.022006271271406527,0.004859542058889182,4.671664237976074
1784122244.781583,2026-07-15 15:30:44.781,0.0,0,-0.03662361718367985,-0.49960204797218394,0.32124128480134995,0.0006188260646090675,0.001823786649894601,-1.0150980427468492e-05,0.7430760844561028,-1.2828344196111086,4.048009956310054,3.5576774563100537,-0.040830257977695156,-0.025891394682944265,0.0037116185587697547,4.638681411743164
1784122244.8318086,2026-07-15 15:30:44.831,0.0,0,-0.03662280753726881,-0.49960055369842804,0.3212441350398851,0.0006185083245494332,0.0018442804102565028,-1.4833354338804194e-05,0.5686778479137775,-1.3341218571127482,3.7941291405084088,3.3037966405084087,-0.03930561519024956,-0.020491051171365,-0.003185085830287895,4.610986709594727
1784122244.8820338,2026-07-15 15:30:44.882,0.0,0,-0.0366371523901526,-0.49960290003361096,0.32125280362639824,0.0006069219931654928,0.0018484906588885945,-2.586221982743843e-05,0.5198787448263851,-1.3825961008105618,3.7061310236337928,3.2157985236337927,-0.04300426152190457,-0.015754790244672686,0.00031550103650929,4.61577033996582
1784122244.9322655,2026-07-15 15:30:44.932,0.0,0,-0.03660958732893947,-0.4995960601414671,0.3212452496269432,0.0005955783462609604,0.0018524121006657083,1.977309039571495e-05,0.8550764228057858,-1.5135255259916656,4.040179406442009,3.549846906442009,-0.049010203303716554,-0.030774425373264507,-0.0015662758723738912,4.652528762817383
1784122244.9824944,2026-07-15 15:30:44.982,0.0,0,-0.03660492488207675,-0.49960171023925404,0.3212390938432741,0.0006259131792221337,0.0018586822437918636,1.308178033700514e-05,0.36479677302032804,-1.347282474022809,3.9283638888142067,3.4380313888142067,-0.04451057524366405,-0.01638865399732765,-0.003683255518811369,4.647996425628662
1784122245.0327268,2026-07-15 15:30:45.032,0.0,0,-0.036631910490427605,-0.4996034344051606,0.32123169992800304,0.0006509405844373441,0.0018458229080269303,2.0469520775893456e-07,0.6007366081911861,-1.3973421533017234,3.8153504377772895,3.3250179377772895,-0.04076049842075339,-0.021007435645948543,-0.005844599829940555,4.639437198638916
1784122245.0829566,2026-07-15 15:30:45.082,0.0,0,-0.03661131901598275,-0.49960225064651703,0.3212417335460026,0.0006229684434607484,0.001826234654153396,1.639341674732467e-05,1.1530184134194499,-1.5740992633278195,4.072041411160766,3.5817089111607663,-0.048104182126150224,-0.035704929627722266,-0.0073605182856601925,4.636666774749756
1784122245.1332517,2026-07-15 15:30:45.133,0.0,0,-0.036620230503896845,-0.49960513818156693,0.3212393522429425,0.0006506650156339238,0.001832831825130772,1.2139526897450602e-05,0.6674915704720785,-1.12343246617368,3.797366765671776,3.307034265671776,-0.034450243529861924,-0.026085626352463965,0.004334356941131962,4.627099990844727
1784122245.1834383,2026-07-15 15:30:45.183,0.0,0,-0.036621270158210845,-0.4996024793678136,0.32124012247180456,0.0006421256888710207,0.0018529373474587432,-1.4870056386247898e-05,0.3994870505416569,-1.0285343165606473,3.8241289472979254,3.3337964472979253,-0.03478595698240935,-0.018918221554179007,0.003329865609764625,4.6268486976623535
1784122245.2336626,2026-07-15 15:30:45.233,0.0,0,-0.036620012127165334,-0.4996035273425851,0.3212557605290337,0.0005947280867624584,0.0018824471671901237,4.470043458508061e-07,0.6331386099136268,-1.2844964612452225,3.79447342031454,3.30414092031454,-0.03904484716083675,-0.023889362423603885,-0.006058021446255706,4.624078273773193
1784122245.2838085,2026-07-15 15:30:45.283,0.0,0,-0.03661948618847553,-0.49960418071378915,0.3212427696948738,0.0006666166997965122,0.001844259152060176,-1.029208811743503e-05,0.721466974129918,-1.452322104803511,3.7303411287990995,3.2400086287990995,-0.043119911772090326,-0.02295294027855548,-0.0026341130290766534,4.591096878051758
1784122245.3340073,2026-07-15 15:30:45.334,0.0,0,-0.03661704937156349,-0.49960153239435146,0.32124925657762504,0.000591568870706504,0.001853904320768335,1.241300435608068e-05,0.7880783055421315,-1.224740055636688,3.8843863211678853,3.3940538211678852,-0.04057063132773959,-0.03231743097097995,1.484036505738848e-05,4.597139358520508
1784122245.3842459,2026-07-15 15:30:45.384,0.0,0,-0.036629377673657405,-0.49960796704204596,0.3212368364891771,0.0006434955245677103,0.0018485361919502096,-1.0489438271023657e-05,0.5957611882335576,-1.0296553834669642,3.6787417831349822,3.188409283134982,-0.03597715761963849,-0.02383124817336906,0.004193916138799524,4.585808753967285
1784122245.434451,2026-07-15 15:30:45.434,0.0,0,-0.036615355838210094,-0.49959776714869847,0.32124101533011423,0.0006558565798767892,0.0018480335293664624,8.69975434464159e-06,0.5503808968004557,-1.2139453560619542,3.712557676147742,3.222225176147742,-0.0393121620765912,-0.021726727567358863,-0.004478712198478236,4.593362808227539
1784122245.4846685,2026-07-15 15:30:45.484,0.0,0,-0.03661712722483832,-0.4996003386774412,0.32125268347734515,0.0005944070724465968,0.0018489948850718392,1.2434479564690737e-05,0.6078385093603244,-1.0613368363412297,3.6738313783196626,3.1834988783196625,-0.03275209479881943,-0.0254643687291495,0.0018213119884617614,4.623072147369385
1784122245.5348935,2026-07-15 15:30:45.534,0.0,0,-0.03662283045973971,-0.49960169443100527,0.3212350081132539,0.000633918484825183,0.0018558104617506365,-1.498780736993397e-05,0.5732987023184579,-1.3405976204830488,3.8131250641734358,3.3227925641734357,-0.04283387258624462,-0.024844679038077407,-0.0040705059444376196,4.623575210571289
1784122245.5851157,2026-07-15 15:30:45.585,0.0,0,-0.03661307913537249,-0.49960717023661144,0.32124460328937343,0.000630383812239594,0.00182364958623888,3.170775970090068e-05,0.6039614334499934,-1.1688290883631072,3.8800440779941736,3.3897115779941736,-0.03601553772551945,-0.023060547338676452,0.0019982082528125452,4.639184474945068
1784122245.635319,2026-07-15 15:30:45.635,0.0,0,-0.036596720815980935,-0.499600091369387,0.3212360623535153,0.000651157564768117,0.0018457479338524518,3.23602433730449e-05,0.46015736846655036,-1.0577634031955774,3.956454702554261,3.466122202554261,-0.03680119227699739,-0.022074654385094,0.0016316889922938405,4.673678874969482
1784122245.6855288,2026-07-15 15:30:45.685,0.0,0,-0.03659322711723189,-0.49960628687381076,0.3212441889438085,0.0006122889271803145,0.0018425897375702732,6.322044216612532e-05,0.8192825651087026,-1.3066995437222833,3.9683920604737697,3.4780595604737696,-0.04060452693856287,-0.02945513164333038,-2.9405716869682275e-05,4.673678874969482
1784122245.7357557,2026-07-15 15:30:45.735,0.0,0,-0.036608029456449684,-0.4995999949993713,0.32124845894142534,0.0006194443016273846,0.0018610506487880601,2.4559033492829136e-05,0.7716435426784735,-1.1379363340115907,3.9500013002012353,3.4596688002012352,-0.03551584781847934,-0.026996663277845293,0.004347421480949752,4.662851333618164
1784122245.7859397,2026-07-15 15:30:45.785,0.0,0,-0.03660615335162714,-0.49960515908434644,0.3212504612346208,0.0006156326866836028,0.0018624500572695065,3.1812663273285985e-05,0.8603775864856006,-1.2856654841143287,4.039481170445972,3.5491486704459723,-0.04136444054436437,-0.02959504772970868,-0.0018741477660145188,4.663858413696289
1784122245.836156,2026-07-15 15:30:45.836,0.0,0,-0.03661750607550133,-0.4996079363184024,0.3212428578173358,0.0006389907076841391,0.0018370259279705062,1.940251906868999e-05,0.30970168945991794,-1.3150277085062048,3.94961825755108,3.45928575755108,-0.040316422204913695,-0.016804739594504077,-0.001955110439484548,4.665621757507324
1784122245.886386,2026-07-15 15:30:45.886,0.0,0,-0.03660853873237478,-0.49960527270272226,0.3212415645560498,0.0006469182688942772,0.0018473337814342975,2.82427648900558e-05,0.4552782623168097,-1.1426575363833171,4.026955861647486,3.536623361647486,-0.036429837630517624,-0.02265330079634806,0.0005916051250976937,4.668643474578857
1784122245.936616,2026-07-15 15:30:45.936,0.0,0,-0.03662745276270321,-0.49960404893551663,0.32123680980595387,0.0006668412234160781,0.0018441333353135195,-2.5856260245835635e-05,0.6922614315814051,-1.3341973397030649,4.008066551240817,3.517734051240817,-0.04220486390677346,-0.030125885037977477,0.0013251069643369533,4.674181938171387
1784122245.9868414,2026-07-15 15:30:45.986,0.0,0,-0.036619294101704815,-0.49959722890475766,0.3212353998790432,0.0006404931901173161,0.001836372141443587,-6.854761790113382e-06,0.6783213555974618,-1.0274024228801657,4.001390500833073,3.5110580008330725,-0.03710263674965305,-0.026535680662071362,-0.0037061276005566496,4.6729230880737305
1784122246.0370862,2026-07-15 15:30:46.037,0.0,0,-0.036619693416064525,-0.4996045884600273,0.32125150670411834,0.0006198105301485583,0.0018647709216167666,4.0220859369224915e-06,0.3769072901070485,-1.2404423779689346,3.9425993988333308,3.4522668988333307,-0.04062838289400531,-0.021950655189210518,0.0016644704391814281,4.669651031494141
1784122246.087274,2026-07-15 15:30:46.087,0.0,0,-0.03661890911260421,-0.4996014577939234,0.3212333567227575,0.0006726372741926612,0.0018249493501129343,-1.0082084215154697e-05,0.26237736061273453,-0.8804360110762274,3.8778080757990177,3.3874755757990176,-0.029722248645449756,-0.015689717250887955,0.004080620111661736,4.672671318054199
1784122246.137485,2026-07-15 15:30:46.137,0.0,0,-0.03661392966270219,-0.4996016532806648,0.32123510193967997,0.0006615275704591096,0.0018249913725870211,2.300902582491021e-05,0.49143680087833286,-1.1673453078384926,3.882352250853994,3.392019750853994,-0.039865174656088576,-0.02435615305930349,0.0022733582783153535,4.670153617858887
1784122246.1876574,2026-07-15 15:30:46.187,0.0,0,-0.03660788664265661,-0.49960376587080774,0.32123337924768963,0.0006502702545362983,0.0018329109596021242,1.6521465151120393e-05,0.5047721394801752,-1.147092977543921,3.845452125335098,3.355119625335098,-0.03678077120947991,-0.023266412823132354,-0.004883800345279455,4.664362907409668
1784122246.2378802,2026-07-15 15:30:46.237,0.0,0,-0.03660454446424901,-0.4996006752705492,0.3212481118410266,0.0006226104383119898,0.001859924261337437,3.1827583190083037e-05,0.3007477781526761,-0.9633634074638792,3.7841021908766677,3.2937696908766676,-0.035496302924568686,-0.021555509387126623,0.0072704120836544,4.667384624481201
1784122246.288059,2026-07-15 15:30:46.288,0.0,0,-0.03661863603386989,-0.4996006751491788,0.32123998394295916,0.0006252573367706478,0.0018418461946144847,2.424738252803818e-05,0.745720793296495,-1.4695226643899413,3.897715965629055,3.407383465629055,-0.04496570967675777,-0.02962704631187246,-0.0022703607220223776,4.6739301681518555
1784122246.3382668,2026-07-15 15:30:46.338,0.0,0,-0.036632785620051504,-0.4996062057400126,0.32123769584186274,0.0006312516314081959,0.0018397327747309337,-1.498828592840731e-05,0.5299850140615195,-0.6419430955628845,3.865988544826028,3.375656044826028,-0.02608548111523078,-0.0213955637951443,0.007925819179276218,4.666628837585449
1784122246.388459,2026-07-15 15:30:46.388,0.0,0,-0.036613505207531934,-0.4995978699846411,0.321235450174698,0.0006524444400710323,0.0018492014345027287,1.6027433239752735e-05,0.48111857478067327,-0.9076036202424345,3.917750629387682,3.4274181293876818,-0.03163689903043901,-0.027177082128705475,0.0050295424148203375,4.665118217468262
1784122246.4386985,2026-07-15 15:30:46.438,0.0,0,-0.03660191528662928,-0.49960558799139987,0.3212348508893883,0.0006419800067710361,0.0018529555356754542,4.042977051325657e-05,0.6126687249882887,-1.160101720870708,4.111194025661941,3.620861525661941,-0.037399912697062915,-0.023077178538231595,-0.005731441084990129,4.6668806076049805
1784122246.4889507,2026-07-15 15:30:46.488,0.0,0,-0.03660224397048684,-0.49960790658361587,0.32123446334951755,0.0006710981816158935,0.0018464069512089012,4.399463463009375e-05,0.5027350218045783,-0.855871994169497,3.652172350524163,3.1618398505241627,-0.029126087242805097,-0.021342554853852804,-5.794774421190638e-05,4.675440788269043
1784122246.53923,2026-07-15 15:30:46.539,0.0,0,-0.03661189272590923,-0.4995993487937978,0.3212350099522208,0.0006546800964426836,0.001864855186423651,-3.1314288017180328e-06,0.5620556274934325,-1.0645642314926895,3.83645943116216,3.3461269311621598,-0.035814826251561335,-0.024716989646656896,0.00032289506867308503,4.670405387878418
1784122246.5894208,2026-07-15 15:30:46.589,0.0,0,-0.03663567322830773,-0.49959789814396993,0.3212416353938962,0.0006236837223907967,0.0018259658733039575,-3.4144399869509585e-05,0.29736201015460445,-1.1907107428243286,4.016841926560159,3.5265094265601586,-0.04146698678799868,-0.01741665684064145,0.0022002897479465352,4.665621757507324
1784122246.6396468,2026-07-15 15:30:46.639,0.0,0,-0.03659801319498746,-0.49959842915547426,0.32124139672247104,0.000650989540430358,0.0018458423263402626,4.3996144157488e-05,0.4353022800837093,-1.2324041203778848,3.8488186119504895,3.3584861119504894,-0.03829159416466133,-0.018287614612551142,0.0014037022420633164,4.663102626800537
1784122246.6898754,2026-07-15 15:30:46.689,0.0,0,-0.036610458706843006,-0.4996053329735201,0.32124695698631717,0.0006173115038927912,0.0018579061055574748,2.4556932922707118e-05,0.17721947638658708,-1.104816148907984,3.820392808511648,3.330060308511648,-0.033753068183064984,-0.014753482750603146,-0.0015023527817534278,4.661843776702881
1784122246.7401032,2026-07-15 15:30:46.740,0.0,0,-0.03661843799261247,-0.4996054087310407,0.32124352239211784,0.0006198657606122429,0.0018438180832761402,1.2423962209019623e-05,0.920683611036321,-1.194964488658374,4.087205318100977,3.5968728181009766,-0.03936871741533308,-0.03250448501772177,0.0002052248708542387,4.675440788269043
1784122246.7903526,2026-07-15 15:30:46.790,0.0,0,-0.03661528838355381,-0.49959757550197587,0.3212426577265798,0.0006460077139286826,0.0018515478816360437,1.2280578018767423e-05,0.5011381505051025,-1.1092169120119626,3.896924533799495,3.406592033799495,-0.03472925691451531,-0.018946383036999595,0.0025113310256871493,4.674181938171387
1784122246.840583,2026-07-15 15:30:46.840,0.0,0,-0.03661534553563355,-0.4995991261798169,0.3212544321332737,0.000620417905627262,0.001864546331281621,5.06906577055061e-06,0.017027349129877065,-1.1159987603731136,3.8672305700886964,3.3768980700886964,-0.03717335383941378,-0.010165031207184897,0.0003051293668472322,4.664362907409668
1784122246.8908095,2026-07-15 15:30:46.890,0.0,0,-0.036601583881262306,-0.4996037454590453,0.32122561297756763,0.0006763138555747272,0.0018235850097009809,4.775863783263822e-05,0.23502666084994134,-0.9486951446798164,3.972884099493473,3.482551599493473,-0.031436509049703264,-0.01369600914748021,0.006383294683318191,4.663355350494385
1784122246.9410596,2026-07-15 15:30:46.941,0.0,0,-0.03660968317068247,-0.49960985445113826,0.3212322977915441,0.0006446327699885173,0.001852018592725856,2.8264199793580567e-05,0.6458800504384389,-1.1181831200345536,3.8708792667422376,3.3805467667422375,-0.0396930727220047,-0.027238864804933035,-0.0017609607496547877,4.664111137390137
1784122246.9912684,2026-07-15 15:30:46.991,0.0,0,-0.0366020919958056,-0.4996088700796737,0.321244205073652,0.0006379319101658213,0.0018334904678931438,3.218902340120051e-05,0.8971271575244633,-1.2047832226070108,3.8155137913581307,3.3251812913581307,-0.03957841765188161,-0.03311999860653739,0.000390690114351527,4.661088943481445
1784122247.0414808,2026-07-15 15:30:47.041,0.0,0,-0.0366073464807944,-0.4995971515287228,0.32124901893219104,0.0005958408351841726,0.0018523544987995707,2.830831331514822e-05,0.0605649596252181,-1.1329074558080319,3.70928673910491,3.2189542391049097,-0.035489987520664665,-0.00971115994739644,0.0070666484773983275,4.658823013305664
1784122247.091709,2026-07-15 15:30:47.091,0.0,0,-0.03662054691430008,-0.4996045825782508,0.3212452355089781,0.0006152907307563104,0.0018415336749702488,8.733568026308079e-06,0.3121789045690855,-1.1576773494800583,3.7233265548182866,3.2329940548182865,-0.0376297996669304,-0.017192412291200505,0.00020721156901289508,4.671664237976074
1784122247.1419356,2026-07-15 15:30:47.141,0.0,0,-0.036619201990673145,-0.49960610507648645,0.321239756071056,0.0006234641267577816,0.0018385905438325122,5.17235059583707e-07,0.6931567144177099,-1.2050512501144433,3.9329494255750514,3.4426169255750514,-0.03723971724073649,-0.025943112623801678,0.0020254642925513107,4.676447868347168
1784122247.1921837,2026-07-15 15:30:47.192,0.0,0,-0.03660912422021818,-0.4996016124909328,0.32124270553748346,0.0006294099870304215,0.0018535481670839142,9.044734661455574e-06,0.30635647559604207,-1.0771139491820472,4.034939702794803,3.5446072027948032,-0.03440771249179873,-0.01871218799300528,-0.002128370187170567,4.667635917663574
1784122267.2820673,2026-07-15 15:31:07.282,20.0,1,-0.036601349355983616,-0.4995973136799742,0.3212395208587879,0.0006324707874472284,0.001852406702550831,2.128690164437354e-05,0.7964735165535162,-1.4083719643023038,3.760224141257543,3.269891641257543,-0.04363789599815992,-0.03454131653613975,-0.005032562883530632,4.627603530883789
1784122267.3322556,2026-07-15 15:31:07.332,20.0,1,-0.036613493791066855,-0.4996075855401994,0.3212303271488113,0.0006713034843150344,0.0018215100068119528,-2.211980797985075e-05,0.246449429589724,-1.1723991649168233,3.6833575339932128,3.1930250339932127,-0.03764948529657337,-0.018206809199867557,-0.000624037365902335,4.623072147369385
1784122267.3823733,2026-07-15 15:31:07.382,20.0,1,-0.03661350719165064,-0.4995978696834933,0.32124232683333037,0.0006220762985946748,0.0018600556015290848,1.2426366711158458e-05,0.7053441746345726,-1.263304334842419,3.807887810627824,3.317555310627824,-0.04303640881589795,-0.029320436355133903,-0.0013598988719161864,4.613252639770508
1784122267.4325979,2026-07-15 15:31:07.432,20.0,1,-0.03659988814142253,-0.49960207589347333,0.3212522185715297,0.000641313076628029,0.0018323144969559797,4.0691812092293366e-06,0.3838556797958233,-1.325206162790742,3.565194280748188,3.0748617807481877,-0.04105627451070097,-0.01935534425266002,-0.0013377837987237858,4.620554447174072
1784122267.482797,2026-07-15 15:31:07.482,20.0,1,-0.03660561092527224,-0.4996032806384988,0.3212491676396013,0.0005904520196980521,0.0018713817701135034,1.617430108897775e-05,0.502374285575641,-1.213947220262531,3.5741067455686903,3.0837742455686903,-0.0413564716944695,-0.022857221057253206,0.0008733525919469762,4.621309280395508
1784122267.533034,2026-07-15 15:31:07.533,20.0,1,-0.036614531646052335,-0.4995956036857944,0.3212375924101911,0.0006257276884501229,0.0018587063639701955,-6.566248476228086e-06,0.02681727205980579,-1.2542200326101252,3.5315399153337976,3.0412074153337976,-0.041411942378231786,-0.009572778758981916,-0.001183375458265028,4.626595973968506
1784122267.5832705,2026-07-15 15:31:07.583,20.0,1,-0.03659928665047294,-0.4996067268514653,0.3212437021136751,0.0006213154639121406,0.001856458496019082,3.5412079368599847e-05,0.5389786551675926,-1.4631189797508704,3.606287145454371,3.1159546454543707,-0.0441979690808374,-0.023451389103351455,-0.001843175637599107,4.626092910766602
1784122267.633459,2026-07-15 15:31:07.633,20.0,1,-0.036620983935508306,-0.49960416319057266,0.32124363712657156,0.0006584800877267705,0.0018675261554660487,-3.0416345170958252e-06,0.34872059685551277,-1.2767615809761954,3.647663949293606,3.157331449293606,-0.04073177369649368,-0.016746592852414165,0.002391773736963764,4.624582290649414
1784122267.6836863,2026-07-15 15:31:07.683,20.0,1,-0.03660639962559732,-0.4995978436270803,0.321228181123977,0.000651979520666092,0.0018283059638830846,1.2688249627131546e-05,0.5184698200163309,-1.3150926035314732,3.528102146842634,3.037769646842634,-0.043044975954511594,-0.021684179546705182,-0.004688924278117732,4.626092910766602
1784122267.733914,2026-07-15 15:31:07.733,20.0,1,-0.036613135743434465,-0.4995982680189466,0.32123828276949645,0.0006466581484983956,0.001855205363573991,4.891240386669889e-07,0.4537450281277218,-1.0627162421344383,3.6899993626924497,3.1996668626924496,-0.03493305995065196,-0.01949895099791947,-0.005838243311089639,4.62584114074707
1784122267.7841477,2026-07-15 15:31:07.784,20.0,1,-0.036608310190079194,-0.4995982574816026,0.3212424250569886,0.0006354704631703512,0.00183429488877542,2.8174420096755178e-05,0.4528089184944527,-1.3791282638639917,3.6937491536019973,3.2034166536019972,-0.043480587854632734,-0.019309350404472802,-0.005599247428587909,4.6218132972717285
1784122267.8343537,2026-07-15 15:31:07.834,20.0,1,-0.03663383701666467,-0.49960436841763917,0.3212305009951092,0.0006580244151360574,0.0018301442070611381,-1.4804602986002152e-05,0.6007449351809719,-1.6472426857306437,3.991652172884879,3.501319672884879,-0.048834953578932645,-0.01890647600726297,-0.004608894990936802,4.614511489868164
1784122267.8846061,2026-07-15 15:31:07.884,20.0,1,-0.0366181698819028,-0.4996046477884542,0.32124085592255713,0.000613486613394249,0.0018460604494423792,1.5960460854918456e-05,0.5430447406064645,-1.2748625209291051,3.7694795092041558,3.2791470092041557,-0.044531941629245925,-0.023668630551846183,-0.002993679165886432,4.617280960083008
1784122267.9348383,2026-07-15 15:31:07.934,20.0,1,-0.03662850411013961,-0.49960551857124025,0.3212320858828239,0.0006639736501234102,0.0018116012268229486,-1.8374832591501908e-05,0.5310551289393255,-1.461656519534151,4.030283253638187,3.5399507536381867,-0.04682886888352763,-0.02289488265428902,-0.011089278775003273,4.616022109985352
1784122267.9850621,2026-07-15 15:31:07.985,20.0,1,-0.036623358953041224,-0.4995985334534437,0.3212357245421857,0.000652287242096824,0.0018359849505456807,-1.8381939149678614e-05,0.5840388901100751,-1.193331156156054,3.8142339392876545,3.3239014392876545,-0.042988881178105,-0.023774539691009285,-0.0014887799636606538,4.62382698059082
1784122268.0352757,2026-07-15 15:31:08.035,20.0,1,-0.03662458534386296,-0.49960168405321026,0.32123481397241865,0.0006782282784655594,0.0018400537633038168,-2.2008722244189727e-05,0.7035371789840689,-1.237736572357875,3.935324489253959,3.444991989253959,-0.03913765491408757,-0.027314700619486796,-0.0041462077968802144,4.613252639770508
1784122268.08549,2026-07-15 15:31:08.085,20.0,1,-0.03659965994476358,-0.4995992775366853,0.32124211216165016,0.0006479940752493781,0.0018375577596711496,3.1846504152929615e-05,0.8932701252488268,-1.4816743524280036,3.9833049726509824,3.4929724726509823,-0.0472504006733829,-0.027827916191274595,0.00042343031740419085,4.627099990844727
1784122268.1357205,2026-07-15 15:31:08.135,20.0,1,-0.036623517691359984,-0.49960603849835394,0.32122835230501784,0.0006638047832688459,0.001824155069641692,3.975643789458901e-06,0.5847764409082065,-1.2406324339917287,4.035485504416579,3.545153004416579,-0.04197755759835294,-0.029084304235854425,0.0017145250796766274,4.62533712387085
1784122268.185958,2026-07-15 15:31:08.185,20.0,1,-0.03661577264079614,-0.4995965596392098,0.32123734615361543,0.0006419140347134254,0.0018319560692036717,-2.9821450051803527e-06,0.5778006598236485,-1.0293589596994814,3.725831816334041,3.235499316334041,-0.03543146958475603,-0.025699151654572445,-0.002606421806851116,4.621560573577881
1784122268.236198,2026-07-15 15:31:08.236,20.0,1,-0.03662910341962724,-0.49960109064009955,0.3212444448804143,0.0006463912285811466,0.001834374010192735,-1.1440327578630661e-05,0.5639536429757854,-1.0300242047417336,3.8186758307689126,3.3283433307689125,-0.03407335799796787,-0.02656163697700538,-0.0024802631606259395,4.612497329711914
1784122268.2864046,2026-07-15 15:31:08.286,20.0,1,-0.03663211555663254,-0.4996006707585494,0.321239631928238,0.0006338316767836698,0.0018558771794365465,-3.735703705585073e-05,0.46833556593477144,-1.5561003358819792,3.857311866160688,3.366979366160688,-0.04805787390741431,-0.02309207067897409,-0.005883645656192649,4.617280960083008
1784122268.3365784,2026-07-15 15:31:08.336,20.0,1,-0.03664179904959982,-0.49960441676259304,0.3212327908961793,0.0006551079652116763,0.0018312034267387155,-4.9263901951123936e-05,0.6401240586210986,-1.3961534558499489,3.9969731889162707,3.5066406889162707,-0.04519786611770746,-0.023668379186920233,-0.009195290242164509,4.620554447174072
1784122268.3867178,2026-07-15 15:31:08.386,20.0,1,-0.03660726098170625,-0.49960433557637485,0.3212251248896096,0.000694439073643852,0.0018380138269594413,2.8131516416672827e-05,0.38247435010601777,-1.1688146669918524,3.767248216801448,3.2769157168014478,-0.03789371934728436,-0.019829343437630206,0.0016536960175530442,4.624834060668945
1784122268.4368622,2026-07-15 15:31:08.436,20.0,1,-0.03660945233155684,-0.4996014255960803,0.32123831392185853,0.0006338789828159078,0.0018348453505568152,1.2745872054992648e-05,0.23962545545035818,-1.1079793352948406,3.7798239878473447,3.2894914878473447,-0.040247527117619517,-0.016083337936977908,-0.006263528281061896,4.621560573577881
1784122268.4870105,2026-07-15 15:31:08.487,20.0,1,-0.03661387325727335,-0.4996039551935769,0.3212276308109128,0.0006851673412214852,0.0018242543619835056,7.410464491995376e-06,0.6181270834856606,-1.2602862867693272,3.9665359891202288,3.4762034891202287,-0.04326523708916286,-0.0229921896981517,-0.00431176156030849,4.610483646392822
1784122268.5372598,2026-07-15 15:31:08.537,20.0,1,-0.036603883314573336,-0.4996096427897462,0.3212336262209863,0.000649887555294008,0.0018330801463862694,4.0257578252433876e-05,0.13680549943195888,-1.3601121788657542,3.63946965458597,3.14913715458597,-0.04236426015882272,-0.01231546868547147,0.0034463545221909363,4.612497329711914
1784122268.5874383,2026-07-15 15:31:08.587,20.0,1,-0.03660812858151821,-0.49959373938282464,0.3212587872399186,0.0005847372622846533,0.0018695187334208615,5.56378964180986e-06,0.7375794845191059,-1.0855189442979774,3.721134229568013,3.230801729568013,-0.03852626737763504,-0.03090852356403731,0.003462076757853776,4.617280960083008
1784122268.6376266,2026-07-15 15:31:08.637,20.0,1,-0.03660756353995953,-0.4996000858881201,0.32124595733296635,0.0006255584718490427,0.001821413078501122,3.510144459623462e-05,0.3913383859598977,-1.0956929752519227,3.9328004747684484,3.4424679747684483,-0.03740709871639645,-0.01746176882736911,0.005020439339673974,4.617532730102539
1784122268.6877997,2026-07-15 15:31:08.687,20.0,1,-0.036609746127111764,-0.49960224900634764,0.3212167579085298,0.0007140217793316766,0.0018061791561960784,1.2743097044878692e-05,0.7194515909072376,-1.5287069242359146,3.8869301275065506,3.3965976275065506,-0.04873415429416422,-0.026088766184254143,-0.002606503532996212,4.625589847564697
1784122268.7380295,2026-07-15 15:31:08.738,20.0,1,-0.036620001193900124,-0.4996046585172336,0.32123692419980754,0.000646653128606204,0.0018342358469318632,-6.590647829312999e-06,0.6996543384527955,-1.26005487112283,4.101459417589602,3.611126917589602,-0.04195248513389016,-0.02825055831528786,-0.003096640418729757,4.623323440551758
1784122268.7882807,2026-07-15 15:31:08.788,20.0,1,-0.03662907989565082,-0.4995971593669159,0.32124669186862254,0.0006174557664756037,0.001861737121519789,-1.8462581449080602e-05,0.48212747996366745,-1.3845932010663362,4.143683069217357,3.6533505692173573,-0.046150948046005814,-0.02211564757456085,-0.004779350228997309,4.609224796295166
1784122268.8384957,2026-07-15 15:31:08.838,20.0,1,-0.03660184730366291,-0.49960013947496534,0.3212401459920667,0.0006465253598264785,0.0018513519520603273,2.480258350254131e-05,0.6190225803448547,-1.2574958345449179,3.9524874993556933,3.4621549993556933,-0.04043810763349456,-0.02802236035163546,-0.001978455541931571,4.615015029907227
1784122268.8886688,2026-07-15 15:31:08.888,20.0,1,-0.03661291772274726,-0.49960851232541936,0.3212413940064648,0.0006515686454337848,0.0018496201488209685,2.0951571331699866e-05,0.28032059487637945,-1.2904906501086308,3.95926483764709,3.46893233764709,-0.04103681088885665,-0.01839641124542525,-0.002207265357106749,4.617280960083008
1784122268.9389102,2026-07-15 15:31:08.938,20.0,1,-0.03661902111092502,-0.49959680543829704,0.32124412330238233,0.0006063555809480681,0.0018485794997673893,8.824462968752552e-06,0.5179187895325704,-1.527019330724061,3.9246977746138723,3.434365274613872,-0.04794108829247303,-0.024091948523583567,-0.004796127950092379,4.617532730102539
1784122268.9891386,2026-07-15 15:31:08.989,20.0,1,-0.03661086378279421,-0.4995978975691168,0.32123369934408835,0.0006499612829307614,0.0018704353475609556,-3.0027137244100307e-06,0.5154573289907584,-1.0849916906615278,3.844256155804795,3.353923655804795,-0.040645431127118124,-0.02242112456447127,-0.001007249928039495,4.62382698059082
1784122269.0393655,2026-07-15 15:31:09.039,20.0,1,-0.03660122023418061,-0.4995972763149948,0.3212269223630549,0.0006650738978786439,0.001827555984077302,4.0363104461000044e-05,0.5621304264671481,-1.4061205763175162,4.017382629452613,3.527050129452613,-0.04663912423257451,-0.0199025030810085,-0.0037693971726149742,4.628610610961914
1784122269.0895774,2026-07-15 15:31:09.089,20.0,1,-0.03661468903486235,-0.49959847558975995,0.3212542994551698,0.0005791289241076041,0.0018544291098380795,1.590739423246612e-05,0.8590591006349882,-1.3636856840606966,3.7810662196121503,3.29073371961215,-0.04708930419861943,-0.03256957986079409,0.00030910939577907933,4.623323440551758
1784122269.139806,2026-07-15 15:31:09.139,20.0,1,-0.03660543925217628,-0.4995951860953207,0.3212435251220305,0.0006192902158623865,0.0018400387168144854,3.165388386257787e-05,0.3907911221522581,-1.4771695905215596,4.034060138081228,3.5437276380812284,-0.045049485783732975,-0.015868678608543203,-0.008451113611666516,4.62382698059082
1784122269.1900635,2026-07-15 15:31:09.190,20.0,1,-0.036614420740017146,-0.49960394362139604,0.3212521268848975,0.0006036455549811001,0.0018628020411015518,3.477620310771703e-05,0.6952240673836977,-1.4519108111159233,4.052248302874579,3.561915802874579,-0.04727091086833915,-0.02609399077891646,-0.005863162759446531,4.616525173187256
1784122269.2402515,2026-07-15 15:31:09.240,20.0,1,-0.036603157822672566,-0.4996063797070994,0.3212585529905754,0.0005768942860024933,0.001855297057371184,5.932457925552817e-05,0.7183214623369344,-1.187163380528818,3.9253869470918614,3.4350544470918614,-0.04131931477372807,-0.026412111966777355,-0.0027930502961465782,4.614511489868164
1784122269.290376,2026-07-15 15:31:09.290,20.0,1,-0.036610840067604365,-0.4996007513160223,0.32125671003638284,0.0005771467303284895,0.0018426414246227065,4.362694755723787e-05,0.5804655901676584,-1.368115064576814,4.165125450735203,3.6747929507352026,-0.043858712088055994,-0.027179980586024416,-0.0034351960876658604,4.617029190063477
1784122269.3405337,2026-07-15 15:31:09.340,20.0,1,-0.03661709763521561,-0.4996030385211597,0.3212311247198889,0.0006474980615780024,0.001837673029687293,5.249539417629349e-07,0.8290296336515118,-1.2650938736674622,3.894827711594565,3.404495211594565,-0.03818619917542159,-0.031515031551501795,-0.0035014119252615053,4.619042873382568
1784122269.390732,2026-07-15 15:31:09.390,20.0,1,-0.03660092560188551,-0.4996064966789081,0.3212362880138543,0.0006247286146590512,0.001842028564914288,4.737657799181856e-05,0.19731099153316617,-1.3783126619444483,3.9871264096914585,3.4967939096914584,-0.04403567643658454,-0.01458622663623298,-0.001853192930532442,4.624330997467041
1784122269.4409764,2026-07-15 15:31:09.440,20.0,1,-0.03662527772413789,-0.49959740342895703,0.32124071962437895,0.0006470753640302648,0.0018340783661900798,-3.01066093027898e-06,0.9472647643553428,-1.1496442013758144,3.6996843127456747,3.2093518127456746,-0.041260623978036426,-0.03452672504412434,-0.0011355970856770652,4.624330997467041
1784122269.4912922,2026-07-15 15:31:09.491,20.0,1,-0.03663179472805549,-0.49959819211754886,0.32124711395846467,0.0006180049257535483,0.001857630412141944,-3.7477094683158267e-05,0.7634003745955992,-1.3256126541131692,3.81918599108381,3.32885349108381,-0.04045776077754475,-0.032635695333681915,-0.0028105745022337855,4.623072147369385
1784122269.5415428,2026-07-15 15:31:09.541,20.0,1,-0.03663528261341882,-0.4996044018239321,0.3212364947895106,0.0006634894819874948,0.0018453277009874093,-3.7447089420783396e-05,0.4150137548235005,-1.0334203324541715,3.879617448759524,3.389284948759524,-0.03940859040926792,-0.019903144574477352,0.003232141836708551,4.626092910766602
1784122269.5917718,2026-07-15 15:31:09.591,20.0,1,-0.036618183797250965,-0.499594488653541,0.3212447418862911,0.0006221123025086747,0.0018429685172246118,1.58747744893542e-05,0.5807023798199937,-1.3148608273513303,4.0148729592766506,3.5245404592766505,-0.043007701789085244,-0.02334378045713463,-0.0027418238134254017,4.612497329711914
1784122269.6419497,2026-07-15 15:31:09.641,20.0,1,-0.03661661402535807,-0.499606539005399,0.32124423909143224,0.0006304537036090813,0.0018571416827691059,4.6364521974654596e-07,0.8450457534363384,-1.4944449253260497,4.082420175348554,3.592087675348554,-0.05057729262093247,-0.029185873478768425,-0.005947625590330701,4.617029190063477
1784122269.692132,2026-07-15 15:31:09.692,20.0,1,-0.036616668034665574,-0.49960047733464513,0.32124003916346555,0.0006317818283717009,0.0018395244712726747,1.243932306803277e-05,0.5936152819389371,-1.2101068911665722,3.673287667809454,3.182955167809454,-0.04185978640418799,-0.023166688394723873,-0.00023968804958526504,4.616273880004883
1784122269.7423573,2026-07-15 15:31:09.742,20.0,1,-0.03662330130346486,-0.49959555576237225,0.32123508613717444,0.0006370778251941756,0.0018336550407266642,-2.906909095588747e-06,0.7676691480860522,-1.3522777447904566,3.8612851795287475,3.3709526795287474,-0.04292021732412151,-0.02625416823791009,-0.00015010283545515638,4.626092910766602
1784122269.7925532,2026-07-15 15:31:09.792,20.0,1,-0.03663012992496547,-0.4996000986465755,0.32126002570559736,0.0005869962144812758,0.0018726933994221836,-2.3349693718452447e-05,0.5978061865611435,-1.4328803942409454,3.8866395178381357,3.3963070178381356,-0.04840968115417818,-0.021094592211068724,0.0014698685284611455,4.624582290649414
1784122269.8427968,2026-07-15 15:31:09.842,20.0,1,-0.03662306129785248,-0.4995988165394099,0.3212430654300593,0.0006502836527106098,0.0018538358299638048,-6.570726431302329e-06,0.8588298777054629,-1.4965358359726044,3.6790310159032815,3.1886985159032815,-0.05207607510704415,-0.028829519740947822,0.0013655697430151206,4.621309280395508
1784122269.8930333,2026-07-15 15:31:09.893,20.0,1,-0.03662349203875143,-0.4995909827570914,0.3212425959524243,0.0006157236066857483,0.0018412840436340784,-6.477310647487987e-06,0.5474903350960333,-1.1518357067466194,3.6894245520743016,3.1990920520743016,-0.03786437127092685,-0.024085018664676407,0.0016905143151851442,4.616273880004883
1784122269.9432642,2026-07-15 15:31:09.943,20.0,1,-0.03661422741143607,-0.4995993093185232,0.32123194893940493,0.000652467316093909,0.0018616965102706518,8.838688161333445e-06,0.37894437305357037,-1.1741981755964792,3.7370277675806287,3.2466952675806287,-0.04118126265695648,-0.017563404743690187,-0.0016685529264549239,4.618539810180664
1784122269.993494,2026-07-15 15:31:09.993,20.0,1,-0.03662227622880076,-0.49959907641146767,0.3212453150758347,0.0006177117345559625,0.00184456515885963,4.002127150834841e-06,0.43077923699890674,-1.3694206765082548,3.631933782673534,3.141601282673534,-0.04567882611667911,-0.01829230579604514,0.001184093151678913,4.612497329711914
1784122270.043725,2026-07-15 15:31:10.043,20.0,1,-0.036605791442779534,-0.49960378906506236,0.3212470433809461,0.0006039403416741795,0.0018665719613157952,3.16044790870107e-05,0.42853720751632346,-1.0846820528081644,3.632390935505011,3.1420584355050107,-0.035764756485564576,-0.01892992599994816,0.0015910532778964993,4.6167778968811035
1784122270.093957,2026-07-15 15:31:10.093,20.0,1,-0.036621781298450416,-0.4995989636777872,0.32123581578691907,0.0006555932017978763,0.0018480942330778545,-1.4887214639489128e-05,0.6031026912275285,-1.3471414005542466,3.5714239117194917,3.0810914117194916,-0.04638670530721623,-0.02446558031824882,0.0006729756151820029,4.617532730102539
1784122270.144135,2026-07-15 15:31:10.144,20.0,1,-0.03660910365797321,-0.4996018781618674,0.32125054418591076,0.0005917114068837284,0.0018538617298384625,1.2765942083558187e-05,0.7238681294254016,-1.4122732636232944,3.5603040963492605,3.0699715963492604,-0.0452648123879581,-0.027581099470677644,-0.004677633926947621,4.624078273773193
1784122270.1944108,2026-07-15 15:31:10.194,20.0,1,-0.03661067334316375,-0.4995965586397201,0.3212419115461368,0.0006317968233218245,0.0018268599968124892,9.211992889441397e-06,0.2268743612731713,-1.236887994250446,3.817306887585956,3.326974387585956,-0.037791145472414835,-0.014738252190070444,-0.001171267210543805,4.629366397857666
1784122270.244645,2026-07-15 15:31:10.244,20.0,1,-0.03661888754992205,-0.49960122559087305,0.32123965513048663,0.000639546998400215,0.0018499212035793372,8.747160452408341e-06,0.6400752117942822,-1.3749647101145963,3.8708117143206766,3.3804792143206766,-0.042977685474965,-0.023579437479085027,-0.0005580411121643323,4.622568130493164
1784122270.2948637,2026-07-15 15:31:10.294,20.0,1,-0.03661618928020975,-0.4996016563757367,0.32124501983929044,0.0006119332913052244,0.0018676278640570496,8.833787726964051e-06,0.5638097318010097,-1.2712932270271378,3.6665014974503025,3.1761689974503025,-0.0438736666862472,-0.026548810608162058,0.0006184307418931333,4.616273880004883
1784122270.3452644,2026-07-15 15:31:10.345,20.0,1,-0.036626382559946026,-0.4996053999223959,0.3212301063405997,0.0006616293794911598,0.001828861885054287,-3.06619839479995e-06,0.6972277005167757,-1.2978818638152279,3.6484428887877542,3.158110388787754,-0.04222387727562054,-0.02709349153077207,-0.004883509447241401,4.611238479614258
1784122270.3954773,2026-07-15 15:31:10.395,20.0,1,-0.03661573053701629,-0.4996040727234503,0.3212393874248421,0.0006419154756907757,0.0018530128688400648,2.4319828782107415e-05,0.4439713042310403,-1.1573536519573153,3.8106663951518684,3.3203338951518684,-0.040150165741715274,-0.020110041758716505,-0.0015620287623541078,4.614007472991943
1784122270.4457104,2026-07-15 15:31:10.445,20.0,1,-0.036611720577215304,-0.4996054737488679,0.32125518497086397,0.0006153836909626266,0.0018492988690362764,2.4537551564904832e-05,0.4808722133362642,-0.9549446379850508,3.9551360724434788,3.4648035724434787,-0.03392662383556386,-0.025513127643235354,-0.0010729639321053054,4.620805740356445
1784122270.4959621,2026-07-15 15:31:10.495,20.0,1,-0.03663027649348184,-0.49960024631251115,0.321233448711091,0.0006674704317045809,0.0018103399938677264,-1.008454985810197e-05,1.1482824126455733,-1.188763661085046,3.879366042554334,3.389033542554334,-0.04155488770993203,-0.038155621291159944,0.0015582217705593028,4.617280960083008
1784122270.5462055,2026-07-15 15:31:10.546,20.0,1,-0.03661048094034707,-0.4995994732118157,0.3212433324754964,0.0006045946579404696,0.0018662869356164216,4.062744286193814e-06,0.5873769903352988,-1.0689563463110912,3.7708692463429205,3.2805367463429205,-0.03471406811954456,-0.026110656925564774,-0.005867577733495987,4.625589847564697
1784122270.5964365,2026-07-15 15:31:10.596,20.0,1,-0.036610370711273245,-0.4996016860845179,0.3212423567503998,0.0006300047809806987,0.001843974181646545,2.8071106292667735e-05,0.5831430517068495,-1.3861251219026072,3.7871438313114445,3.2968113313114444,-0.04329858176444001,-0.025846868271692903,-0.002157938930229156,4.617280960083008
1784122270.6466367,2026-07-15 15:31:10.646,20.0,1,-0.03661358294358656,-0.49959540166613536,0.32124567240996765,0.0006177391781000904,0.0018406124764959208,1.590904518566975e-05,0.5446728915932916,-1.2075585423959376,3.7504080176556918,3.2600755176556917,-0.03855123041920775,-0.02013859959898125,0.0016780008420879994,4.616273880004883
1784122270.6968675,2026-07-15 15:31:10.696,20.0,1,-0.03660954093869697,-0.49959425443594885,0.32124103347151417,0.0006225612409856623,0.0018465686947028894,3.645027093003633e-05,0.9887598374241813,-1.3163250677075258,3.7223529194737948,3.2320204194737947,-0.04391929236070702,-0.033732810963635965,-0.002909258573611458,4.618288040161133
1784122270.7472465,2026-07-15 15:31:10.747,20.0,1,-0.0366361354232959,-0.49960518073225696,0.32124258344242634,0.0006391398202277766,0.0018501191144381715,-2.5640928305211325e-05,0.6774402957976187,-1.3999453831430653,3.9167776272745027,3.4264451272745027,-0.04216711193501273,-0.02622155311245326,-0.003922834851456707,4.6152663230896
1784122270.7974398,2026-07-15 15:31:10.797,20.0,1,-0.036617913999614546,-0.49960252591585813,0.3212384496649184,0.0006384037646335558,0.001833247403585632,1.2437570687746368e-05,0.9016012195148309,-1.4876000095138562,3.941174333155129,3.450841833155129,-0.04746132057672672,-0.03382222686346464,-0.007332915466998374,4.618539810180664
1784122270.8476233,2026-07-15 15:31:10.847,20.0,1,-0.03661490758746408,-0.4996052949147995,0.32122413220710744,0.0006949477109460853,0.0018301169906733844,3.9410045603572925e-06,0.5948629955852495,-1.431190379628562,3.92373420735842,3.4334017073584198,-0.04389324364505564,-0.02808882333721976,-0.0059191038836260415,4.625085830688477
1784122270.8978028,2026-07-15 15:31:10.897,20.0,1,-0.036609712942337266,-0.49959846507386924,0.32123515881870296,0.000643252289929621,0.0018353919757258263,9.205135018872257e-06,0.9701533907102707,-1.3223523884381232,3.996451142494587,3.506118642494587,-0.04086201595781626,-0.03454802536074644,-0.0006138391211984547,4.621309280395508
1784122270.9479833,2026-07-15 15:31:10.947,20.0,1,-0.03662551117937521,-0.4996021085739301,0.3212448734117801,0.0006081881778216265,0.0018315213600674667,5.396130172000434e-07,0.7480139056960425,-1.228648585362021,4.005731595677239,3.515399095677239,-0.0408533637565298,-0.02524662084395076,-0.002916681582252669,4.62382698059082
1784122270.9982054,2026-07-15 15:31:10.998,20.0,1,-0.036621529217232336,-0.49960192532528175,0.3212375014434064,0.0006354508465851723,0.001838209495221591,1.941421602296537e-05,0.8900469540155702,-1.4555363297295711,4.053421060876868,3.563088560876868,-0.046444429401097984,-0.032213745432354085,-0.0021223914131555206,4.621057510375977
1784122271.048398,2026-07-15 15:31:11.048,20.0,1,-0.036616109407177,-0.4996037256331312,0.3212436441556417,0.0006507834668326759,0.0018459708370052454,1.2378234947616508e-05,0.6592128158122255,-1.284408125538328,4.2469035472442185,3.7565710472442184,-0.04325086062030359,-0.028723173793156098,-0.005406320637894947,4.60796594619751
1784122271.0986676,2026-07-15 15:31:11.098,20.0,1,-0.03660321748783438,-0.4996011524601654,0.32123496241290106,0.000661213670188729,0.0018383770812047493,3.673534681631874e-05,0.4302392940873458,-1.2261105960930374,3.9496788555742484,3.4593463555742483,-0.0407348864404092,-0.02369748756878742,-0.006827416466424148,4.617029190063477
1784122271.1488972,2026-07-15 15:31:11.148,20.0,1,-0.03659248821480872,-0.4996035999353133,0.32123314577400763,0.0006496078790368991,0.0018424981083010458,4.399239736913087e-05,0.8083464139969929,-1.4336468374112186,4.048405854917997,3.5580733549179966,-0.04565018165887112,-0.031878115471067975,-0.003173105619020396,4.623072147369385
1784122271.1991956,2026-07-15 15:31:11.199,20.0,1,-0.03660645648746273,-0.49960069082938413,0.32123653681941094,0.0006265155571445941,0.0018584426226785568,2.8173955046698836e-05,0.8608809056708853,-1.3859625741013246,3.8925931001297482,3.402260600129748,-0.04559919758711249,-0.030204149635684765,-0.005911170874053342,4.618791580200195
1784122271.249386,2026-07-15 15:31:11.249,20.0,1,-0.03661242665815787,-0.4996013656522794,0.32124592346181935,0.0006316419273478296,0.0018604971690643476,5.853180571327053e-07,0.8872838986744778,-1.3575694135832908,3.874226318455168,3.383893818455168,-0.043789648222982314,-0.03003837097907123,0.0026105425357016536,4.626595973968506
1784122271.299613,2026-07-15 15:31:11.299,20.0,1,-0.036610301251959965,-0.4995954358434288,0.321257904092294,0.0005809494462778608,0.0018785853016875774,6.087493380099313e-07,0.6622191267945902,-0.9354780895897309,3.951525443442556,3.461192943442556,-0.033970674191880594,-0.027106661305563273,-0.004205697065600894,4.61979866027832
1784122271.3498397,2026-07-15 15:31:11.349,20.0,1,-0.036614211965672064,-0.49960437376816985,0.3212323937761475,0.0006493885349169566,0.0018628230931905176,1.5889054104975013e-05,0.37129357982330224,-1.1927734890555604,3.92521971860401,3.43488721860401,-0.041742962494995484,-0.020677498791644728,0.00022611031828166823,4.609979629516602
1784122271.4000165,2026-07-15 15:31:11.400,20.0,1,-0.03662529399214331,-0.49960432203800836,0.3212346825317373,0.0006477367249497999,0.0018673549108206764,-6.8051538912151025e-06,0.5036502441461573,-1.1154917654737213,3.891570638665792,3.401238138665792,-0.0375436911515946,-0.022824541744190303,-0.006381528523262567,4.621560573577881
1784122271.4502172,2026-07-15 15:31:11.450,20.0,1,-0.03661488916172015,-0.4996018409938677,0.32126126857601306,0.0005907159197729725,0.0018378609819956217,2.099975300757883e-05,0.4167277694174939,-1.0753064244757762,3.9076024893468992,3.417269989346899,-0.040094123547577104,-0.022472172337898704,0.0036013516698368345,4.626344680786133
1784122271.5004494,2026-07-15 15:31:11.500,20.0,1,-0.03662354347450404,-0.49959663645079494,0.3212478718469858,0.0006088318076050331,0.0018312855620096536,5.427120038243333e-07,0.7601719063091033,-1.5601350699148915,4.063821613330974,3.5734891133309743,-0.04815560060393152,-0.027608710274608993,-0.003482956646978034,4.620554447174072
1784122271.5506961,2026-07-15 15:31:11.550,20.0,1,-0.03661370584191875,-0.49960084532927446,0.32124131679355017,0.000624234734136547,0.0018382975128251912,4.102372660304164e-06,0.7942176383416987,-1.3696680652122175,3.9587942836049472,3.468461783604947,-0.045803405088682886,-0.029811836598276496,-0.0026430990467774937,4.616525173187256
1784122271.6009252,2026-07-15 15:31:11.600,20.0,1,-0.036612674294398115,-0.49960160075067206,0.32122685985007526,0.0006651598297787179,0.0018275535163099444,2.44938864978575e-05,0.3967833668826008,-1.0934558360087359,3.927791300308215,3.437458800308215,-0.03940003542750624,-0.02044140996947076,0.0012439121585992436,4.616273880004883
1784122271.6510696,2026-07-15 15:31:11.651,20.0,1,-0.036612839873739526,-0.49960631834688435,0.3212310581200071,0.0006606007270725166,0.0018127905310952768,1.2807148624218479e-05,0.590797369094052,-1.2462706886815544,4.189571192774268,3.6992386927742675,-0.038577420969486395,-0.023889752741381835,-0.0027941790051715224,4.622064590454102
1784122271.7012613,2026-07-15 15:31:11.701,20.0,1,-0.03663391116379235,-0.4996040926909591,0.3212495637273503,0.0006147260738493223,0.001858850416957486,-1.8605803464981893e-05,0.5513606210969647,-1.4118135406390102,4.038192318255086,3.547859818255086,-0.04569218036148285,-0.02368069896079215,-0.003806928972882119,4.626092910766602
1784122271.7514992,2026-07-15 15:31:11.751,20.0,1,-0.03660964632033027,-0.4996019637318661,0.3212365731693189,0.0006372873246080148,0.0018336225208747552,2.81852201960099e-05,0.43589791012789453,-0.9278980826297425,4.0108134408215,3.5204809408215,-0.03323030619236326,-0.021667249765995066,0.004629061471109233,4.62533712387085
1784122271.801703,2026-07-15 15:31:11.801,20.0,1,-0.03662317988623665,-0.49960125758456037,0.32123958552705295,0.000633023151991201,0.0018522422255042598,-1.8456036028362044e-05,0.7203517058796136,-1.324112637331177,3.8860136852949285,3.3956811852949285,-0.04253348509825853,-0.027485327270956785,0.0038706687350066465,4.617784023284912
1784122271.8519406,2026-07-15 15:31:11.851,20.0,1,-0.036633002174542885,-0.4996028065936309,0.3212393874248421,0.0006419254160890588,0.0018530094255180534,-3.4092704380967106e-05,0.5729710416615726,-1.0466741878295855,3.778321540790212,3.287989040790212,-0.03853492567789151,-0.024347185571197826,0.0012527670414698786,4.614763259887695
1784122271.902113,2026-07-15 15:31:11.902,20.0,1,-0.03662698938894969,-0.4995982799000833,0.32124636416997226,0.0006133320968714728,0.001821840518816942,-1.840557638540018e-05,0.6361295091669132,-1.0837485065984607,3.8082509397284197,3.3179184397284196,-0.03737891447772776,-0.02701222695954099,-0.0003747912831255096,4.617280960083008
1784122271.952246,2026-07-15 15:31:11.952,20.0,1,-0.036629033264357916,-0.49960309013317133,0.3212386210469775,0.000639735318310477,0.0018240547084712622,-6.630645650994919e-06,0.45775334591659755,-0.9004319367672117,3.870559734006687,3.380227234006687,-0.03404038967249629,-0.021032475735968652,0.004182555035743683,4.624834060668945
1784122272.002402,2026-07-15 15:31:12.002,20.0,1,-0.03660009637954825,-0.49960634136936294,0.3212391228503439,0.0006502389772596649,0.0018665016886824119,2.488344718859415e-05,0.43550780998021493,-1.0010765447298788,3.580414127100608,3.090081627100608,-0.034636961191483205,-0.019914754309048006,-0.00034006866259413777,4.622568130493164
1784122272.0525522,2026-07-15 15:31:12.052,20.0,1,-0.036608409826872766,-0.4995971369058576,0.3212586407874773,0.0005565454435104327,0.001858688346898655,1.6282204158141806e-05,0.49454209562124524,-1.2103965706371185,3.922052594912251,3.431720094912251,-0.040423251102390687,-0.0214022267997084,-0.0003012460990066263,4.6167778968811035
1784122272.1027863,2026-07-15 15:31:12.102,20.0,1,-0.03662780299768425,-0.49960393587465524,0.3212593118893219,0.0005824826477885541,0.0018703906473420968,-2.9098983893693574e-05,0.7431065350702853,-1.365273398947843,3.993037848256501,3.502705348256501,-0.045446658030367376,-0.030558342698189488,-0.002504729549947423,4.6152663230896
1784122272.1529775,2026-07-15 15:31:12.152,20.0,1,-0.0366111323138155,-0.49959511124776695,0.32124293591690495,0.0006324497141445493,0.0018392783221673516,2.2933658665882092e-05,0.2955783834629782,-1.5550922612353097,3.87532521126438,3.38499271126438,-0.04816791413016844,-0.01943782397748984,-0.005743610552212587,4.627854824066162
1784122272.2032855,2026-07-15 15:31:12.203,20.0,1,-0.03660368790842867,-0.49959948052939857,0.3212350467619923,0.0006502542846977417,0.0018537767521235515,3.1729776376342813e-05,0.8297818068489358,-1.4526183543731384,3.6861568369378945,3.1958243369378945,-0.04825432516835821,-0.02528341116242387,-0.005179812915577777,4.620050430297852
1784122272.2535315,2026-07-15 15:31:12.253,20.0,1,-0.03662789945825539,-0.499598546048721,0.3212518637409911,0.0005852967525952488,0.0018396995359481773,-3.1493976391903472e-06,0.4966564174209703,-1.2425410788104756,3.9768304139826687,3.4864979139826686,-0.043991026694180695,-0.020587462656752833,-0.0010789139129032995,4.627603530883789
1784122272.3037624,2026-07-15 15:31:12.303,20.0,1,-0.03660953757575209,-0.4996041744928393,0.321233805431691,0.0006451524972733495,0.0018518142802962485,1.26572206664653e-05,0.4847778980037891,-1.2982363616547332,3.9437818908227094,3.4534493908227093,-0.03973767460189056,-0.022560602906854892,-0.002656554267610856,4.620301723480225
1784122272.3539329,2026-07-15 15:31:12.353,20.0,1,-0.03661701961837563,-0.49960002130591064,0.3212288471683775,0.0006573737443086615,0.001826409774682643,5.418663379184879e-07,0.6591132556639357,-1.0423974910458422,3.681559255964939,3.191226755964939,-0.03494226102387186,-0.0297506050033436,-0.0016584609984806222,4.61375617980957
1784122272.4041061,2026-07-15 15:31:12.404,20.0,1,-0.036608448060905574,-0.4996014335777662,0.32125293658757553,0.0005880764547176624,0.0018589664893299144,3.1621533063562076e-05,0.6302746071340938,-1.2723291928402367,3.758270702757714,3.2679382027577137,-0.041760799528680066,-0.028027911763930265,-0.0034139422194216663,4.617280960083008
1784122272.454339,2026-07-15 15:31:12.454,20.0,1,-0.036607305407229465,-0.4995969073669541,0.3212473703106301,0.0006469700029415561,0.0018341596574634877,2.81410366331736e-05,0.6781365426811569,-1.5744689369423905,3.8799164860949396,3.3895839860949395,-0.04748759171227521,-0.028590983098844547,-0.0009494240002690613,4.624078273773193
1784122272.5045493,2026-07-15 15:31:12.504,20.0,1,-0.03661999453700117,-0.4996032013348101,0.32123343120486264,0.0006421256871332788,0.0018318878004687034,3.927889387044955e-06,0.8886292447557921,-1.280446274123858,3.9380791860574322,3.447746686057432,-0.043556458357090856,-0.03094582627673276,-0.0012933375417718738,4.620805740356445
1784122272.5547795,2026-07-15 15:31:12.554,20.0,1,-0.03662839713777443,-0.4996044875114233,0.3212448552629003,0.0006188880135542053,0.0018402541930005523,-1.856907920014423e-05,0.2806141448586816,-1.2544578106142084,3.980528662130626,3.490196162130626,-0.04545907095133739,-0.016961361917597416,-0.0015684128021284016,4.621309280395508
1784122272.6050577,2026-07-15 15:31:12.605,20.0,1,-0.03661847124193235,-0.4996003911394416,0.3212445152851195,0.0006149064902846141,0.0018455613842202298,-6.5147876215695676e-06,0.5761447227690542,-1.289387976335214,3.9842503935671396,3.4939178935671396,-0.04219418002662869,-0.02420134185576756,0.00012970265127796747,4.611489772796631
1784122272.6552894,2026-07-15 15:31:12.655,20.0,1,-0.036618074215018066,-0.49960390638682145,0.32123907789144374,0.0006507930808387998,0.0018459321975532468,2.753524675361853e-05,0.7581827129983779,-1.4358782744888472,4.031899014897379,3.5415665148973785,-0.044932120187868546,-0.0295348455993549,-0.011878644981002297,4.621057510375977
1784122272.7054703,2026-07-15 15:31:12.705,20.0,1,-0.03661993868946595,-0.49960387157281777,0.3212382236651265,0.000640789363142027,0.0018534044429234346,7.516906056589859e-06,0.874432860280113,-1.1167841022586513,3.909805567730857,3.419473067730857,-0.03932960741880377,-0.03310400095475733,0.0037814191482292976,4.610734939575195
1784122272.7556734,2026-07-15 15:31:12.755,20.0,1,-0.03663356698155962,-0.4996032723767951,0.3212507516978191,0.0005842217065393668,0.0018565465915471287,-1.855793883017316e-05,0.5669029261086173,-1.28421052069898,3.7602495430362115,3.2699170430362114,-0.04140355185265706,-0.02363252032032493,-0.0016654683692227316,4.615519046783447
1784122272.805926,2026-07-15 15:31:12.805,20.0,1,-0.036614653718651524,-0.4995996413897484,0.3212439557254924,0.0006177299671695018,0.0018577032697819891,1.5881467201383777e-05,0.6415243363556442,-1.6136908622657637,3.9491478148518486,3.4588153148518486,-0.04996718507611361,-0.024656773443118882,-0.003000940627540859,4.617280960083008
1784122272.8561559,2026-07-15 15:31:12.856,20.0,1,-0.03662309230116254,-0.4996061370155444,0.32124258344242634,0.0006391156697703122,0.0018501274571628957,4.6589777153258533e-07,0.9224172279057793,-1.3483552921003021,3.8735794312728427,3.3832469312728426,-0.04302832845487017,-0.030017291447299924,-0.004165029715202801,4.618539810180664
1784122272.9064271,2026-07-15 15:31:12.906,20.0,1,-0.03661422698437845,-0.49959987295851443,0.3212425940944586,0.0006187703756821284,0.0018612448223597994,1.5850315085722232e-05,0.8656256469242997,-1.772523230037371,4.111251082766824,3.6209185827668238,-0.05390936269144569,-0.030372541665913903,-0.0065025866794000955,4.623575210571289
1784122272.9566607,2026-07-15 15:31:12.956,20.0,1,-0.036623992438294964,-0.499598771490652,0.3212407900954183,0.0006585279913678565,0.0018300135886041202,-3.0865557154075853e-06,0.863900384696591,-1.8341530084115976,4.3064218436200346,3.8160893436200345,-0.055077110610833,-0.030490703530846323,-0.006939071191237238,4.624078273773193
1784122273.0068917,2026-07-15 15:31:13.006,20.0,1,-0.03661949107928147,-0.49959982946428466,0.32124814614635466,0.000613657079330645,0.0018553938215346913,7.527824271937728e-06,0.6441861006776191,-1.4645444461984771,3.9858473694194014,3.4955148694194014,-0.04427751869450784,-0.02261632058655409,-0.0018364308093171767,4.62382698059082
1784122273.0571997,2026-07-15 15:31:13.057,20.0,1,-0.03661823912026843,-0.4996099544566065,0.32124219384022057,0.000614152072351676,0.0018458631569040914,-3.0403269512044077e-05,0.06925441614260452,-1.2391027927804452,3.9846354767629504,3.4943029767629503,-0.040247291936945415,-0.011660530322598917,-0.005998589627089222,4.62584114074707
1784122273.107394,2026-07-15 15:31:13.107,20.0,1,-0.03661723494806313,-0.499596097986219,0.32124588133202425,0.0006247806109588186,0.001825592336786334,5.360989236557922e-07,0.702053124960853,-1.6146198601062123,4.09010498917036,3.59977248917036,-0.05036775650968453,-0.028340818407476046,-0.010502708647664073,4.626092910766602
1784122273.1576438,2026-07-15 15:31:13.157,20.0,1,-0.03661022049728056,-0.4995990434267314,0.3212495743857594,0.0006224322102800311,0.0018264708602928606,2.8173511928553892e-05,0.9446994881346409,-1.4141952433318994,4.16493827793246,3.6746057779324603,-0.04394298812346752,-0.03421566283195662,-0.0024207360818782574,4.617532730102539
1784122273.2078743,2026-07-15 15:31:13.207,20.0,1,-0.03663752274782764,-0.49960409903653147,0.32123616696423674,0.0006612295780236126,0.0018290505461627097,-4.111648634028973e-05,0.6661983479542075,-1.646420614767198,4.082399616786035,3.592067116786035,-0.05232488459865181,-0.028513615814735604,-0.007685889347433159,4.61577033996582
1784122273.2580996,2026-07-15 15:31:13.258,20.0,1,-0.03661981355568016,-0.4995998033980443,0.3212467314880227,0.0006240331934533956,0.0018632040750411495,4.739370853289024e-07,0.5841136832108422,-1.143053531047486,3.857267825702499,3.366935325702499,-0.03959438716758099,-0.022729809156992072,0.004473235210951295,4.617280960083008
1784122273.308346,2026-07-15 15:31:13.308,20.0,1,-0.03662075342166804,-0.49959961400378616,0.3212453256832853,0.0006218274891737702,0.0018562595979710256,-1.4885624754753313e-05,0.6553890896590937,-0.9993285675948145,3.7775269786183188,3.2871944786183187,-0.038660962440362656,-0.026566775149454974,0.004938692389598519,4.620554447174072
1784122273.358577,2026-07-15 15:31:13.358,20.0,1,-0.036613954416018904,-0.49959292634654284,0.32124905858470243,0.0006110121843762812,0.0018469398433022491,1.244745880422769e-05,0.901281383962714,-1.2883599332605078,4.03874148071282,3.5484089807128196,-0.04398591210399442,-0.03266241331019402,-0.002575248782386271,4.628610610961914
1784122273.4088273,2026-07-15 15:31:13.408,20.0,1,-0.03661412936935809,-0.49959961540507597,0.32124711282819124,0.0006192308473441545,0.001861116320150576,1.5862219779576304e-05,0.9585440604948764,-1.5583285667728106,3.88083497917016,3.39050247917016,-0.048160831998020785,-0.03558736309182985,-0.004287698135726521,4.618288040161133
1784122273.4592292,2026-07-15 15:31:13.459,20.0,1,-0.036618834265431985,-0.49960000195894855,0.32126020740797856,0.0005864546720615229,0.0018518826725566079,8.837211825546666e-06,0.8532386848705913,-1.2997232523874203,3.9206281856244045,3.4302956856244045,-0.044499740226058924,-0.03216756743257102,-0.004240690597388322,4.626092910766602
1784122273.5094612,2026-07-15 15:31:13.509,20.0,1,-0.036608466937866777,-0.49960648177810896,0.32123505623327786,0.0006529873845246728,0.001849051016608628,1.2875900098333202e-05,0.46314010309762216,-1.3711124532491699,4.202546133958534,3.712213633958534,-0.04578153230884547,-0.02420714488235312,-0.0019375610518154011,4.627351760864258
1784122273.5596902,2026-07-15 15:31:13.559,20.0,1,-0.036604429365015866,-0.49959764668500667,0.3212371129660609,0.0006358979275458053,0.001834094696973484,3.535036561388139e-05,0.8589655188462373,-1.4274967267257963,4.0873850532678215,3.5970525532678215,-0.04672027873916174,-0.03330453844955577,-0.0035214795039733623,4.6218132972717285
1784122273.6099157,2026-07-15 15:31:13.609,20.0,1,-0.03662270105930513,-0.4996002543052477,0.3212413632022552,0.0006250574142670223,0.0018419276962090248,5.197576186310316e-07,0.627067123326531,-1.469197512414312,4.060076767972428,3.5697442679724283,-0.04650652976919088,-0.0255338385933091,-0.007398740662352505,4.622568130493164
1784122273.6601434,2026-07-15 15:31:13.660,20.0,1,-0.036610618415388665,-0.4995981989573909,0.3212473730437542,0.0006152202305805889,0.0018377412360507848,2.4604885537404615e-05,0.7353806469979836,-1.348482172690165,4.146156968179497,3.655824468179497,-0.042201509214276164,-0.027116703672650486,-0.007998554030603672,4.619546890258789
1784122273.7103486,2026-07-15 15:31:13.710,20.0,1,-0.03661299754322218,-0.4995965370575814,0.32123847701870656,0.0006321389975911513,0.0018229163866282296,9.140502108089118e-06,0.6702428449052008,-1.423378571962881,3.850462079972556,3.360129579972556,-0.04446478345700085,-0.025137090730981325,-0.00535054765013371,4.614007472991943
1784122273.760577,2026-07-15 15:31:13.760,20.0,1,-0.036596545407809135,-0.4996008493662977,0.32124113524132286,0.0006259043889542956,0.001858693520943167,3.224062608427417e-05,0.70271977065862,-1.4052071043152272,3.7796995390256973,3.2893670390256973,-0.04310767765660281,-0.028350257487971195,0.0035585389194894407,4.616273880004883
1784122273.8108249,2026-07-15 15:31:13.810,20.0,1,-0.03663098754875471,-0.49960505944556355,0.3212467405862507,0.0006257922312031538,0.001834023926576684,-1.381298240091365e-05,0.6015921103311008,-1.4275844541705833,4.06080222747526,3.5704697274752597,-0.04488015682024758,-0.02600738091477459,-0.004737962451650169,4.617532730102539
1784122273.86119,2026-07-15 15:31:13.861,20.0,1,-0.03661143913355785,-0.49960328547081706,0.3212366237906098,0.0006503863289044763,0.0018328948356775108,2.8012647362956595e-05,0.4319073867653074,-1.190330778276465,3.997678347014088,3.507345847014088,-0.04031755407349639,-0.020776778143492627,0.0041540046734599035,4.625589847564697
1784122273.9113965,2026-07-15 15:31:13.911,20.0,1,-0.036609147999984576,-0.4995969142508597,0.3212444033708148,0.0006371909015921073,0.0018376135166556058,2.1159603747793857e-05,0.19424048966939322,-1.0516034776073464,3.830318331297556,3.339985831297556,-0.038239819066100175,-0.0173529214627243,-0.00021732848185083156,4.617280960083008
1784122273.9616244,2026-07-15 15:31:13.961,20.0,1,-0.03661223559009144,-0.49959973707768335,0.32124806813149753,0.0006188699262279901,0.001847969791401792,1.9571662300278683e-05,0.5464892357012998,-1.4887126651954932,4.052605148316571,3.562272648316571,-0.04685485748707837,-0.02248563553224704,-0.001518073322982645,4.617280960083008
1784122274.0118523,2026-07-15 15:31:14.011,20.0,1,-0.03661254873363707,-0.499606378018423,0.3212443788300976,0.0006245890912269595,0.0018421480932461097,9.2250138133685e-06,0.528203288604113,-1.0666946525587997,3.9614651529041076,3.4711326529041076,-0.037539652395842116,-0.023418875118879277,0.0015213410118973451,4.621309280395508
1784122274.0620847,2026-07-15 15:31:14.062,20.0,1,-0.036600440760888774,-0.499604091852492,0.3212408091663999,0.0006419614452737977,0.0018320028980387771,3.5669184509162154e-05,0.22327272991040287,-1.326772503327056,3.8955368847569805,3.4052043847569804,-0.04325816108979927,-0.01495046977667413,-0.0007604272829242361,4.621309280395508
1784122274.1123154,2026-07-15 15:31:14.112,20.0,1,-0.03661527016960786,-0.4995965638949945,0.32123159187013617,0.000639955477646731,0.001836527109738766,1.5902995847820315e-05,0.47915816888086976,-1.2328455760502222,3.90483934957487,3.41450684957487,-0.040808061633324164,-0.021691322172541577,0.0013613437108004772,4.627603530883789
1784122274.1625674,2026-07-15 15:31:14.162,20.0,1,-0.03662434611043415,-0.4996039692049872,0.32123226084461576,0.0006493629396325647,0.001816787610988724,-1.1231611043469005e-05,0.4817277410645173,-1.0986360610315624,3.8372507061184247,3.3469182061184246,-0.036858106146944854,-0.023888377151992504,0.003644214901351234,4.621057510375977
1784122274.2128,2026-07-15 15:31:14.212,20.0,1,-0.03660922835050657,-0.49960239279804625,0.32123787732511255,0.0006321853029643737,0.0018393709030793753,2.8298517887862283e-05,1.0137546490809575,-1.1709518227600668,4.051156268870813,3.5608237688708133,-0.04235184411009823,-0.035447578879915106,-0.0002734627640410171,4.615015029907227
1784122274.2630324,2026-07-15 15:31:14.263,20.0,1,-0.036619081403146035,-0.499601234233444,0.3212502477405112,0.0006005650469450482,0.001834268296851961,2.7799263762758843e-05,0.42775926601513814,-1.2200863941237545,3.878806477267985,3.388473977267985,-0.0396331955131905,-0.021728916243958257,0.0026374512361806656,4.619042873382568
1784122274.3132923,2026-07-15 15:31:14.313,20.0,1,-0.03659174640032954,-0.49960828450492806,0.32125147901415746,0.0005896122223720719,0.0018342774388781474,7.512318440280317e-05,0.9071697711233466,-1.4279914723597982,3.9235793684143583,3.433246868414358,-0.046986860780111654,-0.02942345091285358,0.002288411835855108,4.620050430297852
1784122274.3635077,2026-07-15 15:31:14.363,20.0,1,-0.036618865542524415,-0.49960062619426954,0.32122774636084794,0.000671141104969636,0.0018089861755526363,1.2466161885244883e-05,0.22684202879830961,-1.3359336014481835,3.9043623360983872,3.414029836098387,-0.044092392270776964,-0.0176483207157971,0.0002341939954471542,4.62584114074707
1784122274.413758,2026-07-15 15:31:14.413,20.0,1,-0.03660310851436678,-0.49960178607719036,0.32123574365482555,0.0006683756431170418,0.0018435567085215863,3.540151343808636e-05,0.43811960032529335,-1.1829721606078638,4.0582054888369585,3.5678729888369585,-0.03782990332938008,-0.02003713345403928,0.000851868117099251,4.620554447174072
1784122274.463987,2026-07-15 15:31:14.463,20.0,1,-0.0366136668838305,-0.49959968523319637,0.3212415795963591,0.0006165900691601892,0.0018658053390214588,7.4481410108790705e-06,-0.06390020122309048,-0.796324559088485,3.865738694024221,3.375406194024221,-0.02951877435103472,-0.010593727280346207,0.0038439224450123603,4.614511489868164
1784122274.514224,2026-07-15 15:31:14.514,20.0,1,-0.036628123259765666,-0.49959899952757875,0.32123990903216515,0.0006270496911232677,0.0018247579839743761,-3.297291344040683e-06,0.7257942788935599,-1.2382250216380515,4.063418101490464,3.5730856014904635,-0.04409565357797324,-0.031229684488326654,-0.002668461974281185,4.62584114074707
1784122274.5644553,2026-07-15 15:31:14.564,20.0,1,-0.03661577005858008,-0.4996022124891676,0.3212498579809423,0.0005863923934394811,0.0018393081089062553,1.961856478329077e-05,0.5184994270426173,-1.2432802145597648,3.822975312891557,3.332642812891557,-0.040157538687877484,-0.024772773957199762,0.0010967176022024503,4.626595973968506
1784122274.6146853,2026-07-15 15:31:14.614,20.0,1,-0.03660741431726158,-0.49959734273704354,0.32125185704149906,0.000588463439521205,0.001855001838466966,2.8304352137158478e-05,0.6331110571193656,-1.2081147696190462,3.871561030738261,3.381228530738261,-0.04140088865520498,-0.02408268823883497,-0.0037389063644953325,4.618288040161133
1784122274.6649191,2026-07-15 15:31:14.664,20.0,1,-0.03659969733207472,-0.49959832284932926,0.3212354550837035,0.0006470136899308282,0.0018340520789404166,4.7468511478655945e-05,0.4104026752421119,-1.4278784469473786,3.912770884043673,3.422438384043673,-0.04486752405980619,-0.02189201885382992,-0.002067654256294888,4.615015029907227
1784122274.7152145,2026-07-15 15:31:14.715,20.0,1,-0.036613964888380396,-0.4995991565897861,0.32124298381035493,0.0006329049411407647,0.0018562176339208302,-2.939841277786106e-06,0.45727661439405765,-1.1562572179255959,3.8656267888726905,3.3752942888726905,-0.04102287706767955,-0.023569230014070304,-0.004240004189334537,4.616525173187256
1784122274.7654238,2026-07-15 15:31:14.765,20.0,1,-0.036602931084261846,-0.4996027551336333,0.3212329325270442,0.0006726507177130951,0.0018122924837122968,2.867835639132372e-05,0.7223380950839025,-1.3065739083570427,4.027776967496424,3.5374444674964236,-0.04304955399044111,-0.02448951396853185,0.0021231846596557213,4.622316360473633
1784122274.815666,2026-07-15 15:31:14.815,20.0,1,-0.03661493564662153,-0.49959567545418976,0.3212562553364628,0.0006032045601742852,0.0018497903535602284,1.5846320704724994e-05,0.8894883457760091,-1.7068289919471284,4.2530799503503705,3.7627474503503704,-0.05336284222238621,-0.03234950207670944,-0.007812208427392557,4.625085830688477
1784122274.865893,2026-07-15 15:31:14.865,20.0,1,-0.036618412198073734,-0.49960393103677153,0.32125146630106516,0.0006123955641417905,0.0018426088509529393,-2.9387605396001815e-06,0.46977384932235977,-1.6037117187049488,4.285685396889725,3.7953528968897245,-0.050384555671542826,-0.02545930106595305,-0.005226511825481121,4.629617691040039
1784122274.9161239,2026-07-15 15:31:14.916,20.0,1,-0.036603164369233686,-0.4995943263771979,0.3212431365701687,0.0006530782661000734,0.0018280158707628046,2.0088158633750495e-05,0.5239038011860286,-1.000785162004454,3.8315985315183574,3.3412660315183573,-0.03573998333578437,-0.024736962884223918,0.004918640337181374,4.61375617980957
1784122274.9663308,2026-07-15 15:31:14.966,20.0,1,-0.03663607311220039,-0.49959901965772147,0.3212355808479914,0.000653105551530459,0.0018154608665184734,-2.5661774179048627e-05,0.4860962838151812,-1.1159483136690607,3.8917794227835603,3.40144692278356,-0.0401912681901698,-0.022187241719084434,6.270304732568285e-05,4.616525173187256
1784122275.0165613,2026-07-15 15:31:15.016,20.0,1,-0.03662347844124774,-0.49959823125810066,0.3212446387760325,0.0006123053543118638,0.0018635553944018808,-3.3409011201833215e-06,-0.10456060419931609,-1.0478620917964139,3.705453430735793,3.215120930735793,-0.03735052357385128,-0.00764879584148419,-0.002998550839462198,4.617532730102539
1784122275.0667944,2026-07-15 15:31:15.066,20.0,1,-0.036633146930612565,-0.4996034910102629,0.32124556601218707,0.0006145976740404752,0.0018494985214774157,-3.392371206004814e-05,0.26782934665943303,-1.1534060069014522,3.7137795546096752,3.223447054609675,-0.03953671716258842,-0.018383297880099868,0.003455297483845942,4.627603530883789
1784122275.117026,2026-07-15 15:31:15.117,20.0,1,-0.036614581861196704,-0.4995997860014985,0.32123622389949386,0.0006585102656410816,0.0018299846352526085,2.792528638112598e-05,0.08660271106807266,-1.2867933676443213,3.7703011361655,3.2799686361655,-0.04114975303253365,-0.010716493850029332,0.004042060271373095,4.61979866027832
1784122275.1672807,2026-07-15 15:31:15.167,20.0,1,-0.03661910824742023,-0.49960726847261716,0.3212376483102362,0.0006316615561922875,0.0018395864751798634,-2.918814336819877e-06,0.8055999199618353,-1.3832534533948897,3.633963537189479,3.143631037189479,-0.04617802357670251,-0.027975463312895278,-0.005568222688875683,4.6218132972717285
1784122275.2175124,2026-07-15 15:31:15.217,20.0,1,-0.036622572634299126,-0.49959478650826206,0.321230521726773,0.0006611166399570749,0.001828986998091869,-2.1841858540592345e-05,0.8456163856347216,-1.0757271993012925,3.722588238227512,3.232255738227512,-0.03856109032839048,-0.030004929044097652,0.004386183784911344,4.624834060668945
1784122275.2676897,2026-07-15 15:31:15.267,20.0,1,-0.036604175085258255,-0.4996093881590445,0.32124109940217316,0.0006415197635014047,0.0018321934635369048,5.588858160658487e-05,0.5729624346142236,-1.5021806468030918,3.7849740442721185,3.2946415442721184,-0.04996096383863831,-0.024418246453191,-0.00406427841465879,4.620050430297852
1784122275.3179324,2026-07-15 15:31:15.317,20.0,1,-0.03660603797131661,-0.4996010091567273,0.32125427303825643,0.0005831199482949673,0.0018442912214252504,3.677092537340636e-05,0.3716552367463226,-1.3618942467113038,3.6671164776579936,3.1767839776579936,-0.04680692049566998,-0.01885841106027254,-0.000524898914364792,4.616525173187256
1784122275.3681595,2026-07-15 15:31:15.368,20.0,1,-0.036625263992959824,-0.49960917695852897,0.32122550696777263,0.000679683941754507,0.0018559473588097982,-2.2164275539691737e-05,0.3647438428152949,-1.3923772345157162,3.9557385033187744,3.4654060033187744,-0.04478523335856336,-0.019245083659093526,0.002175479295090553,4.617280960083008
1784122275.4183633,2026-07-15 15:31:15.418,20.0,1,-0.03663238103770642,-0.4996009205111108,0.32123644200553036,0.000668432887170292,0.001843548785759013,-2.230218463137252e-05,0.528884226677507,-1.3282857136614434,3.997529532283034,3.507197032283034,-0.04295882005066948,-0.02438420041841639,-0.006464047674087944,4.612497329711914
1784122275.4686108,2026-07-15 15:31:15.468,20.0,1,-0.036593957872296856,-0.4995944992789852,0.3212345387285593,0.0006463582454122593,0.0018677757848365325,3.2093230565983765e-05,0.6086644694964413,-1.2754475941196033,4.005609553941925,3.515277053941925,-0.044066112934318745,-0.02554850883394808,0.0017365595751902437,4.627603530883789
1784122275.5188577,2026-07-15 15:31:15.518,20.0,1,-0.03662937265714017,-0.4996017741790899,0.321243981784759,0.0006422439419228431,0.0018319273774563105,-2.5825426108650322e-05,0.7059892376778955,-1.3603430217456174,3.928721875892271,3.438389375892271,-0.045482542024503025,-0.02479759205162574,-0.0010403357138545788,4.627603530883789
1784122275.5690866,2026-07-15 15:31:15.569,20.0,1,-0.03660031044717141,-0.49959442044604224,0.3212431545789986,0.0006215237446771135,0.0018563119888408651,2.141167939182154e-05,0.8548204011336178,-1.3843210993404464,3.986289382524055,3.495956882524055,-0.047143785714049834,-0.033953343322909536,-0.007623590160733405,4.621057510375977
1784122275.6192799,2026-07-15 15:31:15.619,20.0,1,-0.03662252152875028,-0.4996115285404293,0.321244857935039,0.0006399017968812218,0.0018367402727445194,5.256030368107567e-06,0.7354022091484047,-1.4459681123509163,3.8249022676601143,3.3345697676601143,-0.04498278819806917,-0.027813592103379962,-0.0009614727339119291,4.617280960083008
1784122275.6694903,2026-07-15 15:31:15.669,20.0,1,-0.03660936246589627,-0.49960370958587846,0.3212411214744087,0.000645518484263916,0.0018517409932850674,2.4549727284661794e-05,0.6727589108892282,-1.3450045022094477,3.7342607557350367,3.2439282557350366,-0.042136301890774525,-0.02629281148305217,0.003262800573702646,4.617280960083008
1784122275.719723,2026-07-15 15:31:15.719,20.0,1,-0.03661322563226556,-0.4995970909307071,0.32123437157600426,0.0006559883038859744,0.0018479280559356545,-3.3948315720165704e-05,0.1218488349808038,-1.278911483553186,3.7376936792847206,3.2473611792847206,-0.04058642907325982,-0.013776603724109163,-0.0004699904512721265,4.618539810180664
1784122275.7699535,2026-07-15 15:31:15.769,20.0,1,-0.03660163210582945,-0.4996048192111374,0.32123940948884144,0.0006488308588115689,0.0018505521927589098,2.848538881586982e-05,0.32378159617906127,-1.4656406805203168,3.747812679526714,3.257480179526714,-0.046686041407356924,-0.019276558987145167,-0.004847469681084553,4.6152663230896
1784122275.8201253,2026-07-15 15:31:15.820,20.0,1,-0.036626113908006026,-0.4996012294919447,0.32124135239447427,0.000636904450943109,0.0018751654080264946,-2.6963332740816097e-05,0.5991333309413245,-1.4881692536931943,3.852004449254304,3.361671949254304,-0.048381456138879474,-0.025387335415000094,-0.0046705881877620115,4.617280960083008
1784122275.8703556,2026-07-15 15:31:15.870,20.0,1,-0.03660883501129241,-0.499602245878406,0.32124832053422153,0.0006271419518425474,0.001858325312183935,2.454479970577156e-05,0.2492139508445357,-1.2318834692439375,3.746127990155566,3.255795490155566,-0.04058711069590221,-0.01635896903150476,0.0032404690282057,4.6152663230896
1784122275.920591,2026-07-15 15:31:15.920,20.0,1,-0.03660061749457593,-0.499604759134519,0.3212518321572616,0.0006088111198565586,0.001843883232863732,4.769911232962456e-05,0.733724920897757,-1.4895603553407029,3.754993010938397,3.264660510938397,-0.04753809995886949,-0.030157823314817127,-0.006705554448610357,4.617280960083008
1784122275.9708192,2026-07-15 15:31:15.970,20.0,1,-0.036618107380280714,-0.49960306111168246,0.3212448698388394,0.0006121415844729816,0.0018426410077379213,1.586600367111825e-05,0.10705299640228916,-1.2940011937490676,3.963316046160935,3.472983546160935,-0.041215312091124154,-0.01149991890531134,0.005629849752384548,4.626344680786133
1784122276.0212283,2026-07-15 15:31:16.021,20.0,1,-0.03662614712921366,-0.4995987901560955,0.3212267236403513,0.0006918700220554765,0.0018015995090509133,-6.502940449907961e-06,0.5598932535360515,-1.3457854853944575,3.7774332732522273,3.2871007732522273,-0.04631688654136326,-0.024127916960357827,-0.0031292490352793595,4.628610610961914
1784122276.0714188,2026-07-15 15:31:16.071,20.0,1,-0.03660640436662142,-0.49959505285448436,0.3212429107591466,0.0006284901671240509,0.0018280338005215455,3.1896281334085945e-05,0.7720234567058678,-1.4386668393281994,3.7752079959699945,3.2848754959699944,-0.04819801632766424,-0.028735140875621738,-0.003438200237440485,4.624078273773193
1784122276.1216705,2026-07-15 15:31:16.121,20.0,1,-0.036600666555845165,-0.49959975902446185,0.32124293283837346,0.0006089511585480623,0.0018437333965082095,4.417252705734723e-05,0.4557118776059184,-1.0494979032493055,3.742810872534287,3.252478372534287,-0.03967468109124434,-0.019419745929333918,-0.009935400520334968,4.625589847564697
1784122276.171902,2026-07-15 15:31:16.171,20.0,1,-0.03660984148451436,-0.4996036212905502,0.3212526352651074,0.0006065964507250643,0.0018617524338146586,2.455061897193665e-05,0.46424922529119494,-1.097822953432575,3.8122772966240746,3.3219447966240745,-0.03900564583258354,-0.02297554028895017,0.0033256178215536883,4.624834060668945
1784122276.2221353,2026-07-15 15:31:16.222,20.0,1,-0.036623722187008025,-0.49960746603875467,0.3212277277219998,0.0006845073581571484,0.0018003513925209567,2.751630179170332e-05,0.8441103981545706,-1.4896284086141707,3.806051431497723,3.315718931497723,-0.048491214878212556,-0.03344034916747305,-0.007236220213309603,4.61803674697876
1784122276.272339,2026-07-15 15:31:16.272,20.0,1,-0.036605169745088616,-0.49959867524456475,0.321251456419271,0.0005986906089586612,0.0018722408743846984,3.1691354568858776e-05,0.289202447554816,-1.5919217793521483,3.7487468182886925,3.2584143182886924,-0.050030912170853085,-0.014972662719143286,-0.0033342003500275307,4.622064590454102
1784122276.3225684,2026-07-15 15:31:16.322,20.0,1,-0.03662555165584868,-0.49959870917658816,0.321235512434462,0.0006226759500167353,0.0018597971250727994,-7.012651525129124e-06,0.12874340077229002,-1.1483056588002425,3.777811143407366,3.2874786434073657,-0.038547580210245035,-0.016813908006607918,0.004341159002350187,4.618791580200195
1784122276.3727973,2026-07-15 15:31:16.372,20.0,1,-0.03662145175243746,-0.49960708486910144,0.32123501470676885,0.0006298564339039316,0.0018362854730951297,-6.596640601812534e-06,0.436176623815672,-1.1503265219958567,3.6584139932753654,3.1680814932753654,-0.041036588066149605,-0.017694794204213334,4.4419084516548256e-05,4.617029190063477
1784122276.4230888,2026-07-15 15:31:16.423,20.0,1,-0.03662333578814353,-0.49960114411199075,0.3212462031557752,0.0005894882688917575,0.001838175343575794,7.561396866028445e-06,0.7597075989799194,-1.2703124213607537,3.5777650371066763,3.087432537106676,-0.04352086584781641,-0.0293618775570405,0.0024098809893365065,4.616525173187256
1784122276.4733174,2026-07-15 15:31:16.473,20.0,1,-0.036604013536074134,-0.4996061459251538,0.32123687787847643,0.0006250433550616603,0.0018589978310546036,2.139413342684096e-05,0.5275579252232033,-1.3921439310841532,3.6520725782574504,3.1617400782574503,-0.04443927732102541,-0.021373513856082466,-0.004111852798540008,4.616022109985352
1784122276.5235574,2026-07-15 15:31:16.523,20.0,1,-0.03660806811080884,-0.4995938641639677,0.32124170771429833,0.0006003267242194146,0.001850682581709015,3.9994667193583866e-05,0.36154774934284556,-1.315321550144319,3.672603546329834,3.182271046329834,-0.04361887255237243,-0.01783726918762576,-0.0010846086224897203,4.6117424964904785
1784122276.573806,2026-07-15 15:31:16.573,20.0,1,-0.03661673618030269,-0.49959746797583127,0.3212553426941647,0.0005963586103360565,0.0018433729730117096,1.2436340116928396e-05,0.6766407783758533,-1.2277750136353167,3.5663885280659957,3.0760560280659957,-0.045490753259153985,-0.025128636745190065,-0.0037041956267879904,4.62382698059082
1784122276.6240356,2026-07-15 15:31:16.624,20.0,1,-0.036628927057340825,-0.499601239224622,0.3212430100585597,0.0006167220893658233,0.0018284682905032616,-1.0159497935678811e-05,0.6190969880231644,-1.3130748916213306,3.6678109670486436,3.1774784670486436,-0.04253071685957431,-0.02286611520221296,0.001982754206574114,4.623575210571289
1784122276.674267,2026-07-15 15:31:16.674,20.0,1,-0.03662260057771147,-0.49960646390124525,0.3212368941000844,0.0006611494359129207,0.0018290921956745448,-1.033714656678773e-05,1.037320904179702,-1.2662860143165788,3.5141697826327296,3.0238372826327296,-0.04329838248712704,-0.034267156240633305,0.0020065729343616188,4.614763259887695
1784122276.7244956,2026-07-15 15:31:16.724,20.0,1,-0.036599941937704376,-0.4995990045260483,0.3212363988601689,0.0006438724127001617,0.0018351805699371511,4.749595218687665e-05,0.6150033914076838,-1.546235290192094,3.8224245077837673,3.3320920077837672,-0.053114114935240174,-0.02550753122427176,-0.008404485562918031,4.61577033996582
1784122276.7747257,2026-07-15 15:31:16.774,20.0,1,-0.03661782358540626,-0.49960368665475374,0.32124642931174796,0.0005982766367617322,0.0018515085223680232,1.2440658495110268e-05,0.5567386543557921,-1.2263455939975725,3.8374652029507526,3.3471327029507525,-0.04072945646222388,-0.026554471667826676,0.001794236219495217,4.614007472991943
1784122276.8249502,2026-07-15 15:31:16.824,20.0,1,-0.03661790513907186,-0.49960306384299014,0.32123773587872106,0.0006415465185805249,0.0018196037659453425,1.9455205631164588e-05,0.30873639264124375,-0.9685978262009374,3.7318098585955957,3.2414773585955956,-0.03581209218891671,-0.020652802996873967,0.0027981188686296995,4.623072147369385
1784122276.875273,2026-07-15 15:31:16.875,20.0,1,-0.03662423018788413,-0.49959941678029274,0.3212543511715956,0.0005924078860638647,0.0018536390323069907,-3.0712684814265713e-06,0.86594485780822,-1.0661690531553565,3.704885773995888,3.2145532739958877,-0.03823060381752794,-0.03590137153507828,-0.004901627757506001,4.61577033996582
1784122276.9255013,2026-07-15 15:31:16.925,20.0,1,-0.03661362099510423,-0.49960867392087915,0.32123727465651875,0.0006489926338001332,0.0018169818832259933,9.509784602004896e-06,0.6120370941949637,-1.280926751057492,3.8641075719274647,3.3737750719274646,-0.041690982860652204,-0.022073871077823732,-0.006483439184324956,4.622819423675537
1784122276.9757137,2026-07-15 15:31:16.975,20.0,1,-0.036607633824759,-0.4996041658065679,0.3212251835308136,0.0006931264331085123,0.001834685311334507,2.8257131459622763e-05,0.7802780873143582,-1.0655123367730988,3.6557408907786844,3.1654083907786843,-0.03689861256377062,-0.02952612347377454,0.003674975393623208,4.6268486976623535
1784122277.0259683,2026-07-15 15:31:17.025,20.0,1,-0.036601214259744885,-0.4995967625739345,0.3212531731927061,0.000601136964685135,0.0018340552882745787,4.4164620972557255e-05,0.515566428717266,-1.153620539588424,3.789153807343476,3.298821307343476,-0.0401447588646615,-0.024488292558229586,-0.002269601871689529,4.619295597076416
1784122277.0762172,2026-07-15 15:31:17.076,20.0,1,-0.03660180373797848,-0.4995976624836833,0.32123979513986245,0.0006359980647049755,0.001834079731119877,2.5117768489904468e-05,0.3176263390969502,-1.0705143864834055,3.7238699455468693,3.2335374455468693,-0.03755818378827302,-0.016495574542120993,0.004623200656517305,4.612497329711914
1784122277.1264484,2026-07-15 15:31:17.126,20.0,1,-0.03661720631957576,-0.49960891211761677,0.32122447586521996,0.0006828678008488982,0.0018549285520992609,1.2141186795575912e-05,0.6464842987867416,-1.0888060729444315,3.6027867451524473,3.1124542451524473,-0.038850307135643206,-0.027131582272710047,0.0018904367188984795,4.6152663230896
1784122277.1766844,2026-07-15 15:31:17.176,20.0,1,-0.036606185419968455,-0.49961131779757295,0.32125349067197806,0.0006138262268495462,0.0018460736639927943,2.8469536942627874e-05,0.6030922882342625,-1.1802792287959678,3.8052824808353582,3.314949980835358,-0.0412091209925868,-0.022725529721818204,-0.004309626112046412,4.618539810180664
1784122277.2269351,2026-07-15 15:31:17.226,20.0,1,-0.03661842587939583,-0.4996048765432008,0.32124556332128595,0.0006175475093150024,0.0018578119185522093,8.70710238902648e-06,0.712371881679518,-1.3023318118056797,3.674728892317751,3.1843963923177507,-0.043344648644226366,-0.030242330008643372,0.001710635120590803,4.6218132972717285
1784122277.2772534,2026-07-15 15:31:17.277,20.0,1,-0.036615173566318264,-0.4995958989622967,0.32124858366327674,0.0005996010156418635,0.0018306442823637758,1.7367356811383152e-05,0.38746165481618916,-1.2737520392387671,3.755458804191479,3.265126304191479,-0.0421055913153215,-0.021798100874209896,0.002986976086933379,4.608972072601318
