timestamp,datetime,ur5_point,ur5_label,ur5_pressing,ur5_done,tcp_x,tcp_y,tcp_z,fx,fy,fz,tx,ty,tz,ai0,cell_1,cell_2,cell_3,cell_4,cell_5,cell_6,cell_7,cell_8,cell_9,cell_10,cell_11,cell_12,cell_13,cell_14,cell_15,cell_16,cell_17,cell_18,cell_19,calib_1,calib_2,calib_3,calib_4,calib_5,calib_6,calib_7,calib_8,calib_9,calib_10,calib_11,calib_12,calib_13,calib_14,calib_15,calib_16,calib_17,calib_18,calib_19,depth_mm,phase,round_idx,sample_idx,load_cell_N
1787649000.3167,2026-08-25 11:10:00.316,,,0,0,-0.03957,-0.49523,0.07985,21.1091,-7.0834,-70.0551,0.2691,0.5679,-0.355,4.684,23.0,21.0,20.0,24.0,20.0,21.0,23.0,22.0,19.0,20.0,19.0,20.0,20.0,20.0,20.0,21.0,19.0,22.0,23.0,25.0,24.0,23.0,24.0,25.0,24.0,22.0,24.0,22.0,23.0,23.0,23.0,22.0,22.0,24.0,20.0,20.0,22.0,23.0,0.0,,-1,-1,2.8113
1787649000.3668,2026-08-25 11:10:00.366,,,0,0,-0.03958,-0.49523,0.07982,20.6416,-6.6207,-70.1672,0.2618,0.5576,-0.345,4.69709,24.0,21.0,20.0,23.0,20.0,21.0,21.0,22.0,22.0,20.0,19.0,20.0,21.0,21.0,23.0,21.0,19.0,23.0,24.0,25.0,24.0,23.0,24.0,25.0,24.0,22.0,24.0,22.0,23.0,23.0,23.0,22.0,22.0,24.0,20.0,20.0,22.0,23.0,0.0,,-1,-1,2.6948
1787649000.4171,2026-08-25 11:10:00.417,,,0,0,-0.0396,-0.49525,0.07985,21.2292,-6.7993,-70.4154,0.2646,0.5697,-0.3353,4.68828,24.0,22.0,20.0,24.0,22.0,22.0,21.0,21.0,18.0,20.0,20.0,20.0,20.0,21.0,22.0,19.0,20.0,23.0,23.0,25.0,24.0,23.0,24.0,25.0,24.0,22.0,24.0,22.0,23.0,23.0,23.0,22.0,22.0,24.0,20.0,20.0,22.0,23.0,0.0,,-1,-1,2.7732
1787649000.4671,2026-08-25 11:10:00.467,,,0,0,-0.03962,-0.49528,0.07984,20.7004,-6.8411,-70.1271,0.2691,0.5571,-0.323,4.69281,24.0,22.0,20.0,24.0,22.0,22.0,21.0,21.0,18.0,20.0,20.0,20.0,20.0,21.0,22.0,19.0,20.0,23.0,23.0,25.0,24.0,23.0,24.0,25.0,24.0,22.0,24.0,22.0,23.0,23.0,23.0,22.0,22.0,24.0,20.0,20.0,22.0,23.0,0.0,,-1,-1,2.7329
1787649000.5172,2026-08-25 11:10:00.517,,,0,0,-0.03962,-0.4953,0.07987,20.935,-6.6879,-70.204,0.259,0.564,-0.3178,4.68627,24.0,20.0,21.0,22.0,20.0,22.0,22.0,21.0,19.0,20.0,20.0,20.0,19.0,22.0,21.0,19.0,21.0,22.0,22.0,25.0,24.0,23.0,24.0,25.0,24.0,22.0,24.0,22.0,23.0,23.0,23.0,22.0,22.0,24.0,20.0,20.0,22.0,23.0,0.0,,-1,-1,2.7911
1787649000.5673,2026-08-25 11:10:00.567,,,0,0,-0.03963,-0.49531,0.07988,21.2349,-7.2372,-70.2099,0.2743,0.5695,-0.3112,4.69155,24.0,20.0,21.0,22.0,20.0,22.0,22.0,21.0,19.0,20.0,20.0,20.0,19.0,22.0,21.0,19.0,21.0,22.0,22.0,25.0,24.0,23.0,24.0,25.0,24.0,22.0,24.0,22.0,23.0,23.0,23.0,22.0,22.0,24.0,20.0,20.0,22.0,23.0,0.0,,-1,-1,2.7441
1787649000.6175,2026-08-25 11:10:00.617,,,0,0,-0.03963,-0.49531,0.07989,21.2495,-7.0922,-70.2953,0.2729,0.5741,-0.3149,4.68778,23.0,21.0,23.0,22.0,20.0,23.0,20.0,22.0,19.0,22.0,20.0,21.0,20.0,24.0,22.0,19.0,23.0,22.0,22.0,25.0,24.0,23.0,24.0,25.0,24.0,22.0,24.0,22.0,23.0,23.0,23.0,22.0,22.0,24.0,20.0,20.0,22.0,23.0,0.0,,-1,-1,2.7777
1787649000.6676,2026-08-25 11:10:00.667,,,0,0,-0.03965,-0.49531,0.0799,21.1879,-6.8902,-70.3987,0.2652,0.5707,-0.306,4.69105,23.0,21.0,23.0,22.0,20.0,23.0,20.0,22.0,19.0,22.0,20.0,21.0,20.0,24.0,22.0,19.0,23.0,22.0,22.0,25.0,24.0,23.0,24.0,25.0,24.0,22.0,24.0,22.0,23.0,23.0,23.0,22.0,22.0,24.0,20.0,20.0,22.0,23.0,0.0,,-1,-1,2.7485
1787649000.7177,2026-08-25 11:10:00.717,,,0,0,-0.03965,-0.49531,0.07991,21.0157,-7.0326,-70.2235,0.2669,0.5652,-0.3076,4.69558,22.0,20.0,22.0,22.0,22.0,25.0,22.0,22.0,18.0,21.0,17.0,21.0,17.0,20.0,20.0,20.0,19.0,21.0,23.0,25.0,24.0,23.0,24.0,25.0,24.0,22.0,24.0,22.0,23.0,23.0,23.0,22.0,22.0,24.0,20.0,20.0,22.0,23.0,0.0,,-1,-1,2.7082
1787649000.7679,2026-08-25 11:10:00.767,,,0,0,-0.03965,-0.49532,0.07991,20.9574,-6.9398,-70.2692,0.2656,0.5627,-0.2957,4.69004,24.0,19.0,21.0,23.0,19.0,22.0,19.0,21.0,20.0,20.0,21.0,20.0,20.0,21.0,22.0,19.0,20.0,22.0,22.0,25.0,24.0,23.0,24.0,25.0,24.0,22.0,24.0,22.0,23.0,23.0,23.0,22.0,22.0,24.0,20.0,20.0,22.0,23.0,0.0,,-1,-1,2.7575
1787649000.818,2026-08-25 11:10:00.817,,,0,0,-0.03965,-0.49531,0.07991,20.9724,-6.7642,-70.2764,0.2599,0.565,-0.3017,4.69684,24.0,19.0,21.0,23.0,19.0,22.0,19.0,21.0,20.0,20.0,21.0,20.0,20.0,21.0,22.0,19.0,20.0,22.0,22.0,25.0,24.0,23.0,24.0,25.0,24.0,22.0,24.0,22.0,23.0,23.0,23.0,22.0,22.0,24.0,20.0,20.0,22.0,23.0,0.0,,-1,-1,2.697
1787649000.8682,2026-08-25 11:10:00.868,,,0,0,-0.03964,-0.49531,0.07991,20.9356,-7.291,-70.2748,0.2762,0.5634,-0.2978,4.68727,23.0,22.0,19.0,22.0,21.0,22.0,21.0,20.0,20.0,21.0,20.0,19.0,21.0,22.0,22.0,19.0,21.0,22.0,22.0,25.0,24.0,23.0,24.0,25.0,24.0,22.0,24.0,22.0,23.0,23.0,23.0,22.0,22.0,24.0,20.0,20.0,22.0,23.0,0.0,,-1,-1,2.7821
1787649000.9183,2026-08-25 11:10:00.918,,,0,0,-0.03963,-0.49531,0.07991,21.3081,-7.0471,-70.2666,0.2717,0.574,-0.2875,4.69306,23.0,22.0,19.0,22.0,21.0,22.0,21.0,20.0,20.0,21.0,20.0,19.0,21.0,22.0,22.0,19.0,21.0,22.0,22.0,25.0,24.0,23.0,24.0,25.0,24.0,22.0,24.0,22.0,23.0,23.0,23.0,22.0,22.0,24.0,20.0,20.0,22.0,23.0,0.0,,-1,-1,2.7306
1787649000.9683,2026-08-25 11:10:00.968,,,0,0,-0.03966,-0.49531,0.0799,21.5117,-7.49,-70.3605,0.28,0.5804,-0.2837,4.69407,23.0,22.0,22.0,22.0,22.0,23.0,22.0,21.0,21.0,22.0,20.0,19.0,21.0,22.0,23.0,18.0,22.0,22.0,22.0,25.0,24.0,23.0,24.0,25.0,24.0,22.0,24.0,22.0,23.0,23.0,23.0,22.0,22.0,24.0,20.0,20.0,22.0,23.0,0.0,,-1,-1,2.7217
1787649001.0188,2026-08-25 11:10:01.018,,,0,0,-0.03964,-0.49531,0.07991,21.3493,-7.104,-70.2866,0.2699,0.5745,-0.2841,4.69004,24.0,23.0,23.0,22.0,22.0,24.0,22.0,21.0,21.0,20.0,20.0,20.0,21.0,21.0,21.0,20.0,20.0,21.0,22.0,25.0,24.0,23.0,24.0,25.0,24.0,22.0,24.0,22.0,23.0,23.0,23.0,22.0,22.0,24.0,20.0,20.0,22.0,23.0,0.0,,-1,-1,2.7575
1787649001.0689,2026-08-25 11:10:01.068,,,0,0,-0.03963,-0.49532,0.07991,21.1383,-7.1406,-70.0875,0.2734,0.5685,-0.2825,4.6913,24.0,23.0,23.0,22.0,22.0,24.0,22.0,21.0,21.0,20.0,20.0,20.0,21.0,21.0,21.0,20.0,20.0,21.0,22.0,25.0,24.0,23.0,24.0,25.0,24.0,22.0,24.0,22.0,23.0,23.0,23.0,22.0,22.0,24.0,20.0,20.0,22.0,23.0,0.0,,-1,-1,2.7463
1787649001.119,2026-08-25 11:10:01.118,,,0,0,-0.03964,-0.49532,0.07992,21.1787,-7.6769,-70.2406,0.2865,0.5699,-0.2805,4.6903,22.0,21.0,21.0,22.0,22.0,23.0,21.0,19.0,20.0,22.0,21.0,18.0,19.0,23.0,21.0,17.0,22.0,23.0,21.0,25.0,24.0,23.0,24.0,25.0,24.0,22.0,24.0,22.0,23.0,23.0,23.0,22.0,22.0,24.0,20.0,20.0,22.0,23.0,0.0,,-1,-1,2.7553
1787649001.1691,2026-08-25 11:10:01.169,,,0,0,-0.03963,-0.4953,0.0799,21.1501,-7.0436,-69.9944,0.2688,0.569,-0.2778,4.69181,22.0,21.0,21.0,22.0,22.0,23.0,21.0,19.0,20.0,22.0,21.0,18.0,19.0,23.0,21.0,17.0,22.0,23.0,21.0,25.0,24.0,23.0,24.0,25.0,24.0,22.0,24.0,22.0,23.0,23.0,23.0,22.0,22.0,24.0,20.0,20.0,22.0,23.0,0.0,,-1,-1,2.7418
1787649001.2192,2026-08-25 11:10:01.219,,,0,0,-0.03963,-0.49532,0.07992,20.8138,-6.8002,-70.1677,0.262,0.5642,-0.2839,4.69785,20.0,21.0,23.0,19.0,21.0,23.0,21.0,20.0,18.0,21.0,19.0,18.0,19.0,23.0,20.0,18.0,22.0,20.0,22.0,25.0,24.0,23.0,24.0,25.0,24.0,22.0,24.0,22.0,23.0,23.0,23.0,22.0,22.0,24.0,20.0,20.0,22.0,23.0,0.0,,-1,-1,2.6881
1787649001.2693,2026-08-25 11:10:01.269,,,0,0,-0.03964,-0.49531,0.07991,21.3141,-7.1285,-70.194,0.2713,0.5742,-0.2779,4.68979,21.0,20.0,21.0,21.0,20.0,23.0,21.0,21.0,19.0,20.0,20.0,20.0,19.0,21.0,22.0,19.0,20.0,23.0,23.0,25.0,24.0,23.0,24.0,25.0,24.0,22.0,24.0,22.0,23.0,23.0,23.0,22.0,22.0,24.0,20.0,20.0,22.0,23.0,0.0,,-1,-1,2.7597
1787649001.3194,2026-08-25 11:10:01.319,,,0,0,-0.03965,-0.49532,0.07991,20.9995,-6.8856,-70.0287,0.2672,0.5648,-0.2795,4.6903,21.0,20.0,21.0,21.0,20.0,23.0,21.0,21.0,19.0,20.0,20.0,20.0,19.0,21.0,22.0,19.0,20.0,23.0,23.0,25.0,24.0,23.0,24.0,25.0,24.0,22.0,24.0,22.0,23.0,23.0,23.0,22.0,22.0,24.0,20.0,20.0,22.0,23.0,0.0,,-1,-1,2.7553
1787649001.3696,2026-08-25 11:10:01.369,,,0,0,-0.03964,-0.49531,0.07991,21.1902,-7.1636,-69.9369,0.2714,0.571,-0.2738,4.6903,23.0,23.0,20.0,23.0,21.0,21.0,20.0,19.0,20.0,21.0,20.0,19.0,20.0,21.0,23.0,19.0,22.0,22.0,21.0,25.0,24.0,23.0,24.0,25.0,24.0,22.0,24.0,22.0,23.0,23.0,23.0,22.0,22.0,24.0,20.0,20.0,22.0,23.0,0.0,,-1,-1,2.7553
1787649001.4197,2026-08-25 11:10:01.419,,,0,0,-0.03964,-0.49531,0.07991,21.3539,-7.4162,-70.2631,0.2782,0.5746,-0.2683,4.69281,23.0,23.0,20.0,23.0,21.0,21.0,20.0,19.0,20.0,21.0,20.0,19.0,20.0,21.0,23.0,19.0,22.0,22.0,21.0,25.0,24.0,23.0,24.0,25.0,24.0,22.0,24.0,22.0,23.0,23.0,23.0,22.0,22.0,24.0,20.0,20.0,22.0,23.0,0.0,,-1,-1,2.7329
1787649001.4698,2026-08-25 11:10:01.469,,,0,0,-0.03963,-0.49531,0.07991,21.2984,-7.0104,-70.1419,0.2694,0.5735,-0.266,4.69281,22.0,22.0,22.0,20.0,22.0,23.0,22.0,20.0,20.0,20.0,19.0,19.0,20.0,21.0,22.0,19.0,20.0,22.0,21.0,25.0,24.0,23.0,24.0,25.0,24.0,22.0,24.0,22.0,23.0,23.0,23.0,22.0,22.0,24.0,20.0,20.0,22.0,23.0,0.0,,-1,-1,2.7329
1787649001.52,2026-08-25 11:10:01.519,,,0,0,-0.03964,-0.49531,0.07991,21.1124,-7.2371,-69.9948,0.2788,0.5687,-0.2727,4.68627,22.0,22.0,22.0,20.0,22.0,23.0,22.0,20.0,20.0,20.0,19.0,19.0,20.0,21.0,22.0,19.0,20.0,22.0,21.0,25.0,24.0,23.0,24.0,25.0,24.0,22.0,24.0,22.0,23.0,23.0,23.0,22.0,22.0,24.0,20.0,20.0,22.0,23.0,0.0,,-1,-1,2.7911
1787649001.5701,2026-08-25 11:10:01.570,,,0,0,-0.03964,-0.49531,0.07992,21.1029,-7.2982,-70.1402,0.2772,0.5721,-0.2659,4.70011,21.0,23.0,21.0,22.0,22.0,21.0,21.0,22.0,19.0,22.0,20.0,20.0,20.0,23.0,22.0,20.0,22.0,22.0,24.0,25.0,24.0,23.0,24.0,25.0,24.0,22.0,24.0,22.0,23.0,23.0,23.0,22.0,22.0,24.0,20.0,20.0,22.0,23.0,0.0,,-1,-1,2.6679
1787649001.6202,2026-08-25 11:10:01.620,,,0,0,-0.03963,-0.49531,0.0799,21.2695,-7.1831,-70.2204,0.2717,0.575,-0.2668,4.68753,22.0,21.0,20.0,23.0,21.0,23.0,23.0,20.0,20.0,20.0,19.0,19.0,18.0,21.0,20.0,18.0,20.0,21.0,22.0,25.0,24.0,23.0,24.0,25.0,24.0,22.0,24.0,22.0,23.0,23.0,23.0,22.0,22.0,24.0,20.0,20.0,22.0,23.0,0.0,,-1,-1,2.7799
1787649001.6703,2026-08-25 11:10:01.670,,,0,0,-0.03967,-0.49532,0.07991,20.9908,-6.9264,-69.9133,0.2681,0.5662,-0.2663,4.69684,22.0,21.0,20.0,23.0,21.0,23.0,23.0,20.0,20.0,20.0,19.0,19.0,18.0,21.0,20.0,18.0,20.0,21.0,22.0,25.0,24.0,23.0,24.0,25.0,24.0,22.0,24.0,22.0,23.0,23.0,23.0,22.0,22.0,24.0,20.0,20.0,22.0,23.0,0.0,,-1,-1,2.697
1787649001.7204,2026-08-25 11:10:01.720,,,0,0,-0.03966,-0.49532,0.07991,20.802,-6.8859,-69.8906,0.2685,0.5651,-0.2698,4.69004,22.0,21.0,21.0,22.0,22.0,22.0,21.0,22.0,18.0,21.0,20.0,22.0,20.0,22.0,20.0,21.0,21.0,21.0,24.0,25.0,24.0,23.0,24.0,25.0,24.0,22.0,24.0,22.0,23.0,23.0,23.0,22.0,22.0,24.0,20.0,20.0,22.0,23.0,0.0,,-1,-1,2.7575
1787649001.7705,2026-08-25 11:10:01.770,,,0,0,-0.03965,-0.49532,0.07992,21.0547,-7.2851,-69.9955,0.2755,0.5694,-0.2666,4.69382,22.0,21.0,21.0,22.0,22.0,22.0,21.0,22.0,18.0,21.0,20.0,22.0,20.0,22.0,20.0,21.0,21.0,21.0,24.0,25.0,24.0,23.0,24.0,25.0,24.0,22.0,24.0,22.0,23.0,23.0,23.0,22.0,22.0,24.0,20.0,20.0,22.0,23.0,0.0,,-1,-1,2.7239
1787649001.8206,2026-08-25 11:10:01.820,,,0,0,-0.03964,-0.4953,0.0799,20.9288,-7.0767,-69.7173,0.2721,0.5694,-0.2678,4.69558,25.0,22.0,21.0,24.0,21.0,23.0,21.0,21.0,20.0,21.0,21.0,20.0,21.0,20.0,23.0,19.0,21.0,25.0,23.0,25.0,24.0,23.0,24.0,25.0,24.0,22.0,24.0,22.0,23.0,23.0,23.0,22.0,22.0,24.0,20.0,20.0,22.0,23.0,0.0,,-1,-1,2.7082
1787649001.8708,2026-08-25 11:10:01.870,,,0,0,-0.03963,-0.49532,0.07992,21.0891,-7.3368,-69.9033,0.277,0.5737,-0.2618,4.69306,22.0,23.0,21.0,22.0,23.0,23.0,21.0,20.0,20.0,20.0,19.0,19.0,20.0,20.0,21.0,19.0,20.0,22.0,22.0,25.0,24.0,23.0,24.0,25.0,24.0,22.0,24.0,22.0,23.0,23.0,23.0,22.0,22.0,24.0,20.0,20.0,22.0,23.0,0.0,,-1,-1,2.7306
1787649001.9209,2026-08-25 11:10:01.920,,,0,0,-0.03965,-0.49531,0.07992,21.3651,-7.3401,-70.0072,0.2782,0.5756,-0.2645,4.69407,22.0,23.0,21.0,22.0,23.0,23.0,21.0,20.0,20.0,20.0,19.0,19.0,20.0,20.0,21.0,19.0,20.0,22.0,22.0,25.0,24.0,23.0,24.0,25.0,24.0,22.0,24.0,22.0,23.0,23.0,23.0,22.0,22.0,24.0,20.0,20.0,22.0,23.0,0.0,,-1,-1,2.7217
1787649001.9711,2026-08-25 11:10:01.971,,,0,0,-0.03964,-0.49531,0.07991,21.1178,-7.0656,-69.9326,0.2722,0.5681,-0.2597,4.68879,22.0,21.0,19.0,21.0,21.0,20.0,20.0,21.0,20.0,21.0,20.0,20.0,20.0,20.0,21.0,20.0,20.0,21.0,22.0,25.0,24.0,23.0,24.0,25.0,24.0,22.0,24.0,22.0,23.0,23.0,23.0,22.0,22.0,24.0,20.0,20.0,22.0,23.0,0.0,,-1,-1,2.7687
1787649002.0212,2026-08-25 11:10:02.021,,,0,0,-0.03963,-0.49532,0.07991,21.2021,-7.0276,-70.0812,0.2716,0.574,-0.2579,4.69634,22.0,21.0,19.0,21.0,21.0,20.0,20.0,21.0,20.0,21.0,20.0,20.0,20.0,20.0,21.0,20.0,20.0,21.0,22.0,25.0,24.0,23.0,24.0,25.0,24.0,22.0,24.0,22.0,23.0,23.0,23.0,22.0,22.0,24.0,20.0,20.0,22.0,23.0,0.0,,-1,-1,2.7015
1787649002.0713,2026-08-25 11:10:02.071,,,0,0,-0.03964,-0.49532,0.07991,20.9376,-7.196,-70.057,0.2764,0.5656,-0.2611,4.68249,23.0,20.0,21.0,22.0,20.0,22.0,21.0,22.0,19.0,20.0,17.0,21.0,19.0,20.0,20.0,19.0,21.0,20.0,22.0,25.0,24.0,23.0,24.0,25.0,24.0,22.0,24.0,22.0,23.0,23.0,23.0,22.0,22.0,24.0,20.0,20.0,22.0,23.0,0.0,,-1,-1,2.8247
1787649002.1214,2026-08-25 11:10:02.121,,,0,0,-0.03963,-0.49531,0.07991,21.2875,-7.0804,-70.0786,0.2716,0.5756,-0.2576,4.69206,23.0,21.0,20.0,22.0,21.0,22.0,21.0,22.0,20.0,22.0,19.0,21.0,23.0,22.0,22.0,20.0,21.0,22.0,23.0,25.0,24.0,23.0,24.0,25.0,24.0,22.0,24.0,22.0,23.0,23.0,23.0,22.0,22.0,24.0,20.0,20.0,22.0,23.0,0.0,,-1,-1,2.7396
1787649002.1715,2026-08-25 11:10:02.171,,,0,0,-0.03965,-0.49532,0.07992,21.0972,-7.297,-70.2231,0.2749,0.572,-0.2542,4.68828,23.0,21.0,20.0,22.0,21.0,22.0,21.0,22.0,20.0,22.0,19.0,21.0,23.0,22.0,22.0,20.0,21.0,22.0,23.0,25.0,24.0,23.0,24.0,25.0,24.0,22.0,24.0,22.0,23.0,23.0,23.0,22.0,22.0,24.0,20.0,20.0,22.0,23.0,0.0,,-1,-1,2.7732
1787649002.2216,2026-08-25 11:10:02.221,,,0,0,-0.03964,-0.49531,0.07992,21.058,-7.0698,-69.9587,0.275,0.5664,-0.2579,4.68778,23.0,22.0,22.0,23.0,23.0,22.0,21.0,21.0,21.0,19.0,20.0,20.0,21.0,20.0,22.0,19.0,20.0,21.0,23.0,25.0,24.0,23.0,24.0,25.0,24.0,22.0,24.0,22.0,23.0,23.0,23.0,22.0,22.0,24.0,20.0,20.0,22.0,23.0,0.0,,-1,-1,2.7777
1787649002.2717,2026-08-25 11:10:02.271,,,0,0,-0.03964,-0.49531,0.0799,21.0724,-7.4924,-69.9099,0.283,0.5706,-0.2597,4.6986,23.0,22.0,22.0,23.0,23.0,22.0,21.0,21.0,21.0,19.0,20.0,20.0,21.0,20.0,22.0,19.0,20.0,21.0,23.0,25.0,24.0,23.0,24.0,25.0,24.0,22.0,24.0,22.0,23.0,23.0,23.0,22.0,22.0,24.0,20.0,20.0,22.0,23.0,0.0,,-1,-1,2.6813
1787649002.3218,2026-08-25 11:10:02.321,,,0,0,-0.03963,-0.49531,0.0799,21.0994,-7.0636,-69.9355,0.2709,0.568,-0.2583,4.68979,22.0,24.0,19.0,21.0,21.0,21.0,21.0,22.0,20.0,19.0,19.0,20.0,20.0,20.0,22.0,20.0,20.0,21.0,23.0,25.0,24.0,23.0,24.0,25.0,24.0,22.0,24.0,22.0,23.0,23.0,23.0,22.0,22.0,24.0,20.0,20.0,22.0,23.0,0.0,,-1,-1,2.7597
1787649002.372,2026-08-25 11:10:02.371,,,0,0,-0.03964,-0.49532,0.07993,21.4516,-7.1539,-70.0568,0.2766,0.5829,-0.2542,4.68979,22.0,24.0,19.0,21.0,21.0,21.0,21.0,22.0,20.0,19.0,19.0,20.0,20.0,20.0,22.0,20.0,20.0,21.0,23.0,25.0,24.0,23.0,24.0,25.0,24.0,22.0,24.0,22.0,23.0,23.0,23.0,22.0,22.0,24.0,20.0,20.0,22.0,23.0,0.0,,-1,-1,2.7597
1787649002.4221,2026-08-25 11:10:02.422,,,0,0,-0.03962,-0.49531,0.07991,21.0368,-7.178,-70.1112,0.2753,0.571,-0.2544,4.69785,24.0,21.0,19.0,23.0,20.0,21.0,22.0,21.0,19.0,20.0,18.0,20.0,20.0,20.0,21.0,20.0,20.0,20.0,23.0,25.0,24.0,23.0,24.0,25.0,24.0,22.0,24.0,22.0,23.0,23.0,23.0,22.0,22.0,24.0,20.0,20.0,22.0,23.0,0.0,,-1,-1,2.6881
1787649002.4722,2026-08-25 11:10:02.472,6,b3,0,0,-0.03964,-0.49532,0.07985,21.1145,-7.5128,-69.9722,0.2798,0.571,-0.2546,4.69583,23.0,21.0,19.0,22.0,21.0,21.0,20.0,21.0,19.0,19.0,20.0,20.0,19.0,20.0,22.0,19.0,19.0,22.0,21.0,25.0,24.0,23.0,24.0,25.0,24.0,22.0,24.0,22.0,23.0,23.0,23.0,22.0,22.0,24.0,20.0,20.0,22.0,23.0,5.0,locate,0,0,2.706
1787649002.5223,2026-08-25 11:10:02.522,6,b3,0,0,-0.03946,-0.49529,0.07916,20.8532,-6.9797,-69.5712,0.2714,0.5631,-0.1093,4.68929,23.0,21.0,19.0,22.0,21.0,21.0,20.0,21.0,19.0,19.0,20.0,20.0,19.0,20.0,22.0,19.0,19.0,22.0,21.0,25.0,24.0,23.0,24.0,25.0,24.0,22.0,24.0,22.0,23.0,23.0,23.0,22.0,22.0,24.0,20.0,20.0,22.0,23.0,5.0,locate,0,0,2.7642
1787649002.5724,2026-08-25 11:10:02.572,6,b3,0,0,-0.0391,-0.49527,0.07772,21.1588,-7.0951,-69.2782,0.2663,0.573,0.0815,4.68627,22.0,21.0,19.0,22.0,21.0,20.0,22.0,21.0,21.0,20.0,18.0,20.0,21.0,22.0,21.0,20.0,22.0,22.0,23.0,25.0,24.0,23.0,24.0,25.0,24.0,22.0,24.0,22.0,23.0,23.0,23.0,22.0,22.0,24.0,20.0,20.0,22.0,23.0,5.0,locate,0,0,2.7911
1787649002.6226,2026-08-25 11:10:02.622,6,b3,0,0,-0.03854,-0.49525,0.07559,21.6926,-7.3817,-69.5108,0.2779,0.5911,0.343,4.69181,22.0,21.0,19.0,22.0,21.0,20.0,22.0,21.0,21.0,20.0,18.0,20.0,21.0,22.0,21.0,20.0,22.0,22.0,23.0,25.0,24.0,23.0,24.0,25.0,24.0,22.0,24.0,22.0,23.0,23.0,23.0,22.0,22.0,24.0,20.0,20.0,22.0,23.0,5.0,locate,0,0,2.7418
1787649002.6727,2026-08-25 11:10:02.672,6,b3,0,0,-0.03797,-0.49516,0.07329,22.352,-7.3399,-69.6481,0.2762,0.6206,0.5796,4.68778,23.0,21.0,21.0,23.0,21.0,23.0,20.0,22.0,20.0,20.0,20.0,20.0,20.0,20.0,22.0,20.0,20.0,23.0,24.0,25.0,24.0,23.0,24.0,25.0,24.0,22.0,24.0,22.0,23.0,23.0,23.0,22.0,22.0,24.0,20.0,20.0,22.0,23.0,5.0,locate,0,0,2.7777
1787649002.7228,2026-08-25 11:10:02.722,6,b3,0,0,-0.03725,-0.49505,0.07067,22.2156,-7.6224,-69.9539,0.2877,0.6233,0.7751,4.69181,23.0,22.0,20.0,22.0,21.0,21.0,21.0,21.0,20.0,22.0,20.0,20.0,20.0,22.0,21.0,19.0,21.0,22.0,23.0,25.0,24.0,23.0,24.0,25.0,24.0,22.0,24.0,22.0,23.0,23.0,23.0,22.0,22.0,24.0,20.0,20.0,22.0,23.0,5.0,locate,0,0,2.7418
1787649002.7729,2026-08-25 11:10:02.772,6,b3,0,0,-0.03662,-0.49498,0.06823,22.1474,-7.7772,-70.2273,0.2856,0.6113,0.8068,4.6903,23.0,22.0,20.0,22.0,21.0,21.0,21.0,21.0,20.0,22.0,20.0,20.0,20.0,22.0,21.0,19.0,21.0,22.0,23.0,25.0,24.0,23.0,24.0,25.0,24.0,22.0,24.0,22.0,23.0,23.0,23.0,22.0,22.0,24.0,20.0,20.0,22.0,23.0,5.0,locate,0,0,2.7553
1787649002.823,2026-08-25 11:10:02.823,6,b3,0,0,-0.03601,-0.49494,0.06588,22.0049,-7.28,-70.2986,0.2769,0.6079,0.7471,4.69105,22.0,22.0,22.0,23.0,21.0,24.0,20.0,21.0,22.0,21.0,18.0,18.0,22.0,21.0,19.0,17.0,19.0,20.0,21.0,25.0,24.0,23.0,24.0,25.0,24.0,22.0,24.0,22.0,23.0,23.0,23.0,22.0,22.0,24.0,20.0,20.0,22.0,23.0,5.0,locate,0,0,2.7485
1787649002.8732,2026-08-25 11:10:02.873,6,b3,0,0,-0.03539,-0.4949,0.06354,22.3926,-7.6217,-70.1372,0.2828,0.6176,0.72,4.69785,22.0,22.0,22.0,23.0,21.0,24.0,20.0,21.0,22.0,21.0,18.0,18.0,22.0,21.0,19.0,17.0,19.0,20.0,21.0,25.0,24.0,23.0,24.0,25.0,24.0,22.0,24.0,22.0,23.0,23.0,23.0,22.0,22.0,24.0,20.0,20.0,22.0,23.0,5.0,locate,0,0,2.6881
1787649002.9233,2026-08-25 11:10:02.923,6,b3,0,0,-0.03473,-0.49484,0.06111,21.9161,-7.5422,-70.1157,0.2813,0.609,0.6968,4.68929,23.0,23.0,22.0,21.0,22.0,23.0,19.0,22.0,19.0,20.0,20.0,19.0,19.0,22.0,22.0,20.0,21.0,22.0,22.0,25.0,24.0,23.0,24.0,25.0,24.0,22.0,24.0,22.0,23.0,23.0,23.0,22.0,22.0,24.0,20.0,20.0,22.0,23.0,5.0,locate,0,0,2.7642
1787649002.9734,2026-08-25 11:10:02.973,6,b3,0,0,-0.03409,-0.49473,0.05859,21.8312,-7.5347,-70.118,0.281,0.6061,0.693,4.68199,23.0,23.0,22.0,21.0,22.0,23.0,19.0,22.0,19.0,20.0,20.0,19.0,19.0,22.0,22.0,20.0,21.0,22.0,22.0,25.0,24.0,23.0,24.0,25.0,24.0,22.0,24.0,22.0,23.0,23.0,23.0,22.0,22.0,24.0,20.0,20.0,22.0,23.0,5.0,locate,0,0,2.8292
1787649003.0235,2026-08-25 11:10:03.023,6,b3,0,0,-0.03346,-0.49467,0.05612,22.0229,-7.6007,-70.1703,0.2869,0.6079,0.6994,4.69583,23.0,21.0,21.0,23.0,22.0,23.0,20.0,21.0,19.0,21.0,18.0,20.0,21.0,21.0,20.0,18.0,20.0,21.0,21.0,25.0,24.0,23.0,24.0,25.0,24.0,22.0,24.0,22.0,23.0,23.0,23.0,22.0,22.0,24.0,20.0,20.0,22.0,23.0,5.0,locate,0,0,2.706
1787649003.0736,2026-08-25 11:10:03.073,6,b3,0,0,-0.03285,-0.49462,0.05377,21.7283,-7.2324,-70.082,0.2751,0.603,0.6863,4.68828,24.0,21.0,21.0,22.0,20.0,24.0,20.0,22.0,20.0,22.0,19.0,21.0,20.0,22.0,22.0,20.0,22.0,22.0,21.0,25.0,24.0,23.0,24.0,25.0,24.0,22.0,24.0,22.0,23.0,23.0,23.0,22.0,22.0,24.0,20.0,20.0,22.0,23.0,5.0,locate,0,0,2.7732
1787649003.1238,2026-08-25 11:10:03.123,6,b3,0,0,-0.03233,-0.49458,0.05183,22.0099,-7.0427,-70.3599,0.2703,0.6099,0.6815,4.69206,24.0,21.0,21.0,22.0,20.0,24.0,20.0,22.0,20.0,22.0,19.0,21.0,20.0,22.0,22.0,20.0,22.0,22.0,21.0,25.0,24.0,23.0,24.0,25.0,24.0,22.0,24.0,22.0,23.0,23.0,23.0,22.0,22.0,24.0,20.0,20.0,22.0,23.0,5.0,locate,0,0,2.7396
1787649003.1739,2026-08-25 11:10:03.173,6,b3,0,0,-0.03201,-0.49458,0.05057,21.9926,-7.5656,-70.2564,0.2858,0.6078,0.6816,4.68375,23.0,21.0,21.0,23.0,21.0,22.0,21.0,22.0,19.0,23.0,19.0,21.0,21.0,22.0,22.0,20.0,22.0,21.0,22.0,25.0,24.0,23.0,24.0,25.0,24.0,22.0,24.0,22.0,23.0,23.0,23.0,22.0,22.0,24.0,20.0,20.0,22.0,23.0,5.0,locate,0,0,2.8135
1787649003.224,2026-08-25 11:10:03.223,6,b3,0,0,-0.03194,-0.49461,0.05003,22.0702,-7.2622,-70.2306,0.2703,0.6131,0.674,4.69432,23.0,21.0,21.0,23.0,21.0,22.0,21.0,22.0,19.0,23.0,19.0,21.0,21.0,22.0,22.0,20.0,22.0,21.0,22.0,25.0,24.0,23.0,24.0,25.0,24.0,22.0,24.0,22.0,23.0,23.0,23.0,22.0,22.0,24.0,20.0,20.0,22.0,23.0,5.0,locate,0,0,2.7194
1787649003.2741,2026-08-25 11:10:03.274,6,b3,0,0,-0.03194,-0.4946,0.05001,22.0164,-7.4407,-70.2298,0.2789,0.6095,0.657,4.68551,24.0,21.0,24.0,23.0,21.0,25.0,22.0,23.0,21.0,23.0,21.0,21.0,21.0,23.0,22.0,21.0,23.0,23.0,22.0,25.0,24.0,23.0,24.0,25.0,24.0,22.0,24.0,22.0,23.0,23.0,23.0,22.0,22.0,24.0,20.0,20.0,22.0,23.0,5.0,locate,0,0,2.7978
1787649003.3242,2026-08-25 11:10:03.324,6,b3,0,0,-0.03194,-0.49459,0.05,22.0644,-7.7465,-69.9239,0.2858,0.6102,0.6552,4.69609,25.0,21.0,24.0,23.0,21.0,24.0,22.0,23.0,21.0,21.0,20.0,22.0,21.0,22.0,21.0,21.0,21.0,21.0,23.0,25.0,24.0,23.0,24.0,25.0,24.0,22.0,24.0,22.0,23.0,23.0,23.0,22.0,22.0,24.0,20.0,20.0,22.0,23.0,5.0,locate,0,0,2.7037
1787649003.3743,2026-08-25 11:10:03.374,6,b3,0,0,-0.0319,-0.49455,0.04997,22.2414,-7.6766,-70.2719,0.2852,0.6145,0.6423,4.69332,25.0,21.0,24.0,23.0,21.0,24.0,22.0,23.0,21.0,21.0,20.0,22.0,21.0,22.0,21.0,21.0,21.0,21.0,23.0,25.0,24.0,23.0,24.0,25.0,24.0,22.0,24.0,22.0,23.0,23.0,23.0,22.0,22.0,24.0,20.0,20.0,22.0,23.0,5.0,locate,0,0,2.7284
1787649003.4244,2026-08-25 11:10:03.424,6,b3,0,0,-0.03188,-0.49451,0.04994,22.3001,-7.4345,-70.1292,0.2798,0.6164,0.648,4.68828,25.0,22.0,23.0,24.0,22.0,24.0,23.0,23.0,21.0,22.0,20.0,22.0,21.0,21.0,22.0,22.0,21.0,21.0,24.0,25.0,24.0,23.0,24.0,25.0,24.0,22.0,24.0,22.0,23.0,23.0,23.0,22.0,22.0,24.0,20.0,20.0,22.0,23.0,5.0,locate,0,0,2.7732
1787649003.4746,2026-08-25 11:10:03.474,6,b3,0,0,-0.03185,-0.4945,0.0499,22.4199,-7.5967,-70.1423,0.2835,0.6183,0.6369,4.69382,25.0,22.0,23.0,24.0,22.0,24.0,23.0,23.0,21.0,22.0,20.0,22.0,21.0,21.0,22.0,22.0,21.0,21.0,24.0,25.0,24.0,23.0,24.0,25.0,24.0,22.0,24.0,22.0,23.0,23.0,23.0,22.0,22.0,24.0,20.0,20.0,22.0,23.0,5.0,locate,0,0,2.7239
1787649003.5247,2026-08-25 11:10:03.524,6,b3,0,0,-0.03183,-0.49451,0.0499,21.9783,-7.2499,-70.0607,0.278,0.6079,0.6238,4.69181,25.0,22.0,22.0,24.0,24.0,24.0,21.0,23.0,21.0,24.0,21.0,22.0,22.0,25.0,23.0,21.0,22.0,22.0,23.0,25.0,24.0,23.0,24.0,25.0,24.0,22.0,24.0,22.0,23.0,23.0,23.0,22.0,22.0,24.0,20.0,20.0,22.0,23.0,5.0,locate,0,0,2.7418
1787649003.5748,2026-08-25 11:10:03.574,6,b3,0,0,-0.03185,-0.49452,0.04991,22.1256,-7.5377,-70.0429,0.2824,0.6137,0.6266,4.69583,25.0,23.0,24.0,24.0,22.0,26.0,23.0,22.0,21.0,22.0,20.0,21.0,22.0,22.0,23.0,20.0,21.0,21.0,22.0,25.0,24.0,23.0,24.0,25.0,24.0,22.0,24.0,22.0,23.0,23.0,23.0,22.0,22.0,24.0,20.0,20.0,22.0,23.0,5.0,locate,0,0,2.706
1787649003.6249,2026-08-25 11:10:03.624,6,b3,0,0,-0.03186,-0.49451,0.04992,21.6045,-7.1525,-69.7064,0.2768,0.6016,0.609,4.68727,25.0,23.0,24.0,24.0,22.0,26.0,23.0,22.0,21.0,22.0,20.0,21.0,22.0,22.0,23.0,20.0,21.0,21.0,22.0,25.0,24.0,23.0,24.0,25.0,24.0,22.0,24.0,22.0,23.0,23.0,23.0,22.0,22.0,24.0,20.0,20.0,22.0,23.0,5.0,locate,0,0,2.7821
1787649003.6752,2026-08-25 11:10:03.675,6,b3,0,0,-0.03184,-0.49451,0.04992,22.0067,-7.4544,-69.741,0.2805,0.6094,0.6152,4.69986,24.0,24.0,23.0,23.0,23.0,24.0,23.0,22.0,22.0,22.0,21.0,21.0,21.0,21.0,23.0,20.0,20.0,22.0,23.0,25.0,24.0,23.0,24.0,25.0,24.0,22.0,24.0,22.0,23.0,23.0,23.0,22.0,22.0,24.0,20.0,20.0,22.0,23.0,5.0,locate,0,0,2.6701
1787649003.7252,2026-08-25 11:10:03.725,6,b3,0,0,-0.03182,-0.49452,0.04992,21.9735,-7.3829,-70.0672,0.276,0.6087,0.6054,4.68979,24.0,24.0,23.0,23.0,23.0,24.0,23.0,22.0,22.0,22.0,21.0,21.0,21.0,21.0,23.0,20.0,20.0,22.0,23.0,25.0,24.0,23.0,24.0,25.0,24.0,22.0,24.0,22.0,23.0,23.0,23.0,22.0,22.0,24.0,20.0,20.0,22.0,23.0,5.0,locate,0,0,2.7597
1787649003.7753,2026-08-25 11:10:03.775,6,b3,0,0,-0.03185,-0.49451,0.0499,21.9047,-7.3091,-69.9206,0.2761,0.6067,0.6036,4.68702,26.0,25.0,22.0,25.0,23.0,22.0,23.0,22.0,22.0,24.0,21.0,21.0,23.0,24.0,24.0,21.0,22.0,23.0,22.0,25.0,24.0,23.0,24.0,25.0,24.0,22.0,24.0,22.0,23.0,23.0,23.0,22.0,22.0,24.0,20.0,20.0,22.0,23.0,5.0,locate,0,0,2.7844
1787649003.8254,2026-08-25 11:10:03.825,6,b3,0,0,-0.03185,-0.49452,0.04992,21.9377,-7.4002,-70.0162,0.2777,0.6073,0.5982,4.69407,26.0,25.0,22.0,25.0,23.0,22.0,23.0,22.0,22.0,24.0,21.0,21.0,23.0,24.0,24.0,21.0,22.0,23.0,22.0,25.0,24.0,23.0,24.0,25.0,24.0,22.0,24.0,22.0,23.0,23.0,23.0,22.0,22.0,24.0,20.0,20.0,22.0,23.0,5.0,locate,0,0,2.7217
1787649003.8756,2026-08-25 11:10:03.875,6,b3,0,0,-0.03185,-0.49451,0.04991,21.8291,-7.1138,-69.922,0.2725,0.6031,0.5927,4.69105,25.0,24.0,25.0,24.0,24.0,25.0,22.0,23.0,22.0,25.0,20.0,22.0,22.0,25.0,23.0,21.0,24.0,22.0,23.0,25.0,24.0,23.0,24.0,25.0,24.0,22.0,24.0,22.0,23.0,23.0,23.0,22.0,22.0,24.0,20.0,20.0,22.0,23.0,5.0,locate,0,0,2.7485
1787649003.9257,2026-08-25 11:10:03.925,6,b3,0,0,-0.03184,-0.4945,0.04991,21.8245,-7.553,-69.9419,0.2825,0.6028,0.5935,4.68325,26.0,24.0,23.0,24.0,23.0,25.0,23.0,23.0,22.0,24.0,21.0,22.0,23.0,25.0,23.0,22.0,22.0,22.0,23.0,25.0,24.0,23.0,24.0,25.0,24.0,22.0,24.0,22.0,23.0,23.0,23.0,22.0,22.0,24.0,20.0,20.0,22.0,23.0,5.0,locate,0,0,2.818
1787649003.9758,2026-08-25 11:10:03.975,6,b3,0,0,-0.03185,-0.4945,0.04991,22.3023,-7.6175,-70.0708,0.2835,0.6142,0.5962,4.68753,26.0,24.0,23.0,24.0,23.0,25.0,23.0,23.0,22.0,24.0,21.0,22.0,23.0,25.0,23.0,22.0,22.0,22.0,23.0,25.0,24.0,23.0,24.0,25.0,24.0,22.0,24.0,22.0,23.0,23.0,23.0,22.0,22.0,24.0,20.0,20.0,22.0,23.0,5.0,locate,0,0,2.7799
1787649004.026,2026-08-25 11:10:04.025,6,b3,0,0,-0.03186,-0.49451,0.04991,21.8111,-7.4899,-69.5949,0.2798,0.6028,0.5848,4.69332,26.0,24.0,25.0,25.0,25.0,25.0,23.0,22.0,23.0,23.0,21.0,20.0,23.0,24.0,22.0,19.0,23.0,22.0,21.0,25.0,24.0,23.0,24.0,25.0,24.0,22.0,24.0,22.0,23.0,23.0,23.0,22.0,22.0,24.0,20.0,20.0,22.0,23.0,5.0,locate,0,0,2.7284
1787649004.0761,2026-08-25 11:10:04.076,6,b3,0,0,-0.03183,-0.49451,0.04992,21.9684,-7.3844,-69.9159,0.2777,0.609,0.5909,4.69659,26.0,24.0,25.0,25.0,25.0,25.0,23.0,22.0,23.0,23.0,21.0,20.0,23.0,24.0,22.0,19.0,23.0,22.0,21.0,25.0,24.0,23.0,24.0,25.0,24.0,22.0,24.0,22.0,23.0,23.0,23.0,22.0,22.0,24.0,20.0,20.0,22.0,23.0,5.0,locate,0,0,2.6993
1787649004.1263,2026-08-25 11:10:04.126,6,b3,0,0,-0.03186,-0.49452,0.04992,22.4263,-7.4669,-69.8076,0.2795,0.6181,0.5915,4.68702,23.0,23.0,23.0,22.0,23.0,24.0,23.0,23.0,21.0,22.0,19.0,21.0,21.0,23.0,23.0,21.0,21.0,22.0,23.0,25.0,24.0,23.0,24.0,25.0,24.0,22.0,24.0,22.0,23.0,23.0,23.0,22.0,22.0,24.0,20.0,20.0,22.0,23.0,5.0,locate,0,0,2.7844
1787649004.1764,2026-08-25 11:10:04.176,6,b3,0,0,-0.03184,-0.4945,0.04992,21.7136,-7.1065,-69.8055,0.2705,0.6017,0.5771,4.68929,25.0,24.0,23.0,24.0,23.0,23.0,22.0,23.0,22.0,22.0,21.0,22.0,23.0,22.0,22.0,21.0,20.0,22.0,23.0,25.0,24.0,23.0,24.0,25.0,24.0,22.0,24.0,22.0,23.0,23.0,23.0,22.0,22.0,24.0,20.0,20.0,22.0,23.0,5.0,locate,0,0,2.7642
1787649004.2265,2026-08-25 11:10:04.226,6,b3,0,0,-0.03182,-0.49451,0.04991,21.8847,-7.5089,-69.9286,0.2812,0.6057,0.5807,4.69583,25.0,24.0,23.0,24.0,23.0,23.0,22.0,23.0,22.0,22.0,21.0,22.0,23.0,22.0,22.0,21.0,20.0,22.0,23.0,25.0,24.0,23.0,24.0,25.0,24.0,22.0,24.0,22.0,23.0,23.0,23.0,22.0,22.0,24.0,20.0,20.0,22.0,23.0,5.0,locate,0,0,2.706
1787649004.2766,2026-08-25 11:10:04.276,6,b3,0,0,-0.03184,-0.4945,0.0499,21.8099,-7.271,-69.7383,0.2792,0.6013,0.5734,4.68803,26.0,24.0,23.0,24.0,24.0,23.0,23.0,23.0,24.0,21.0,23.0,21.0,23.0,22.0,24.0,20.0,19.0,23.0,22.0,25.0,24.0,23.0,24.0,25.0,24.0,22.0,24.0,22.0,23.0,23.0,23.0,22.0,22.0,24.0,20.0,20.0,22.0,23.0,5.0,locate,0,0,2.7754
1787649004.3267,2026-08-25 11:10:04.326,6,b3,0,0,-0.03184,-0.49451,0.04991,21.5857,-7.3767,-69.5512,0.2774,0.5996,0.5714,4.68803,26.0,24.0,23.0,24.0,24.0,23.0,23.0,23.0,24.0,21.0,23.0,21.0,23.0,22.0,24.0,20.0,19.0,23.0,22.0,25.0,24.0,23.0,24.0,25.0,24.0,22.0,24.0,22.0,23.0,23.0,23.0,22.0,22.0,24.0,20.0,20.0,22.0,23.0,5.0,locate,0,0,2.7754
1787649004.3768,2026-08-25 11:10:04.376,6,b3,0,0,-0.03186,-0.49451,0.04991,21.6887,-7.0086,-69.5513,0.2697,0.5998,0.5765,4.69735,24.0,25.0,22.0,23.0,24.0,23.0,24.0,22.0,21.0,23.0,21.0,21.0,21.0,23.0,23.0,20.0,23.0,23.0,22.0,25.0,24.0,23.0,24.0,25.0,24.0,22.0,24.0,22.0,23.0,23.0,23.0,22.0,22.0,24.0,20.0,20.0,22.0,23.0,5.0,locate,0,0,2.6925
1787649004.4269,2026-08-25 11:10:04.426,6,b3,0,0,-0.03184,-0.49451,0.04992,21.9066,-7.3619,-69.7558,0.278,0.6057,0.5712,4.68979,24.0,23.0,23.0,23.0,23.0,25.0,22.0,23.0,21.0,23.0,21.0,22.0,21.0,21.0,25.0,21.0,22.0,24.0,23.0,25.0,24.0,23.0,24.0,25.0,24.0,22.0,24.0,22.0,23.0,23.0,23.0,22.0,22.0,24.0,20.0,20.0,22.0,23.0,5.0,locate,0,0,2.7597
1787649004.477,2026-08-25 11:10:04.477,6,b3,0,0,-0.03186,-0.4945,0.0499,21.654,-7.6201,-69.8564,0.2837,0.595,0.5723,4.69281,24.0,23.0,23.0,23.0,23.0,25.0,22.0,23.0,21.0,23.0,21.0,22.0,21.0,21.0,25.0,21.0,22.0,24.0,23.0,25.0,24.0,23.0,24.0,25.0,24.0,22.0,24.0,22.0,23.0,23.0,23.0,22.0,22.0,24.0,20.0,20.0,22.0,23.0,5.0,locate,0,0,2.7329
1787649004.5272,2026-08-25 11:10:04.527,6,b3,0,0,-0.03182,-0.4945,0.04991,21.7367,-7.2011,-69.8212,0.2737,0.5998,0.5673,4.69332,25.0,23.0,25.0,25.0,23.0,25.0,23.0,23.0,22.0,22.0,21.0,22.0,23.0,22.0,24.0,21.0,19.0,22.0,23.0,25.0,24.0,23.0,24.0,25.0,24.0,22.0,24.0,22.0,23.0,23.0,23.0,22.0,22.0,24.0,20.0,20.0,22.0,23.0,5.0,locate,0,0,2.7284
1787649004.5774,2026-08-25 11:10:04.577,6,b3,0,0,-0.03184,-0.4945,0.04992,21.9337,-7.6248,-69.871,0.2832,0.6043,0.5671,4.68627,25.0,23.0,25.0,25.0,23.0,25.0,23.0,23.0,22.0,22.0,21.0,22.0,23.0,22.0,24.0,21.0,19.0,22.0,23.0,25.0,24.0,23.0,24.0,25.0,24.0,22.0,24.0,22.0,23.0,23.0,23.0,22.0,22.0,24.0,20.0,20.0,22.0,23.0,5.0,locate,0,0,2.7911
1787649004.6275,2026-08-25 11:10:04.627,6,b3,0,0,-0.03185,-0.4945,0.0499,21.8821,-7.1892,-69.5651,0.273,0.6073,0.5623,4.69181,24.0,26.0,21.0,25.0,24.0,23.0,24.0,23.0,21.0,23.0,22.0,22.0,22.0,22.0,23.0,21.0,20.0,23.0,22.0,25.0,24.0,23.0,24.0,25.0,24.0,22.0,24.0,22.0,23.0,23.0,23.0,22.0,22.0,24.0,20.0,20.0,22.0,23.0,5.0,locate,0,0,2.7418
1787649004.6776,2026-08-25 11:10:04.677,6,b3,0,0,-0.03184,-0.4945,0.04989,21.9087,-7.2375,-69.7435,0.2756,0.6056,0.5651,4.69659,24.0,26.0,21.0,25.0,24.0,23.0,24.0,23.0,21.0,23.0,22.0,22.0,22.0,22.0,23.0,21.0,20.0,23.0,22.0,25.0,24.0,23.0,24.0,25.0,24.0,22.0,24.0,22.0,23.0,23.0,23.0,22.0,22.0,24.0,20.0,20.0,22.0,23.0,5.0,locate,0,0,2.6993
1787649004.7277,2026-08-25 11:10:04.727,6,b3,0,0,-0.03184,-0.49452,0.04992,21.8875,-7.0441,-69.7875,0.2734,0.6043,0.562,4.69684,25.0,24.0,22.0,24.0,23.0,22.0,24.0,23.0,20.0,21.0,21.0,22.0,21.0,23.0,23.0,22.0,21.0,22.0,24.0,25.0,24.0,23.0,24.0,25.0,24.0,22.0,24.0,22.0,23.0,23.0,23.0,22.0,22.0,24.0,20.0,20.0,22.0,23.0,5.0,locate,0,0,2.697
1787649004.7779,2026-08-25 11:10:04.777,6,b3,0,0,-0.03183,-0.49451,0.04991,22.0527,-7.3579,-69.9961,0.2809,0.6112,0.5613,4.69004,27.0,23.0,25.0,26.0,23.0,24.0,22.0,23.0,22.0,23.0,21.0,22.0,25.0,25.0,23.0,21.0,22.0,21.0,24.0,25.0,24.0,23.0,24.0,25.0,24.0,22.0,24.0,22.0,23.0,23.0,23.0,22.0,22.0,24.0,20.0,20.0,22.0,23.0,5.0,locate,0,0,2.7575
1787649004.828,2026-08-25 11:10:04.827,6,b3,0,0,-0.03185,-0.49452,0.04992,21.6478,-7.3264,-69.7227,0.2787,0.5972,0.5574,4.6903,27.0,23.0,25.0,26.0,23.0,24.0,22.0,23.0,22.0,23.0,21.0,22.0,25.0,25.0,23.0,21.0,22.0,21.0,24.0,25.0,24.0,23.0,24.0,25.0,24.0,22.0,24.0,22.0,23.0,23.0,23.0,22.0,22.0,24.0,20.0,20.0,22.0,23.0,5.0,locate,0,0,2.7553
1787649004.8781,2026-08-25 11:10:04.878,6,b3,0,0,-0.03182,-0.49449,0.0499,21.7964,-7.3798,-69.8317,0.2783,0.6039,0.5581,4.68778,26.0,25.0,23.0,25.0,23.0,25.0,23.0,23.0,22.0,23.0,21.0,21.0,23.0,24.0,22.0,21.0,22.0,21.0,22.0,25.0,24.0,23.0,24.0,25.0,24.0,22.0,24.0,22.0,23.0,23.0,23.0,22.0,22.0,24.0,20.0,20.0,22.0,23.0,5.0,locate,0,0,2.7777
1787649004.9282,2026-08-25 11:10:04.928,6,b3,0,0,-0.03184,-0.49451,0.04991,22.1124,-7.5916,-69.7757,0.2805,0.6137,0.5623,4.68778,26.0,25.0,23.0,25.0,23.0,25.0,23.0,23.0,22.0,23.0,21.0,21.0,23.0,24.0,22.0,21.0,22.0,21.0,22.0,25.0,24.0,23.0,24.0,25.0,24.0,22.0,24.0,22.0,23.0,23.0,23.0,22.0,22.0,24.0,20.0,20.0,22.0,23.0,5.0,locate,0,0,2.7777
1787649004.9783,2026-08-25 11:10:04.978,6,b3,0,0,-0.03185,-0.49451,0.04991,21.9083,-7.7105,-69.6375,0.285,0.6035,0.5588,4.69785,25.0,23.0,24.0,24.0,23.0,25.0,21.0,20.0,21.0,22.0,20.0,19.0,21.0,21.0,23.0,19.0,20.0,22.0,21.0,25.0,24.0,23.0,24.0,25.0,24.0,22.0,24.0,22.0,23.0,23.0,23.0,22.0,22.0,24.0,20.0,20.0,22.0,23.0,5.0,locate,0,0,2.6881
1787649005.0284,2026-08-25 11:10:05.028,6,b3,0,0,-0.03185,-0.49451,0.04993,22.0584,-7.6616,-69.7797,0.2805,0.6086,0.5535,4.70011,23.0,24.0,23.0,23.0,22.0,23.0,21.0,21.0,23.0,23.0,19.0,19.0,23.0,22.0,20.0,20.0,21.0,20.0,21.0,25.0,24.0,23.0,24.0,25.0,24.0,22.0,24.0,22.0,23.0,23.0,23.0,22.0,22.0,24.0,20.0,20.0,22.0,23.0,5.0,locate,0,0,2.6679
1787649005.0785,2026-08-25 11:10:05.078,6,b3,0,0,-0.03185,-0.4945,0.04991,21.6038,-7.4155,-69.5429,0.279,0.5995,0.5515,4.69357,23.0,24.0,23.0,23.0,22.0,23.0,21.0,21.0,23.0,23.0,19.0,19.0,23.0,22.0,20.0,20.0,21.0,20.0,21.0,25.0,24.0,23.0,24.0,25.0,24.0,22.0,24.0,22.0,23.0,23.0,23.0,22.0,22.0,24.0,20.0,20.0,22.0,23.0,5.0,locate,0,0,2.7261
1787649005.1287,2026-08-25 11:10:05.128,6,b3,0,0,-0.03183,-0.49452,0.04992,21.7775,-7.3557,-69.6033,0.2777,0.6012,0.5468,4.69785,23.0,25.0,24.0,23.0,25.0,25.0,21.0,22.0,19.0,21.0,20.0,21.0,21.0,22.0,23.0,20.0,20.0,22.0,21.0,25.0,24.0,23.0,24.0,25.0,24.0,22.0,24.0,22.0,23.0,23.0,23.0,22.0,22.0,24.0,20.0,20.0,22.0,23.0,5.0,locate,0,0,2.6881
1787649005.1789,2026-08-25 11:10:05.178,6,b3,0,0,-0.03184,-0.49451,0.04992,21.5611,-7.1383,-69.5353,0.2724,0.5934,0.543,4.68702,23.0,25.0,24.0,23.0,25.0,25.0,21.0,22.0,19.0,21.0,20.0,21.0,21.0,22.0,23.0,20.0,20.0,22.0,21.0,25.0,24.0,23.0,24.0,25.0,24.0,22.0,24.0,22.0,23.0,23.0,23.0,22.0,22.0,24.0,20.0,20.0,22.0,23.0,5.0,locate,0,0,2.7844
1787649005.229,2026-08-25 11:10:05.228,6,b3,0,0,-0.03184,-0.4945,0.04991,21.7728,-7.4531,-69.5728,0.2786,0.6029,0.5527,4.6913,23.0,22.0,22.0,23.0,23.0,24.0,22.0,22.0,20.0,24.0,20.0,20.0,21.0,24.0,21.0,21.0,22.0,22.0,22.0,25.0,24.0,23.0,24.0,25.0,24.0,22.0,24.0,22.0,23.0,23.0,23.0,22.0,22.0,24.0,20.0,20.0,22.0,23.0,5.0,locate,0,0,2.7463
1787649005.279,2026-08-25 11:10:05.279,6,b3,1,0,-0.03185,-0.49451,0.04992,21.7164,-7.4941,-69.7861,0.2826,0.599,0.5456,4.69382,24.0,23.0,24.0,22.0,23.0,25.0,22.0,22.0,22.0,23.0,20.0,21.0,22.0,23.0,21.0,21.0,21.0,21.0,21.0,25.0,24.0,23.0,24.0,25.0,24.0,22.0,24.0,22.0,23.0,23.0,23.0,22.0,22.0,24.0,20.0,20.0,22.0,23.0,5.0,press,0,0,2.7239
1787649005.3291,2026-08-25 11:10:05.329,6,b3,1,0,-0.03185,-0.49452,0.04991,21.9897,-7.7654,-69.7942,0.2914,0.6109,0.5491,4.68224,24.0,23.0,24.0,22.0,23.0,25.0,22.0,22.0,22.0,23.0,20.0,21.0,22.0,23.0,21.0,21.0,21.0,21.0,21.0,25.0,24.0,23.0,24.0,25.0,24.0,22.0,24.0,22.0,23.0,23.0,23.0,22.0,22.0,24.0,20.0,20.0,22.0,23.0,5.0,press,0,0,2.8269
1787649005.3792,2026-08-25 11:10:05.379,6,b3,1,0,-0.03185,-0.49453,0.04991,22.3907,-7.984,-69.8848,0.2923,0.6193,0.5501,4.69684,25.0,25.0,24.0,24.0,24.0,25.0,22.0,21.0,23.0,24.0,20.0,19.0,22.0,23.0,23.0,20.0,21.0,22.0,21.0,25.0,24.0,23.0,24.0,25.0,24.0,22.0,24.0,22.0,23.0,23.0,23.0,22.0,22.0,24.0,20.0,20.0,22.0,23.0,5.0,press,0,0,2.697
1787649005.4293,2026-08-25 11:10:05.429,6,b3,1,0,-0.03184,-0.49452,0.04983,22.0857,-7.4603,-69.7464,0.2789,0.608,0.5442,4.68803,25.0,25.0,24.0,24.0,24.0,25.0,22.0,21.0,23.0,24.0,20.0,19.0,22.0,23.0,23.0,20.0,21.0,22.0,21.0,25.0,24.0,23.0,24.0,25.0,24.0,22.0,24.0,22.0,23.0,23.0,23.0,22.0,22.0,24.0,20.0,20.0,22.0,23.0,5.0,press,0,0,2.7754
1787649005.4794,2026-08-25 11:10:05.479,6,b3,1,0,-0.03184,-0.49451,0.04972,21.8562,-7.0739,-69.9179,0.2679,0.6034,0.5437,4.68979,23.0,25.0,24.0,23.0,24.0,25.0,22.0,23.0,23.0,22.0,20.0,21.0,23.0,23.0,22.0,21.0,21.0,21.0,23.0,25.0,24.0,23.0,24.0,25.0,24.0,22.0,24.0,22.0,23.0,23.0,23.0,22.0,22.0,24.0,20.0,20.0,22.0,23.0,5.0,press,0,0,2.7597
1787649005.5294,2026-08-25 11:10:05.529,6,b3,1,0,-0.03184,-0.49452,0.04963,21.8153,-7.123,-69.7571,0.2712,0.6022,0.5409,4.69709,23.0,25.0,24.0,23.0,24.0,25.0,22.0,23.0,23.0,22.0,20.0,21.0,23.0,23.0,22.0,21.0,21.0,21.0,23.0,25.0,24.0,23.0,24.0,25.0,24.0,22.0,24.0,22.0,23.0,23.0,23.0,22.0,22.0,24.0,20.0,20.0,22.0,23.0,5.0,press,0,0,2.6948
1787649005.5796,2026-08-25 11:10:05.579,6,b3,1,0,-0.03186,-0.49453,0.04952,22.056,-7.6374,-69.7383,0.2824,0.6105,0.5464,4.68299,26.0,24.0,24.0,25.0,23.0,24.0,22.0,22.0,22.0,22.0,20.0,21.0,23.0,23.0,21.0,21.0,21.0,21.0,22.0,25.0,24.0,23.0,24.0,25.0,24.0,22.0,24.0,22.0,23.0,23.0,23.0,22.0,22.0,24.0,20.0,20.0,22.0,23.0,5.0,press,0,0,2.8202
1787649005.6296,2026-08-25 11:10:05.629,6,b3,1,0,-0.03185,-0.49454,0.0494,21.7064,-7.0689,-69.6979,0.2722,0.599,0.5414,4.6903,25.0,26.0,23.0,24.0,24.0,24.0,23.0,22.0,22.0,23.0,20.0,20.0,22.0,23.0,20.0,20.0,19.0,20.0,22.0,25.0,24.0,23.0,24.0,25.0,24.0,22.0,24.0,22.0,23.0,23.0,23.0,22.0,22.0,24.0,20.0,20.0,22.0,23.0,5.0,press,0,0,2.7553
1787649005.6797,2026-08-25 11:10:05.679,6,b3,1,0,-0.03186,-0.49454,0.04928,21.6103,-7.6155,-69.9172,0.2846,0.6016,0.5332,4.69634,25.0,26.0,23.0,24.0,24.0,24.0,23.0,22.0,22.0,23.0,20.0,20.0,22.0,23.0,20.0,20.0,19.0,20.0,22.0,25.0,24.0,23.0,24.0,25.0,24.0,22.0,24.0,22.0,23.0,23.0,23.0,22.0,22.0,24.0,20.0,20.0,22.0,23.0,5.0,press,0,0,2.7015
1787649005.7298,2026-08-25 11:10:05.729,6,b3,1,0,-0.03184,-0.49453,0.04911,21.7922,-7.2257,-69.8578,0.2774,0.6008,0.5359,4.68727,24.0,23.0,22.0,23.0,21.0,25.0,22.0,23.0,21.0,22.0,20.0,21.0,22.0,23.0,22.0,21.0,21.0,20.0,23.0,25.0,24.0,23.0,24.0,25.0,24.0,22.0,24.0,22.0,23.0,23.0,23.0,22.0,22.0,24.0,20.0,20.0,22.0,23.0,5.0,press,0,0,2.7821
1787649005.7801,2026-08-25 11:10:05.780,6,b3,1,0,-0.03186,-0.49452,0.04893,21.9282,-7.4009,-69.8311,0.2789,0.6019,0.5425,4.69634,24.0,23.0,22.0,23.0,21.0,25.0,22.0,23.0,21.0,22.0,20.0,21.0,22.0,23.0,22.0,21.0,21.0,20.0,23.0,25.0,24.0,23.0,24.0,25.0,24.0,22.0,24.0,22.0,23.0,23.0,23.0,22.0,22.0,24.0,20.0,20.0,22.0,23.0,5.0,press,0,0,2.7015
1787649005.8302,2026-08-25 11:10:05.830,6,b3,1,0,-0.03185,-0.49451,0.04878,22.27,-7.6432,-69.8798,0.2824,0.6152,0.5425,4.68526,27.0,23.0,23.0,25.0,23.0,24.0,21.0,21.0,20.0,23.0,20.0,20.0,21.0,23.0,21.0,19.0,20.0,21.0,21.0,25.0,24.0,23.0,24.0,25.0,24.0,22.0,24.0,22.0,23.0,23.0,23.0,22.0,22.0,24.0,20.0,20.0,22.0,23.0,5.0,press,0,0,2.8001
1787649005.8803,2026-08-25 11:10:05.880,6,b3,1,0,-0.03185,-0.49451,0.04861,21.9438,-7.3367,-69.7175,0.2765,0.6046,0.5316,4.69508,24.0,23.0,24.0,24.0,23.0,25.0,22.0,21.0,21.0,22.0,21.0,19.0,21.0,24.0,22.0,19.0,23.0,22.0,21.0,25.0,24.0,23.0,24.0,25.0,24.0,22.0,24.0,22.0,23.0,23.0,23.0,22.0,22.0,24.0,20.0,20.0,22.0,23.0,5.0,press,0,0,2.7127
1787649005.9304,2026-08-25 11:10:05.930,6,b3,1,0,-0.03185,-0.49454,0.04846,21.7518,-7.2585,-69.8129,0.278,0.6006,0.5317,4.6981,24.0,23.0,24.0,24.0,23.0,25.0,22.0,21.0,21.0,22.0,21.0,19.0,21.0,24.0,22.0,19.0,23.0,22.0,21.0,25.0,24.0,23.0,24.0,25.0,24.0,22.0,24.0,22.0,23.0,23.0,23.0,22.0,22.0,24.0,20.0,20.0,22.0,23.0,5.0,press,0,0,2.6858
1787649005.9806,2026-08-25 11:10:05.980,6,b3,1,0,-0.03185,-0.49452,0.04828,21.8802,-7.1509,-69.562,0.2748,0.6036,0.5302,4.68375,23.0,25.0,25.0,22.0,24.0,25.0,22.0,22.0,20.0,24.0,20.0,21.0,21.0,22.0,22.0,18.0,21.0,20.0,22.0,25.0,24.0,23.0,24.0,25.0,24.0,22.0,24.0,22.0,23.0,23.0,23.0,22.0,22.0,24.0,20.0,20.0,22.0,23.0,5.0,press,0,0,2.8135
1787649006.0307,2026-08-25 11:10:06.030,6,b3,1,0,-0.03186,-0.49451,0.0481,22.0221,-7.6294,-69.8182,0.2799,0.6091,0.5348,4.69609,23.0,25.0,25.0,22.0,24.0,25.0,22.0,22.0,20.0,24.0,20.0,21.0,21.0,22.0,22.0,18.0,21.0,20.0,22.0,25.0,24.0,23.0,24.0,25.0,24.0,22.0,24.0,22.0,23.0,23.0,23.0,22.0,22.0,24.0,20.0,20.0,22.0,23.0,5.0,press,0,0,2.7037
1787649006.0808,2026-08-25 11:10:06.080,6,b3,1,0,-0.03186,-0.49452,0.04794,21.9309,-7.4534,-69.9059,0.2789,0.6083,0.5349,4.68727,25.0,25.0,24.0,22.0,23.0,25.0,22.0,23.0,21.0,22.0,21.0,21.0,20.0,22.0,23.0,22.0,19.0,22.0,23.0,25.0,24.0,23.0,24.0,25.0,24.0,22.0,24.0,22.0,23.0,23.0,23.0,22.0,22.0,24.0,20.0,20.0,22.0,23.0,5.0,press,0,0,2.7821
1787649006.131,2026-08-25 11:10:06.130,6,b3,1,0,-0.03185,-0.49452,0.04778,22.0035,-7.739,-69.829,0.2886,0.606,0.5347,4.68702,24.0,25.0,22.0,24.0,24.0,23.0,23.0,22.0,22.0,22.0,22.0,21.0,22.0,24.0,23.0,20.0,20.0,22.0,22.0,25.0,24.0,23.0,24.0,25.0,24.0,22.0,24.0,22.0,23.0,23.0,23.0,22.0,22.0,24.0,20.0,20.0,22.0,23.0,5.0,press,0,0,2.7844
1787649006.1811,2026-08-25 11:10:06.181,6,b3,1,0,-0.03186,-0.4945,0.04758,21.589,-7.3303,-69.7759,0.2745,0.5962,0.5317,4.69785,24.0,25.0,22.0,24.0,24.0,23.0,23.0,22.0,22.0,22.0,22.0,21.0,22.0,24.0,23.0,20.0,20.0,22.0,22.0,25.0,24.0,23.0,24.0,25.0,24.0,22.0,24.0,22.0,23.0,23.0,23.0,22.0,22.0,24.0,20.0,20.0,22.0,23.0,5.0,press,0,0,2.6881
1787649006.2312,2026-08-25 11:10:06.231,6,b3,1,0,-0.03185,-0.49452,0.04743,22.1341,-7.3344,-69.7328,0.2783,0.6106,0.535,4.69382,24.0,25.0,23.0,23.0,24.0,24.0,24.0,22.0,22.0,22.0,20.0,20.0,21.0,24.0,21.0,20.0,21.0,20.0,21.0,25.0,24.0,23.0,24.0,25.0,24.0,22.0,24.0,22.0,23.0,23.0,23.0,22.0,22.0,24.0,20.0,20.0,22.0,23.0,5.0,press,0,0,2.7239
1787649006.2814,2026-08-25 11:10:06.281,6,b3,1,0,-0.03182,-0.49451,0.04726,21.7858,-7.4342,-69.57,0.2796,0.6017,0.5353,4.68778,24.0,25.0,23.0,23.0,24.0,24.0,24.0,22.0,22.0,22.0,20.0,20.0,21.0,24.0,21.0,20.0,21.0,20.0,21.0,25.0,24.0,23.0,24.0,25.0,24.0,22.0,24.0,22.0,23.0,23.0,23.0,22.0,22.0,24.0,20.0,20.0,22.0,23.0,5.0,press,0,0,2.7777
1787649006.3315,2026-08-25 11:10:06.331,6,b3,1,0,-0.03185,-0.49452,0.04713,22.0048,-7.2623,-69.6136,0.2749,0.6057,0.5326,4.69306,24.0,23.0,24.0,23.0,23.0,25.0,21.0,23.0,23.0,22.0,20.0,21.0,22.0,22.0,22.0,21.0,19.0,21.0,21.0,25.0,24.0,23.0,24.0,25.0,24.0,22.0,24.0,22.0,23.0,23.0,23.0,22.0,22.0,24.0,20.0,20.0,22.0,23.0,5.0,press,0,0,2.7306
1787649006.3816,2026-08-25 11:10:06.381,6,b3,1,0,-0.03185,-0.49451,0.04694,22.0103,-7.6981,-69.6172,0.2864,0.6076,0.5279,4.68803,24.0,23.0,24.0,23.0,23.0,25.0,21.0,23.0,23.0,22.0,20.0,21.0,22.0,22.0,22.0,21.0,19.0,21.0,21.0,25.0,24.0,23.0,24.0,25.0,24.0,22.0,24.0,22.0,23.0,23.0,23.0,22.0,22.0,24.0,20.0,20.0,22.0,23.0,5.0,press,0,0,2.7754
1787649006.4317,2026-08-25 11:10:06.431,6,b3,1,0,-0.03184,-0.49451,0.04678,21.6187,-7.4331,-69.6216,0.281,0.6003,0.5277,4.69256,26.0,24.0,25.0,24.0,24.0,25.0,21.0,24.0,20.0,23.0,22.0,21.0,22.0,23.0,21.0,21.0,21.0,21.0,22.0,25.0,24.0,23.0,24.0,25.0,24.0,22.0,24.0,22.0,23.0,23.0,23.0,22.0,22.0,24.0,20.0,20.0,22.0,23.0,5.0,press,0,0,2.7351
1787649006.4818,2026-08-25 11:10:06.481,6,b3,1,0,-0.03184,-0.49452,0.04662,22.0539,-7.9141,-69.7667,0.293,0.6067,0.53,4.69533,25.0,23.0,27.0,25.0,22.0,27.0,22.0,24.0,21.0,23.0,21.0,23.0,21.0,24.0,22.0,21.0,22.0,22.0,22.0,25.0,24.0,23.0,24.0,25.0,24.0,22.0,24.0,22.0,23.0,23.0,23.0,22.0,22.0,24.0,20.0,20.0,22.0,23.0,5.0,press,0,0,2.7105
1787649006.532,2026-08-25 11:10:06.531,6,b3,1,0,-0.03185,-0.49453,0.04646,21.5932,-7.3794,-69.7298,0.2789,0.5951,0.529,4.68576,25.0,23.0,27.0,25.0,22.0,27.0,22.0,24.0,21.0,23.0,21.0,23.0,21.0,24.0,22.0,21.0,22.0,22.0,22.0,25.0,24.0,23.0,24.0,25.0,24.0,22.0,24.0,22.0,23.0,23.0,23.0,22.0,22.0,24.0,20.0,20.0,22.0,23.0,5.0,press,0,0,2.7956
1787649006.5821,2026-08-25 11:10:06.582,6,b3,1,0,-0.03185,-0.49453,0.04632,21.7582,-7.523,-69.6115,0.2846,0.6048,0.522,4.69583,26.0,23.0,25.0,25.0,22.0,26.0,22.0,23.0,23.0,23.0,21.0,21.0,24.0,24.0,22.0,21.0,22.0,23.0,22.0,25.0,24.0,23.0,24.0,25.0,24.0,22.0,24.0,22.0,23.0,23.0,23.0,22.0,22.0,24.0,20.0,20.0,22.0,23.0,5.0,press,0,0,2.706
1787649006.6322,2026-08-25 11:10:06.632,6,b3,1,0,-0.03185,-0.49451,0.0461,22.0679,-7.4882,-69.8151,0.2808,0.6073,0.5275,4.68174,26.0,23.0,25.0,25.0,22.0,26.0,22.0,23.0,23.0,23.0,21.0,21.0,24.0,24.0,22.0,21.0,22.0,23.0,22.0,25.0,24.0,23.0,24.0,25.0,24.0,22.0,24.0,22.0,23.0,23.0,23.0,22.0,22.0,24.0,20.0,20.0,22.0,23.0,5.0,press,0,0,2.8314
1787649006.6823,2026-08-25 11:10:06.682,6,b3,1,0,-0.03186,-0.49452,0.04594,21.8514,-7.2991,-69.8018,0.2723,0.6032,0.524,4.68929,25.0,24.0,24.0,24.0,25.0,25.0,23.0,22.0,21.0,23.0,22.0,21.0,21.0,25.0,24.0,20.0,22.0,23.0,22.0,25.0,24.0,23.0,24.0,25.0,24.0,22.0,24.0,22.0,23.0,23.0,23.0,22.0,22.0,24.0,20.0,20.0,22.0,23.0,5.0,press,0,0,2.7642
1787649006.7324,2026-08-25 11:10:06.732,6,b3,1,0,-0.03184,-0.49452,0.04578,21.6647,-7.5471,-69.7343,0.2819,0.6007,0.5239,4.69105,26.0,26.0,26.0,23.0,24.0,27.0,24.0,22.0,20.0,24.0,20.0,21.0,21.0,23.0,23.0,21.0,21.0,23.0,23.0,25.0,24.0,23.0,24.0,25.0,24.0,22.0,24.0,22.0,23.0,23.0,23.0,22.0,22.0,24.0,20.0,20.0,22.0,23.0,5.0,press,0,0,2.7485
1787649006.7826,2026-08-25 11:10:06.782,6,b3,1,0,-0.03185,-0.4945,0.04561,21.586,-7.2195,-69.718,0.2729,0.5999,0.5214,4.68425,26.0,26.0,26.0,23.0,24.0,27.0,24.0,22.0,20.0,24.0,20.0,21.0,21.0,23.0,23.0,21.0,21.0,23.0,23.0,25.0,24.0,23.0,24.0,25.0,24.0,22.0,24.0,22.0,23.0,23.0,23.0,22.0,22.0,24.0,20.0,20.0,22.0,23.0,5.0,press,0,0,2.809
1787649006.8327,2026-08-25 11:10:06.832,6,b3,1,0,-0.03185,-0.49451,0.0455,21.8798,-7.3977,-69.7485,0.2791,0.6059,0.5249,4.69256,24.0,24.0,24.0,24.0,23.0,25.0,23.0,22.0,21.0,22.0,21.0,20.0,21.0,23.0,22.0,20.0,22.0,22.0,22.0,25.0,24.0,23.0,24.0,25.0,24.0,22.0,24.0,22.0,23.0,23.0,23.0,22.0,22.0,24.0,20.0,20.0,22.0,23.0,5.0,press,0,0,2.7351
1787649006.8828,2026-08-25 11:10:06.882,6,b3,1,0,-0.03186,-0.4945,0.04535,21.9352,-7.6523,-69.8371,0.286,0.6041,0.5268,4.70465,24.0,24.0,24.0,24.0,23.0,25.0,23.0,22.0,21.0,22.0,21.0,20.0,21.0,23.0,22.0,20.0,22.0,22.0,22.0,25.0,24.0,23.0,24.0,25.0,24.0,22.0,24.0,22.0,23.0,23.0,23.0,22.0,22.0,24.0,20.0,20.0,22.0,23.0,5.0,press,0,0,2.6276
1787649006.933,2026-08-25 11:10:06.933,6,b3,1,0,-0.03182,-0.49451,0.04525,22.0429,-7.7544,-69.7049,0.2871,0.611,0.5231,4.69055,25.0,24.0,26.0,23.0,22.0,26.0,24.0,23.0,21.0,24.0,21.0,22.0,22.0,25.0,22.0,22.0,22.0,19.0,23.0,25.0,24.0,23.0,24.0,25.0,24.0,22.0,24.0,22.0,23.0,23.0,23.0,22.0,22.0,24.0,20.0,20.0,22.0,23.0,5.0,press,0,0,2.753
1787649006.9832,2026-08-25 11:10:06.983,6,b3,1,0,-0.03183,-0.49452,0.04516,21.822,-7.7552,-69.6798,0.2884,0.6022,0.5228,4.69181,25.0,24.0,26.0,23.0,22.0,26.0,24.0,23.0,21.0,24.0,21.0,22.0,22.0,25.0,22.0,22.0,22.0,19.0,23.0,25.0,24.0,23.0,24.0,25.0,24.0,22.0,24.0,22.0,23.0,23.0,23.0,22.0,22.0,24.0,20.0,20.0,22.0,23.0,5.0,press,0,0,2.7418
1787649007.0333,2026-08-25 11:10:07.033,6,b3,1,0,-0.03185,-0.49452,0.04507,22.2693,-7.544,-69.8837,0.2804,0.6154,0.5203,4.69332,26.0,26.0,25.0,25.0,24.0,26.0,22.0,23.0,21.0,22.0,22.0,21.0,20.0,22.0,23.0,21.0,19.0,22.0,22.0,25.0,24.0,23.0,24.0,25.0,24.0,22.0,24.0,22.0,23.0,23.0,23.0,22.0,22.0,24.0,20.0,20.0,22.0,23.0,5.0,press,0,0,2.7284
1787649007.0834,2026-08-25 11:10:07.083,6,b3,1,0,-0.03185,-0.49451,0.045,21.8956,-7.4089,-69.8659,0.2807,0.6044,0.522,4.68778,26.0,26.0,25.0,24.0,24.0,24.0,23.0,25.0,22.0,21.0,22.0,23.0,22.0,21.0,22.0,23.0,19.0,22.0,24.0,25.0,24.0,23.0,24.0,25.0,24.0,22.0,24.0,22.0,23.0,23.0,23.0,22.0,22.0,24.0,20.0,20.0,22.0,23.0,5.0,press,0,0,2.7777
1787649007.1335,2026-08-25 11:10:07.133,6,b3,1,0,-0.03184,-0.49452,0.04498,22.126,-7.7705,-69.9898,0.2867,0.6098,0.5249,4.69382,26.0,26.0,25.0,24.0,24.0,24.0,23.0,25.0,22.0,21.0,22.0,23.0,22.0,21.0,22.0,23.0,19.0,22.0,24.0,25.0,24.0,23.0,24.0,25.0,24.0,22.0,24.0,22.0,23.0,23.0,23.0,22.0,22.0,24.0,20.0,20.0,22.0,23.0,5.0,press,0,0,2.7239
1787649007.1837,2026-08-25 11:10:07.183,6,b3,1,0,-0.03184,-0.49453,0.04496,21.7515,-7.4234,-69.8383,0.2765,0.6029,0.521,4.6913,27.0,25.0,24.0,26.0,23.0,24.0,25.0,24.0,21.0,24.0,20.0,22.0,21.0,23.0,21.0,21.0,22.0,22.0,22.0,25.0,24.0,23.0,24.0,25.0,24.0,22.0,24.0,22.0,23.0,23.0,23.0,22.0,22.0,24.0,20.0,20.0,22.0,23.0,5.0,press,0,0,2.7463
1787649007.2338,2026-08-25 11:10:07.233,6,b3,1,0,-0.03185,-0.49453,0.04496,21.8433,-7.4283,-69.7375,0.278,0.6039,0.5203,4.6986,27.0,25.0,24.0,26.0,23.0,24.0,25.0,24.0,21.0,24.0,20.0,22.0,21.0,23.0,21.0,21.0,22.0,22.0,22.0,25.0,24.0,23.0,24.0,25.0,24.0,22.0,24.0,22.0,23.0,23.0,23.0,22.0,22.0,24.0,20.0,20.0,22.0,23.0,5.0,press,0,0,2.6813
1787649007.2839,2026-08-25 11:10:07.283,6,b3,1,0,-0.03184,-0.49452,0.04495,22.0525,-7.5544,-70.0208,0.2797,0.6094,0.5246,4.69004,25.0,24.0,27.0,24.0,25.0,27.0,24.0,23.0,20.0,25.0,21.0,21.0,20.0,24.0,23.0,21.0,23.0,22.0,22.0,25.0,24.0,23.0,24.0,25.0,24.0,22.0,24.0,22.0,23.0,23.0,23.0,22.0,22.0,24.0,20.0,20.0,22.0,23.0,5.0,hold,0,0,2.7575
1787649007.3341,2026-08-25 11:10:07.334,6,b3,1,0,-0.03184,-0.49453,0.04495,22.0818,-7.351,-69.7237,0.274,0.6088,0.5222,4.68853,26.0,24.0,27.0,24.0,23.0,27.0,23.0,22.0,24.0,24.0,22.0,21.0,23.0,22.0,23.0,20.0,22.0,22.0,20.0,25.0,24.0,23.0,24.0,25.0,24.0,22.0,24.0,22.0,23.0,23.0,23.0,22.0,22.0,24.0,20.0,20.0,22.0,23.0,5.0,hold,0,0,2.7709
1787649007.3842,2026-08-25 11:10:07.384,6,b3,1,0,-0.03183,-0.49451,0.04492,21.7648,-7.4339,-69.5647,0.2769,0.5995,0.519,4.69785,26.0,24.0,27.0,24.0,23.0,27.0,23.0,22.0,24.0,24.0,22.0,21.0,23.0,22.0,23.0,20.0,22.0,22.0,20.0,25.0,24.0,23.0,24.0,25.0,24.0,22.0,24.0,22.0,23.0,23.0,23.0,22.0,22.0,24.0,20.0,20.0,22.0,23.0,5.0,hold,0,0,2.6881
1787649007.4343,2026-08-25 11:10:07.434,6,b3,1,0,-0.03184,-0.49451,0.04491,22.1622,-7.3438,-69.6762,0.2774,0.6122,0.5187,4.68828,25.0,26.0,26.0,23.0,25.0,27.0,25.0,23.0,21.0,21.0,21.0,21.0,21.0,22.0,22.0,20.0,21.0,21.0,22.0,25.0,24.0,23.0,24.0,25.0,24.0,22.0,24.0,22.0,23.0,23.0,23.0,22.0,22.0,24.0,20.0,20.0,22.0,23.0,5.0,hold,0,0,2.7732
1787649007.4844,2026-08-25 11:10:07.484,6,b3,1,0,-0.03183,-0.49451,0.04491,21.874,-7.2352,-69.5745,0.2753,0.6031,0.5185,4.69735,25.0,26.0,26.0,23.0,25.0,27.0,25.0,23.0,21.0,21.0,21.0,21.0,21.0,22.0,22.0,20.0,21.0,21.0,22.0,25.0,24.0,23.0,24.0,25.0,24.0,22.0,24.0,22.0,23.0,23.0,23.0,22.0,22.0,24.0,20.0,20.0,22.0,23.0,5.0,hold,0,0,2.6925
1787649007.5346,2026-08-25 11:10:07.534,6,b3,1,0,-0.03184,-0.4945,0.04491,21.8447,-7.4831,-69.7833,0.2811,0.6007,0.5159,4.68576,25.0,25.0,26.0,24.0,24.0,25.0,23.0,22.0,23.0,24.0,22.0,21.0,25.0,24.0,23.0,19.0,21.0,22.0,21.0,25.0,24.0,23.0,24.0,25.0,24.0,22.0,24.0,22.0,23.0,23.0,23.0,22.0,22.0,24.0,20.0,20.0,22.0,23.0,5.0,hold,0,0,2.7956
1787649007.5847,2026-08-25 11:10:07.584,6,b3,1,0,-0.03185,-0.49452,0.04492,22.0044,-7.3913,-69.8339,0.2798,0.6065,0.5164,4.6976,25.0,29.0,27.0,23.0,25.0,28.0,24.0,24.0,21.0,23.0,22.0,21.0,22.0,23.0,24.0,21.0,20.0,22.0,23.0,25.0,24.0,23.0,24.0,25.0,24.0,22.0,24.0,22.0,23.0,23.0,23.0,22.0,22.0,24.0,20.0,20.0,22.0,23.0,5.0,hold,0,0,2.6903
1787649007.6348,2026-08-25 11:10:07.634,6,b3,1,0,-0.03185,-0.4945,0.04489,21.92,-7.4715,-69.8609,0.2773,0.6057,0.5172,4.68727,25.0,29.0,27.0,23.0,25.0,28.0,24.0,24.0,21.0,23.0,22.0,21.0,22.0,23.0,24.0,21.0,20.0,22.0,23.0,25.0,24.0,23.0,24.0,25.0,24.0,22.0,24.0,22.0,23.0,23.0,23.0,22.0,22.0,24.0,20.0,20.0,22.0,23.0,5.0,hold,0,0,2.7821
1787649007.685,2026-08-25 11:10:07.684,6,b3,1,0,-0.03183,-0.49451,0.0449,21.8025,-7.0467,-69.8034,0.2713,0.6033,0.5199,4.69583,27.0,26.0,27.0,23.0,24.0,26.0,24.0,22.0,23.0,23.0,22.0,21.0,22.0,24.0,22.0,20.0,20.0,23.0,22.0,25.0,24.0,23.0,24.0,25.0,24.0,22.0,24.0,22.0,23.0,23.0,23.0,22.0,22.0,24.0,20.0,20.0,22.0,23.0,5.0,hold,0,0,2.706
1787649007.7351,2026-08-25 11:10:07.735,6,b3,1,0,-0.03186,-0.49452,0.04491,21.912,-7.7232,-69.8112,0.2861,0.6079,0.5114,4.69206,27.0,26.0,27.0,23.0,24.0,26.0,24.0,22.0,23.0,23.0,22.0,21.0,22.0,24.0,22.0,20.0,20.0,23.0,22.0,25.0,24.0,23.0,24.0,25.0,24.0,22.0,24.0,22.0,23.0,23.0,23.0,22.0,22.0,24.0,20.0,20.0,22.0,23.0,5.0,hold,0,0,2.7396
1787649007.7852,2026-08-25 11:10:07.785,6,b3,1,0,-0.03186,-0.49451,0.04492,21.9041,-7.3745,-69.6616,0.2795,0.6035,0.5156,4.69281,25.0,27.0,26.0,24.0,24.0,26.0,25.0,24.0,23.0,26.0,22.0,22.0,22.0,26.0,24.0,21.0,22.0,24.0,22.0,25.0,24.0,23.0,24.0,25.0,24.0,22.0,24.0,22.0,23.0,23.0,23.0,22.0,22.0,24.0,20.0,20.0,22.0,23.0,5.0,hold,0,0,2.7329
1787649007.8353,2026-08-25 11:10:07.835,6,b3,1,0,-0.03186,-0.49452,0.04491,22.2172,-7.6898,-69.9365,0.288,0.6116,0.5203,4.6835,25.0,27.0,26.0,24.0,24.0,26.0,25.0,24.0,23.0,26.0,22.0,22.0,22.0,26.0,24.0,21.0,22.0,24.0,22.0,25.0,24.0,23.0,24.0,25.0,24.0,22.0,24.0,22.0,23.0,23.0,23.0,22.0,22.0,24.0,20.0,20.0,22.0,23.0,5.0,hold,0,0,2.8157
1787649007.8855,2026-08-25 11:10:07.885,6,b3,1,0,-0.03186,-0.49452,0.04492,21.7199,-7.3487,-69.7929,0.2766,0.6009,0.514,4.68576,26.0,26.0,28.0,25.0,25.0,29.0,25.0,22.0,21.0,23.0,22.0,19.0,21.0,24.0,24.0,20.0,21.0,22.0,21.0,25.0,24.0,23.0,24.0,25.0,24.0,22.0,24.0,22.0,23.0,23.0,23.0,22.0,22.0,24.0,20.0,20.0,22.0,23.0,5.0,hold,0,0,2.7956
1787649007.9356,2026-08-25 11:10:07.935,6,b3,1,0,-0.03185,-0.49451,0.04491,22.1641,-7.5914,-69.8371,0.2817,0.6112,0.521,4.69306,24.0,24.0,27.0,23.0,23.0,26.0,24.0,25.0,22.0,25.0,22.0,22.0,22.0,25.0,24.0,23.0,22.0,23.0,23.0,25.0,24.0,23.0,24.0,25.0,24.0,22.0,24.0,22.0,23.0,23.0,23.0,22.0,22.0,24.0,20.0,20.0,22.0,23.0,5.0,hold,0,0,2.7306
1787649007.9857,2026-08-25 11:10:07.985,6,b3,1,0,-0.03182,-0.49452,0.04492,21.9641,-7.5956,-69.9689,0.2833,0.6087,0.5074,4.68853,24.0,24.0,27.0,23.0,23.0,26.0,24.0,25.0,22.0,25.0,22.0,22.0,22.0,25.0,24.0,23.0,22.0,23.0,23.0,25.0,24.0,23.0,24.0,25.0,24.0,22.0,24.0,22.0,23.0,23.0,23.0,22.0,22.0,24.0,20.0,20.0,22.0,23.0,5.0,hold,0,0,2.7709
1787649008.0358,2026-08-25 11:10:08.035,6,b3,1,0,-0.03182,-0.49451,0.04491,22.0673,-7.5924,-69.9433,0.2851,0.6056,0.5141,4.68853,28.0,25.0,28.0,27.0,24.0,27.0,23.0,22.0,23.0,24.0,21.0,21.0,22.0,24.0,22.0,21.0,22.0,21.0,22.0,25.0,24.0,23.0,24.0,25.0,24.0,22.0,24.0,22.0,23.0,23.0,23.0,22.0,22.0,24.0,20.0,20.0,22.0,23.0,5.0,hold,0,0,2.7709
1787649008.086,2026-08-25 11:10:08.085,6,b3,1,0,-0.03183,-0.49452,0.04491,21.9524,-7.4385,-69.85,0.2799,0.6049,0.5161,4.69407,28.0,25.0,28.0,27.0,24.0,27.0,23.0,22.0,23.0,24.0,21.0,21.0,22.0,24.0,22.0,21.0,22.0,21.0,22.0,25.0,24.0,23.0,24.0,25.0,24.0,22.0,24.0,22.0,23.0,23.0,23.0,22.0,22.0,24.0,20.0,20.0,22.0,23.0,5.0,hold,0,0,2.7217
1787649008.1362,2026-08-25 11:10:08.136,6,b3,1,0,-0.03184,-0.49451,0.0449,21.8902,-7.5609,-69.9054,0.2835,0.6047,0.5057,4.68249,26.0,25.0,26.0,25.0,24.0,28.0,22.0,23.0,20.0,22.0,21.0,21.0,22.0,23.0,22.0,20.0,22.0,23.0,21.0,25.0,24.0,23.0,24.0,25.0,24.0,22.0,24.0,22.0,23.0,23.0,23.0,22.0,22.0,24.0,20.0,20.0,22.0,23.0,5.0,hold,0,0,2.8247
1787649008.1862,2026-08-25 11:10:08.186,6,b3,1,0,-0.03183,-0.49451,0.04491,21.7849,-7.4247,-69.7839,0.2803,0.5994,0.5146,4.69332,25.0,25.0,26.0,25.0,23.0,26.0,23.0,22.0,23.0,23.0,22.0,20.0,23.0,23.0,23.0,20.0,20.0,22.0,21.0,25.0,24.0,23.0,24.0,25.0,24.0,22.0,24.0,22.0,23.0,23.0,23.0,22.0,22.0,24.0,20.0,20.0,22.0,23.0,5.0,hold,0,0,2.7284
1787649008.2363,2026-08-25 11:10:08.236,6,b3,1,0,-0.03186,-0.49451,0.04491,21.9877,-7.5398,-69.8567,0.2819,0.6074,0.5049,4.68753,25.0,25.0,26.0,25.0,23.0,26.0,23.0,22.0,23.0,23.0,22.0,20.0,23.0,23.0,23.0,20.0,20.0,22.0,21.0,25.0,24.0,23.0,24.0,25.0,24.0,22.0,24.0,22.0,23.0,23.0,23.0,22.0,22.0,24.0,20.0,20.0,22.0,23.0,5.0,hold,0,0,2.7799
1787649008.2865,2026-08-25 11:10:08.286,6,b3,1,0,-0.03184,-0.49452,0.04491,22.0038,-7.4222,-69.8837,0.2768,0.6087,0.5122,4.68979,25.0,26.0,26.0,23.0,26.0,25.0,24.0,22.0,23.0,23.0,21.0,21.0,23.0,22.0,24.0,20.0,21.0,22.0,22.0,25.0,24.0,23.0,24.0,25.0,24.0,22.0,24.0,22.0,23.0,23.0,23.0,22.0,22.0,24.0,20.0,20.0,22.0,23.0,5.0,hold,0,0,2.7597
1787649008.3366,2026-08-25 11:10:08.336,6,b3,1,0,-0.03184,-0.49451,0.04491,22.0818,-7.4287,-69.9374,0.2804,0.6083,0.5105,4.68476,25.0,26.0,26.0,23.0,26.0,25.0,24.0,22.0,23.0,23.0,21.0,21.0,23.0,22.0,24.0,20.0,21.0,22.0,22.0,25.0,24.0,23.0,24.0,25.0,24.0,22.0,24.0,22.0,23.0,23.0,23.0,22.0,22.0,24.0,20.0,20.0,22.0,23.0,5.0,hold,0,0,2.8045
1787649008.3867,2026-08-25 11:10:08.386,6,b3,1,0,-0.03184,-0.49451,0.0449,21.9184,-7.5469,-69.8533,0.2829,0.6075,0.5096,4.6976,26.0,27.0,25.0,24.0,25.0,26.0,25.0,23.0,20.0,23.0,23.0,21.0,22.0,23.0,24.0,21.0,20.0,23.0,21.0,25.0,24.0,23.0,24.0,25.0,24.0,22.0,24.0,22.0,23.0,23.0,23.0,22.0,22.0,24.0,20.0,20.0,22.0,23.0,5.0,hold,0,0,2.6903
1787649008.4369,2026-08-25 11:10:08.436,6,b3,1,0,-0.03184,-0.49451,0.04491,21.8566,-7.5233,-69.905,0.2837,0.6043,0.5104,4.68828,26.0,26.0,25.0,23.0,23.0,25.0,25.0,23.0,21.0,23.0,22.0,22.0,20.0,25.0,24.0,21.0,21.0,22.0,22.0,25.0,24.0,23.0,24.0,25.0,24.0,22.0,24.0,22.0,23.0,23.0,23.0,22.0,22.0,24.0,20.0,20.0,22.0,23.0,5.0,hold,0,0,2.7732
1787649008.487,2026-08-25 11:10:08.487,6,b3,1,0,-0.03185,-0.49451,0.04491,22.1193,-7.5678,-69.8111,0.2851,0.6125,0.5131,4.69533,26.0,26.0,25.0,23.0,23.0,25.0,25.0,23.0,21.0,23.0,22.0,22.0,20.0,25.0,24.0,21.0,21.0,22.0,22.0,25.0,24.0,23.0,24.0,25.0,24.0,22.0,24.0,22.0,23.0,23.0,23.0,22.0,22.0,24.0,20.0,20.0,22.0,23.0,5.0,hold,0,0,2.7105
1787649008.5371,2026-08-25 11:10:08.537,6,b3,1,0,-0.03185,-0.49451,0.04491,21.9858,-7.3556,-69.9766,0.2778,0.6078,0.5081,4.68929,25.0,25.0,26.0,25.0,24.0,26.0,24.0,23.0,21.0,24.0,21.0,21.0,20.0,23.0,23.0,20.0,21.0,22.0,22.0,25.0,24.0,23.0,24.0,25.0,24.0,22.0,24.0,22.0,23.0,23.0,23.0,22.0,22.0,24.0,20.0,20.0,22.0,23.0,5.0,hold,0,0,2.7642
1787649008.5871,2026-08-25 11:10:08.587,6,b3,1,0,-0.03186,-0.49451,0.04492,21.9797,-7.1952,-69.9792,0.2722,0.6048,0.5154,4.68979,25.0,25.0,26.0,25.0,24.0,26.0,24.0,23.0,21.0,24.0,21.0,21.0,20.0,23.0,23.0,20.0,21.0,22.0,22.0,25.0,24.0,23.0,24.0,25.0,24.0,22.0,24.0,22.0,23.0,23.0,23.0,22.0,22.0,24.0,20.0,20.0,22.0,23.0,5.0,hold,0,0,2.7597
1787649008.6372,2026-08-25 11:10:08.637,6,b3,1,0,-0.03184,-0.49451,0.0449,21.5861,-7.2159,-69.8201,0.2734,0.5978,0.5047,4.6903,25.0,24.0,27.0,24.0,23.0,27.0,25.0,24.0,22.0,24.0,20.0,22.0,22.0,22.0,24.0,22.0,21.0,21.0,22.0,25.0,24.0,23.0,24.0,25.0,24.0,22.0,24.0,22.0,23.0,23.0,23.0,22.0,22.0,24.0,20.0,20.0,22.0,23.0,5.0,hold,0,0,2.7553
1787649008.6873,2026-08-25 11:10:08.687,6,b3,1,0,-0.03185,-0.49451,0.04491,22.0366,-7.2168,-69.9097,0.2736,0.6072,0.5121,4.68853,25.0,24.0,27.0,24.0,23.0,27.0,25.0,24.0,22.0,24.0,20.0,22.0,22.0,22.0,24.0,22.0,21.0,21.0,22.0,25.0,24.0,23.0,24.0,25.0,24.0,22.0,24.0,22.0,23.0,23.0,23.0,22.0,22.0,24.0,20.0,20.0,22.0,23.0,5.0,hold,0,0,2.7709
1787649008.7374,2026-08-25 11:10:08.737,6,b3,1,0,-0.03184,-0.49452,0.04492,22.105,-7.334,-69.7843,0.2786,0.6098,0.5078,4.69634,25.0,26.0,26.0,25.0,24.0,27.0,24.0,24.0,23.0,23.0,21.0,22.0,23.0,23.0,23.0,21.0,21.0,22.0,23.0,25.0,24.0,23.0,24.0,25.0,24.0,22.0,24.0,22.0,23.0,23.0,23.0,22.0,22.0,24.0,20.0,20.0,22.0,23.0,5.0,hold,0,0,2.7015
1787649008.7875,2026-08-25 11:10:08.787,6,b3,1,0,-0.03186,-0.49451,0.0449,21.6369,-7.0145,-69.7117,0.2726,0.5955,0.5056,4.6913,27.0,27.0,24.0,24.0,25.0,25.0,23.0,24.0,24.0,23.0,22.0,21.0,24.0,23.0,23.0,20.0,19.0,21.0,22.0,25.0,24.0,23.0,24.0,25.0,24.0,22.0,24.0,22.0,23.0,23.0,23.0,22.0,22.0,24.0,20.0,20.0,22.0,23.0,5.0,hold,0,0,2.7463
1787649008.8376,2026-08-25 11:10:08.837,6,b3,1,0,-0.03184,-0.49451,0.04491,21.718,-7.3078,-69.8055,0.2755,0.5994,0.5011,4.69609,27.0,27.0,24.0,24.0,25.0,25.0,23.0,24.0,24.0,23.0,22.0,21.0,24.0,23.0,23.0,20.0,19.0,21.0,22.0,25.0,24.0,23.0,24.0,25.0,24.0,22.0,24.0,22.0,23.0,23.0,23.0,22.0,22.0,24.0,20.0,20.0,22.0,23.0,5.0,hold,0,0,2.7037
1787649008.8877,2026-08-25 11:10:08.887,6,b3,1,0,-0.03187,-0.49453,0.04493,21.8559,-7.5658,-69.7635,0.2825,0.6011,0.5067,4.68853,25.0,27.0,24.0,24.0,26.0,25.0,25.0,22.0,21.0,21.0,20.0,20.0,21.0,24.0,21.0,20.0,22.0,21.0,21.0,25.0,24.0,23.0,24.0,25.0,24.0,22.0,24.0,22.0,23.0,23.0,23.0,22.0,22.0,24.0,20.0,20.0,22.0,23.0,5.0,hold,0,0,2.7709
1787649008.9378,2026-08-25 11:10:08.937,6,b3,1,0,-0.03184,-0.49452,0.04491,21.9111,-7.213,-69.8284,0.2727,0.6022,0.5051,4.6976,25.0,27.0,24.0,24.0,26.0,25.0,25.0,22.0,21.0,21.0,20.0,20.0,21.0,24.0,21.0,20.0,22.0,21.0,21.0,25.0,24.0,23.0,24.0,25.0,24.0,22.0,24.0,22.0,23.0,23.0,23.0,22.0,22.0,24.0,20.0,20.0,22.0,23.0,5.0,hold,0,0,2.6903
1787649008.9878,2026-08-25 11:10:08.987,6,b3,1,0,-0.03184,-0.49451,0.04492,21.6734,-7.2909,-69.7175,0.2762,0.6012,0.501,4.68954,25.0,26.0,25.0,24.0,23.0,25.0,23.0,23.0,21.0,21.0,20.0,22.0,21.0,22.0,22.0,21.0,20.0,19.0,22.0,25.0,24.0,23.0,24.0,25.0,24.0,22.0,24.0,22.0,23.0,23.0,23.0,22.0,22.0,24.0,20.0,20.0,22.0,23.0,5.0,hold,0,0,2.762
1787649009.038,2026-08-25 11:10:09.037,6,b3,1,0,-0.03186,-0.49452,0.04491,21.746,-7.4635,-69.7097,0.2795,0.603,0.5048,4.69634,26.0,24.0,25.0,25.0,23.0,24.0,23.0,24.0,24.0,23.0,21.0,21.0,23.0,24.0,22.0,21.0,21.0,21.0,23.0,25.0,24.0,23.0,24.0,25.0,24.0,22.0,24.0,22.0,23.0,23.0,23.0,22.0,22.0,24.0,20.0,20.0,22.0,23.0,5.0,hold,0,0,2.7015
1787649009.0881,2026-08-25 11:10:09.088,6,b3,1,0,-0.03185,-0.49451,0.04491,21.7481,-7.4284,-69.4835,0.2815,0.5996,0.5065,4.68904,26.0,24.0,25.0,25.0,23.0,24.0,23.0,24.0,24.0,23.0,21.0,21.0,23.0,24.0,22.0,21.0,21.0,21.0,23.0,25.0,24.0,23.0,24.0,25.0,24.0,22.0,24.0,22.0,23.0,23.0,23.0,22.0,22.0,24.0,20.0,20.0,22.0,23.0,5.0,hold,0,0,2.7665
1787649009.1382,2026-08-25 11:10:09.138,6,b3,1,0,-0.03185,-0.49452,0.04492,21.8901,-7.1649,-69.5323,0.2724,0.6038,0.5053,4.69483,26.0,27.0,25.0,24.0,25.0,25.0,23.0,24.0,23.0,24.0,22.0,23.0,22.0,22.0,23.0,22.0,21.0,22.0,24.0,25.0,24.0,23.0,24.0,25.0,24.0,22.0,24.0,22.0,23.0,23.0,23.0,22.0,22.0,24.0,20.0,20.0,22.0,23.0,5.0,hold,0,0,2.7149
1787649009.1883,2026-08-25 11:10:09.188,6,b3,1,0,-0.03185,-0.49452,0.04491,22.0163,-7.4763,-69.8247,0.2788,0.6077,0.5086,4.68425,26.0,27.0,25.0,24.0,25.0,25.0,23.0,24.0,23.0,24.0,22.0,23.0,22.0,22.0,23.0,22.0,21.0,22.0,24.0,25.0,24.0,23.0,24.0,25.0,24.0,22.0,24.0,22.0,23.0,23.0,23.0,22.0,22.0,24.0,20.0,20.0,22.0,23.0,5.0,hold,0,0,2.809
1787649009.2384,2026-08-25 11:10:09.238,6,b3,1,0,-0.03183,-0.49451,0.04491,21.3602,-7.1705,-69.6467,0.2741,0.5894,0.5016,4.68249,26.0,27.0,26.0,25.0,25.0,25.0,23.0,24.0,23.0,22.0,22.0,22.0,24.0,23.0,23.0,21.0,19.0,22.0,23.0,25.0,24.0,23.0,24.0,25.0,24.0,22.0,24.0,22.0,23.0,23.0,23.0,22.0,22.0,24.0,20.0,20.0,22.0,23.0,5.0,hold,0,0,2.8247
1787649009.2885,2026-08-25 11:10:09.288,6,b3,1,0,-0.03185,-0.49452,0.04491,21.9161,-7.3747,-69.818,0.2795,0.6073,0.4986,4.69709,27.0,26.0,26.0,24.0,26.0,27.0,23.0,25.0,24.0,21.0,20.0,22.0,25.0,22.0,21.0,23.0,21.0,21.0,23.0,25.0,24.0,23.0,24.0,25.0,24.0,22.0,24.0,22.0,23.0,23.0,23.0,22.0,22.0,24.0,20.0,20.0,22.0,23.0,5.0,hold,0,0,2.6948
1787649009.3386,2026-08-25 11:10:09.338,6,b3,1,0,-0.03185,-0.49452,0.04491,21.7794,-7.3347,-69.7217,0.275,0.6014,0.5018,4.68803,27.0,26.0,26.0,24.0,26.0,27.0,23.0,25.0,24.0,21.0,20.0,22.0,25.0,22.0,21.0,23.0,21.0,21.0,23.0,25.0,24.0,23.0,24.0,25.0,24.0,22.0,24.0,22.0,23.0,23.0,23.0,22.0,22.0,24.0,20.0,20.0,22.0,23.0,5.0,hold,0,0,2.7754
1787649009.3887,2026-08-25 11:10:09.388,6,b3,1,0,-0.03184,-0.49452,0.04491,21.718,-7.35,-69.6319,0.2771,0.6014,0.496,4.69508,28.0,26.0,25.0,24.0,25.0,23.0,22.0,25.0,22.0,23.0,20.0,22.0,22.0,24.0,23.0,21.0,22.0,22.0,24.0,25.0,24.0,23.0,24.0,25.0,24.0,22.0,24.0,22.0,23.0,23.0,23.0,22.0,22.0,24.0,20.0,20.0,22.0,23.0,5.0,hold,0,0,2.7127
1787649009.4389,2026-08-25 11:10:09.438,6,b3,1,0,-0.03184,-0.49452,0.04492,21.5009,-7.3044,-69.7579,0.2752,0.5942,0.4965,4.68879,28.0,26.0,25.0,24.0,25.0,23.0,22.0,25.0,22.0,23.0,20.0,22.0,22.0,24.0,23.0,21.0,22.0,22.0,24.0,25.0,24.0,23.0,24.0,25.0,24.0,22.0,24.0,22.0,23.0,23.0,23.0,22.0,22.0,24.0,20.0,20.0,22.0,23.0,5.0,hold,0,0,2.7687
1787649009.489,2026-08-25 11:10:09.488,6,b3,1,0,-0.03184,-0.49452,0.04492,22.1328,-7.2925,-69.8942,0.2779,0.6086,0.5046,4.68375,26.0,26.0,23.0,25.0,25.0,26.0,24.0,24.0,24.0,25.0,22.0,22.0,24.0,23.0,22.0,21.0,21.0,22.0,23.0,25.0,24.0,23.0,24.0,25.0,24.0,22.0,24.0,22.0,23.0,23.0,23.0,22.0,22.0,24.0,20.0,20.0,22.0,23.0,5.0,hold,0,0,2.8135
1787649009.5391,2026-08-25 11:10:09.539,6,b3,1,0,-0.03186,-0.49451,0.04491,22.063,-7.7513,-69.8559,0.2875,0.6084,0.5061,4.68979,26.0,26.0,23.0,25.0,25.0,26.0,24.0,24.0,24.0,25.0,22.0,22.0,24.0,23.0,22.0,21.0,21.0,22.0,23.0,25.0,24.0,23.0,24.0,25.0,24.0,22.0,24.0,22.0,23.0,23.0,23.0,22.0,22.0,24.0,20.0,20.0,22.0,23.0,5.0,hold,0,0,2.7597
1787649009.5892,2026-08-25 11:10:09.589,6,b3,1,0,-0.03185,-0.49452,0.04491,21.9153,-7.5046,-69.9692,0.2802,0.6052,0.503,4.6835,27.0,27.0,27.0,25.0,25.0,26.0,22.0,23.0,22.0,23.0,20.0,21.0,22.0,23.0,23.0,20.0,21.0,20.0,23.0,25.0,24.0,23.0,24.0,25.0,24.0,22.0,24.0,22.0,23.0,23.0,23.0,22.0,22.0,24.0,20.0,20.0,22.0,23.0,5.0,hold,0,0,2.8157
1787649009.6393,2026-08-25 11:10:09.639,6,b3,1,0,-0.03185,-0.49451,0.04491,21.9759,-7.4186,-69.9666,0.2793,0.6066,0.5023,4.69634,26.0,26.0,26.0,24.0,24.0,26.0,24.0,22.0,21.0,23.0,21.0,20.0,23.0,22.0,23.0,20.0,20.0,20.0,22.0,25.0,24.0,23.0,24.0,25.0,24.0,22.0,24.0,22.0,23.0,23.0,23.0,22.0,22.0,24.0,20.0,20.0,22.0,23.0,5.0,hold,0,0,2.7015
1787649009.6894,2026-08-25 11:10:09.689,6,b3,1,0,-0.03186,-0.49451,0.04491,22.0799,-7.7299,-69.8122,0.2878,0.6101,0.5028,4.68576,26.0,26.0,26.0,24.0,24.0,26.0,24.0,22.0,21.0,23.0,21.0,20.0,23.0,22.0,23.0,20.0,20.0,20.0,22.0,25.0,24.0,23.0,24.0,25.0,24.0,22.0,24.0,22.0,23.0,23.0,23.0,22.0,22.0,24.0,20.0,20.0,22.0,23.0,5.0,hold,0,0,2.7956
1787649009.7395,2026-08-25 11:10:09.739,6,b3,1,0,-0.03184,-0.49451,0.04491,22.1115,-7.7162,-69.8387,0.286,0.6104,0.5018,4.6903,25.0,26.0,25.0,24.0,24.0,27.0,25.0,23.0,24.0,23.0,21.0,21.0,24.0,23.0,23.0,23.0,21.0,21.0,23.0,25.0,24.0,23.0,24.0,25.0,24.0,22.0,24.0,22.0,23.0,23.0,23.0,22.0,22.0,24.0,20.0,20.0,22.0,23.0,5.0,hold,0,0,2.7553
1787649009.7897,2026-08-25 11:10:09.789,6,b3,1,0,-0.03185,-0.49452,0.04492,22.0838,-7.3613,-69.6877,0.2735,0.6074,0.5029,4.68828,25.0,26.0,25.0,24.0,24.0,27.0,25.0,23.0,24.0,23.0,21.0,21.0,24.0,23.0,23.0,23.0,21.0,21.0,23.0,25.0,24.0,23.0,24.0,25.0,24.0,22.0,24.0,22.0,23.0,23.0,23.0,22.0,22.0,24.0,20.0,20.0,22.0,23.0,5.0,hold,0,0,2.7732
1787649009.8398,2026-08-25 11:10:09.839,6,b3,1,0,-0.03186,-0.49452,0.04492,21.9569,-7.2813,-69.8807,0.2754,0.6073,0.5051,4.69583,27.0,29.0,23.0,24.0,26.0,25.0,22.0,22.0,22.0,22.0,19.0,20.0,21.0,22.0,22.0,20.0,19.0,20.0,22.0,25.0,24.0,23.0,24.0,25.0,24.0,22.0,24.0,22.0,23.0,23.0,23.0,22.0,22.0,24.0,20.0,20.0,22.0,23.0,5.0,hold,0,0,2.706
1787649009.89,2026-08-25 11:10:09.889,6,b3,1,0,-0.03185,-0.49452,0.04491,21.9748,-7.4814,-69.7511,0.2807,0.6054,0.4972,4.6835,27.0,27.0,26.0,24.0,25.0,25.0,23.0,23.0,22.0,23.0,22.0,21.0,22.0,21.0,23.0,22.0,19.0,22.0,23.0,25.0,24.0,23.0,24.0,25.0,24.0,22.0,24.0,22.0,23.0,23.0,23.0,22.0,22.0,24.0,20.0,20.0,22.0,23.0,5.0,hold,0,0,2.8157
1787649009.9401,2026-08-25 11:10:09.940,6,b3,1,0,-0.03185,-0.49451,0.04491,21.9239,-7.3333,-69.8784,0.2768,0.6058,0.4933,4.69785,27.0,27.0,26.0,24.0,25.0,25.0,23.0,23.0,22.0,23.0,22.0,21.0,22.0,21.0,23.0,22.0,19.0,22.0,23.0,25.0,24.0,23.0,24.0,25.0,24.0,22.0,24.0,22.0,23.0,23.0,23.0,22.0,22.0,24.0,20.0,20.0,22.0,23.0,5.0,hold,0,0,2.6881
1787649009.9902,2026-08-25 11:10:09.990,6,b3,1,0,-0.03185,-0.49452,0.04493,21.8713,-7.2321,-69.7056,0.2756,0.6034,0.5024,4.68551,28.0,26.0,26.0,24.0,25.0,24.0,24.0,23.0,24.0,24.0,21.0,22.0,21.0,24.0,22.0,21.0,22.0,22.0,23.0,25.0,24.0,23.0,24.0,25.0,24.0,22.0,24.0,22.0,23.0,23.0,23.0,22.0,22.0,24.0,20.0,20.0,22.0,23.0,5.0,hold,0,0,2.7978
1787649010.0403,2026-08-25 11:10:10.040,6,b3,1,0,-0.03185,-0.49451,0.04491,21.8865,-7.3017,-69.8225,0.2782,0.6043,0.5057,4.69231,28.0,26.0,26.0,24.0,25.0,24.0,24.0,23.0,24.0,24.0,21.0,22.0,21.0,24.0,22.0,21.0,22.0,22.0,23.0,25.0,24.0,23.0,24.0,25.0,24.0,22.0,24.0,22.0,23.0,23.0,23.0,22.0,22.0,24.0,20.0,20.0,22.0,23.0,5.0,hold,0,0,2.7373
1787649010.0904,2026-08-25 11:10:10.090,6,b3,1,0,-0.03184,-0.49452,0.04492,21.7227,-7.4432,-69.7203,0.2793,0.5977,0.5,4.69231,26.0,25.0,27.0,24.0,23.0,26.0,23.0,24.0,21.0,23.0,20.0,21.0,22.0,25.0,22.0,21.0,22.0,22.0,23.0,25.0,24.0,23.0,24.0,25.0,24.0,22.0,24.0,22.0,23.0,23.0,23.0,22.0,22.0,24.0,20.0,20.0,22.0,23.0,5.0,hold,0,0,2.7373
1787649010.1406,2026-08-25 11:10:10.140,6,b3,1,0,-0.03185,-0.49452,0.04492,21.6299,-7.1406,-69.6584,0.2722,0.5981,0.4972,4.68576,27.0,24.0,27.0,24.0,23.0,26.0,23.0,23.0,22.0,24.0,21.0,22.0,23.0,24.0,22.0,21.0,22.0,21.0,22.0,25.0,24.0,23.0,24.0,25.0,24.0,22.0,24.0,22.0,23.0,23.0,23.0,22.0,22.0,24.0,20.0,20.0,22.0,23.0,5.0,hold,0,0,2.7956
1787649010.1907,2026-08-25 11:10:10.190,6,b3,1,0,-0.03185,-0.49451,0.04491,21.8017,-7.01,-69.5304,0.269,0.5985,0.4997,4.6903,27.0,24.0,27.0,24.0,23.0,26.0,23.0,23.0,22.0,24.0,21.0,22.0,23.0,24.0,22.0,21.0,22.0,21.0,22.0,25.0,24.0,23.0,24.0,25.0,24.0,22.0,24.0,22.0,23.0,23.0,23.0,22.0,22.0,24.0,20.0,20.0,22.0,23.0,5.0,hold,0,0,2.7553
1787649010.2408,2026-08-25 11:10:10.240,6,b3,1,0,-0.03185,-0.4945,0.04491,21.8242,-7.6266,-69.6927,0.2845,0.6032,0.492,4.68879,27.0,25.0,26.0,24.0,23.0,26.0,24.0,24.0,23.0,24.0,21.0,22.0,23.0,24.0,23.0,21.0,21.0,20.0,23.0,25.0,24.0,23.0,24.0,25.0,24.0,22.0,24.0,22.0,23.0,23.0,23.0,22.0,22.0,24.0,20.0,20.0,22.0,23.0,5.0,hold,0,0,2.7687
1787649010.291,2026-08-25 11:10:10.290,6,b3,1,0,-0.03184,-0.49452,0.04491,22.2164,-7.7515,-69.88,0.2878,0.61,0.4987,4.69583,27.0,25.0,26.0,24.0,23.0,26.0,24.0,24.0,23.0,24.0,21.0,22.0,23.0,24.0,23.0,21.0,21.0,20.0,23.0,25.0,24.0,23.0,24.0,25.0,24.0,22.0,24.0,22.0,23.0,23.0,23.0,22.0,22.0,24.0,20.0,20.0,22.0,23.0,5.0,hold,0,0,2.706
1787649010.3411,2026-08-25 11:10:10.341,6,b3,1,0,-0.03185,-0.49451,0.04491,21.9596,-7.2718,-69.7527,0.2781,0.6064,0.4968,4.69055,26.0,28.0,26.0,26.0,25.0,26.0,24.0,22.0,22.0,24.0,20.0,20.0,22.0,23.0,22.0,20.0,22.0,21.0,22.0,25.0,24.0,23.0,24.0,25.0,24.0,22.0,24.0,22.0,23.0,23.0,23.0,22.0,22.0,24.0,20.0,20.0,22.0,23.0,5.0,hold,0,0,2.753
1787649010.3912,2026-08-25 11:10:10.391,6,b3,1,0,-0.03185,-0.49452,0.04491,21.8674,-7.231,-69.7081,0.2747,0.6039,0.5011,4.69508,26.0,28.0,26.0,26.0,25.0,26.0,24.0,22.0,22.0,24.0,20.0,20.0,22.0,23.0,22.0,20.0,22.0,21.0,22.0,25.0,24.0,23.0,24.0,25.0,24.0,22.0,24.0,22.0,23.0,23.0,23.0,22.0,22.0,24.0,20.0,20.0,22.0,23.0,5.0,hold,0,0,2.7127
1787649010.4413,2026-08-25 11:10:10.441,6,b3,1,0,-0.03186,-0.49451,0.04491,21.9698,-7.3656,-69.7582,0.2765,0.6024,0.4983,4.68702,25.0,27.0,26.0,23.0,24.0,26.0,22.0,23.0,22.0,24.0,20.0,20.0,23.0,21.0,23.0,20.0,21.0,21.0,21.0,25.0,24.0,23.0,24.0,25.0,24.0,22.0,24.0,22.0,23.0,23.0,23.0,22.0,22.0,24.0,20.0,20.0,22.0,23.0,5.0,hold,0,0,2.7844
1787649010.4914,2026-08-25 11:10:10.491,6,b3,1,0,-0.03184,-0.49452,0.04491,21.968,-7.4242,-69.8337,0.2772,0.6056,0.5022,4.69382,25.0,25.0,26.0,23.0,24.0,25.0,23.0,22.0,23.0,23.0,20.0,20.0,21.0,24.0,23.0,20.0,21.0,21.0,22.0,25.0,24.0,23.0,24.0,25.0,24.0,22.0,24.0,22.0,23.0,23.0,23.0,22.0,22.0,24.0,20.0,20.0,22.0,23.0,5.0,hold,0,0,2.7239
1787649010.5415,2026-08-25 11:10:10.541,6,b3,1,0,-0.03184,-0.49451,0.0449,22.3177,-7.8681,-69.885,0.2886,0.6138,0.5043,4.68929,25.0,25.0,26.0,23.0,24.0,25.0,23.0,22.0,23.0,23.0,20.0,20.0,21.0,24.0,23.0,20.0,21.0,21.0,22.0,25.0,24.0,23.0,24.0,25.0,24.0,22.0,24.0,22.0,23.0,23.0,23.0,22.0,22.0,24.0,20.0,20.0,22.0,23.0,5.0,hold,0,0,2.7642
1787649010.5916,2026-08-25 11:10:10.591,6,b3,1,0,-0.03185,-0.49452,0.04491,22.1321,-7.4795,-70.1344,0.28,0.6099,0.4976,4.68954,26.0,26.0,27.0,24.0,26.0,27.0,22.0,22.0,22.0,22.0,21.0,21.0,22.0,21.0,22.0,20.0,20.0,22.0,21.0,25.0,24.0,23.0,24.0,25.0,24.0,22.0,24.0,22.0,23.0,23.0,23.0,22.0,22.0,24.0,20.0,20.0,22.0,23.0,5.0,hold,0,0,2.762
1787649010.6417,2026-08-25 11:10:10.641,6,b3,1,0,-0.03183,-0.49452,0.04491,21.7418,-7.1736,-69.9039,0.2727,0.5994,0.4914,4.69206,26.0,26.0,27.0,24.0,26.0,27.0,22.0,22.0,22.0,22.0,21.0,21.0,22.0,21.0,22.0,20.0,20.0,22.0,21.0,25.0,24.0,23.0,24.0,25.0,24.0,22.0,24.0,22.0,23.0,23.0,23.0,22.0,22.0,24.0,20.0,20.0,22.0,23.0,5.0,hold,0,0,2.7396
1787649010.6917,2026-08-25 11:10:10.691,6,b3,1,0,-0.03185,-0.49452,0.04492,21.8832,-7.4928,-70.0602,0.2846,0.6033,0.5004,4.68727,24.0,26.0,24.0,24.0,24.0,25.0,24.0,24.0,21.0,25.0,20.0,22.0,22.0,24.0,23.0,21.0,21.0,21.0,22.0,25.0,24.0,23.0,24.0,25.0,24.0,22.0,24.0,22.0,23.0,23.0,23.0,22.0,22.0,24.0,20.0,20.0,22.0,23.0,5.0,hold,0,0,2.7821
1787649010.7418,2026-08-25 11:10:10.741,6,b3,1,0,-0.03184,-0.49452,0.04491,22.1265,-7.4433,-69.9446,0.2806,0.6088,0.4932,4.68652,26.0,25.0,26.0,25.0,23.0,27.0,23.0,24.0,23.0,23.0,20.0,22.0,23.0,24.0,22.0,21.0,21.0,20.0,23.0,25.0,24.0,23.0,24.0,25.0,24.0,22.0,24.0,22.0,23.0,23.0,23.0,22.0,22.0,24.0,20.0,20.0,22.0,23.0,5.0,hold,0,0,2.7889
1787649010.792,2026-08-25 11:10:10.791,6,b3,1,0,-0.03186,-0.49453,0.04493,21.885,-7.7123,-70.0485,0.287,0.6035,0.4889,4.6908,26.0,25.0,26.0,25.0,23.0,27.0,23.0,24.0,23.0,23.0,20.0,22.0,23.0,24.0,22.0,21.0,21.0,20.0,23.0,25.0,24.0,23.0,24.0,25.0,24.0,22.0,24.0,22.0,23.0,23.0,23.0,22.0,22.0,24.0,20.0,20.0,22.0,23.0,5.0,hold,0,0,2.7508
1787649010.8421,2026-08-25 11:10:10.842,6,b3,1,0,-0.03185,-0.49452,0.04494,22.2016,-7.7292,-69.8667,0.2862,0.6105,0.4987,4.68199,27.0,26.0,25.0,25.0,25.0,27.0,24.0,23.0,22.0,23.0,20.0,22.0,21.0,22.0,22.0,21.0,21.0,21.0,22.0,25.0,24.0,23.0,24.0,25.0,24.0,22.0,24.0,22.0,23.0,23.0,23.0,22.0,22.0,24.0,20.0,20.0,22.0,23.0,5.0,hold,0,0,2.8292
1787649010.8922,2026-08-25 11:10:10.892,6,b3,1,0,-0.03184,-0.49452,0.04492,22.0301,-7.4632,-69.7499,0.2766,0.6091,0.4886,4.69483,27.0,26.0,25.0,25.0,25.0,27.0,24.0,23.0,22.0,23.0,20.0,22.0,21.0,22.0,22.0,21.0,21.0,21.0,22.0,25.0,24.0,23.0,24.0,25.0,24.0,22.0,24.0,22.0,23.0,23.0,23.0,22.0,22.0,24.0,20.0,20.0,22.0,23.0,5.0,hold,0,0,2.7149
1787649010.9423,2026-08-25 11:10:10.942,6,b3,1,0,-0.03184,-0.49452,0.04492,22.0211,-7.4332,-69.8033,0.2809,0.6071,0.4944,4.69256,25.0,26.0,24.0,24.0,25.0,27.0,24.0,23.0,21.0,24.0,21.0,21.0,21.0,24.0,23.0,21.0,22.0,21.0,22.0,25.0,24.0,23.0,24.0,25.0,24.0,22.0,24.0,22.0,23.0,23.0,23.0,22.0,22.0,24.0,20.0,20.0,22.0,23.0,5.0,hold,0,0,2.7351
1787649010.9924,2026-08-25 11:10:10.992,6,b3,1,0,-0.03184,-0.49452,0.04492,21.8995,-7.6282,-69.6607,0.2822,0.6033,0.4958,4.68677,25.0,26.0,24.0,24.0,25.0,27.0,24.0,23.0,21.0,24.0,21.0,21.0,21.0,24.0,23.0,21.0,22.0,21.0,22.0,25.0,24.0,23.0,24.0,25.0,24.0,22.0,24.0,22.0,23.0,23.0,23.0,22.0,22.0,24.0,20.0,20.0,22.0,23.0,5.0,hold,0,0,2.7866
1787649011.0425,2026-08-25 11:10:11.042,6,b3,1,0,-0.03184,-0.49452,0.04492,21.868,-7.5269,-69.6475,0.281,0.6047,0.4918,4.68904,26.0,24.0,27.0,23.0,22.0,27.0,23.0,22.0,22.0,22.0,21.0,20.0,22.0,23.0,22.0,20.0,21.0,21.0,21.0,25.0,24.0,23.0,24.0,25.0,24.0,22.0,24.0,22.0,23.0,23.0,23.0,22.0,22.0,24.0,20.0,20.0,22.0,23.0,5.0,hold,0,0,2.7665
1787649011.0927,2026-08-25 11:10:11.092,6,b3,1,0,-0.03184,-0.49451,0.04493,21.9925,-7.6232,-69.8568,0.2836,0.6082,0.4923,4.70011,25.0,26.0,25.0,24.0,25.0,25.0,23.0,22.0,23.0,23.0,19.0,21.0,22.0,24.0,23.0,20.0,21.0,21.0,23.0,25.0,24.0,23.0,24.0,25.0,24.0,22.0,24.0,22.0,23.0,23.0,23.0,22.0,22.0,24.0,20.0,20.0,22.0,23.0,5.0,hold,0,0,2.6679
1787649011.1428,2026-08-25 11:10:11.142,6,b3,1,0,-0.03185,-0.49452,0.04492,21.8267,-7.4033,-69.7049,0.2772,0.6044,0.4922,4.69181,25.0,26.0,25.0,24.0,25.0,25.0,23.0,22.0,23.0,23.0,19.0,21.0,22.0,24.0,23.0,20.0,21.0,21.0,23.0,25.0,24.0,23.0,24.0,25.0,24.0,22.0,24.0,22.0,23.0,23.0,23.0,22.0,22.0,24.0,20.0,20.0,22.0,23.0,5.0,hold,0,0,2.7418
1787649011.1929,2026-08-25 11:10:11.192,6,b3,1,0,-0.03185,-0.49452,0.04492,21.855,-7.4035,-69.7953,0.2791,0.605,0.4923,4.68954,26.0,27.0,27.0,24.0,25.0,26.0,23.0,22.0,22.0,21.0,22.0,21.0,23.0,21.0,23.0,21.0,20.0,22.0,22.0,25.0,24.0,23.0,24.0,25.0,24.0,22.0,24.0,22.0,23.0,23.0,23.0,22.0,22.0,24.0,20.0,20.0,22.0,23.0,5.0,hold,0,0,2.762
1787649011.243,2026-08-25 11:10:11.243,6,b3,1,0,-0.03186,-0.49452,0.04492,21.9187,-7.4479,-69.7956,0.2791,0.607,0.4992,4.69432,26.0,27.0,27.0,24.0,25.0,26.0,23.0,22.0,22.0,21.0,22.0,21.0,23.0,21.0,23.0,21.0,20.0,22.0,22.0,25.0,24.0,23.0,24.0,25.0,24.0,22.0,24.0,22.0,23.0,23.0,23.0,22.0,22.0,24.0,20.0,20.0,22.0,23.0,5.0,hold,0,0,2.7194
1787649011.2932,2026-08-25 11:10:11.293,6,b3,1,0,-0.03186,-0.49452,0.04492,21.59,-7.5343,-69.7266,0.2827,0.596,0.4887,4.68828,27.0,27.0,23.0,23.0,25.0,25.0,24.0,23.0,24.0,22.0,20.0,21.0,22.0,22.0,22.0,21.0,19.0,20.0,21.0,25.0,24.0,23.0,24.0,25.0,24.0,22.0,24.0,22.0,23.0,23.0,23.0,22.0,22.0,24.0,20.0,20.0,22.0,23.0,5.0,hold,0,0,2.7732
1787649011.3433,2026-08-25 11:10:11.343,6,b3,1,0,-0.03184,-0.49451,0.04492,21.9194,-7.3255,-69.7534,0.279,0.6077,0.4838,4.6913,25.0,26.0,25.0,24.0,27.0,25.0,22.0,23.0,23.0,24.0,21.0,21.0,23.0,24.0,24.0,21.0,20.0,21.0,23.0,25.0,24.0,23.0,24.0,25.0,24.0,22.0,24.0,22.0,23.0,23.0,23.0,22.0,22.0,24.0,20.0,20.0,22.0,23.0,5.0,hold,0,0,2.7463
1787649011.3936,2026-08-25 11:10:11.393,6,b3,1,0,-0.03184,-0.49452,0.04492,21.7277,-7.1345,-69.5726,0.2746,0.5985,0.4911,4.68853,25.0,26.0,25.0,24.0,27.0,25.0,22.0,23.0,23.0,24.0,21.0,21.0,23.0,24.0,24.0,21.0,20.0,21.0,23.0,25.0,24.0,23.0,24.0,25.0,24.0,22.0,24.0,22.0,23.0,23.0,23.0,22.0,22.0,24.0,20.0,20.0,22.0,23.0,5.0,hold,0,0,2.7709
1787649011.4437,2026-08-25 11:10:11.443,6,b3,1,0,-0.03185,-0.49452,0.04491,21.9388,-7.2963,-69.7785,0.278,0.6089,0.4919,4.68274,26.0,26.0,25.0,24.0,27.0,25.0,24.0,23.0,22.0,23.0,21.0,20.0,21.0,23.0,23.0,21.0,20.0,21.0,22.0,25.0,24.0,23.0,24.0,25.0,24.0,22.0,24.0,22.0,23.0,23.0,23.0,22.0,22.0,24.0,20.0,20.0,22.0,23.0,5.0,hold,0,0,2.8225
1787649011.4938,2026-08-25 11:10:11.493,6,b3,1,0,-0.03185,-0.49451,0.04492,22.2235,-7.9067,-69.8066,0.289,0.6096,0.4973,4.69306,26.0,26.0,25.0,24.0,27.0,25.0,24.0,23.0,22.0,23.0,21.0,20.0,21.0,23.0,23.0,21.0,20.0,21.0,22.0,25.0,24.0,23.0,24.0,25.0,24.0,22.0,24.0,22.0,23.0,23.0,23.0,22.0,22.0,24.0,20.0,20.0,22.0,23.0,5.0,hold,0,0,2.7306
1787649011.544,2026-08-25 11:10:11.543,6,b3,1,0,-0.03184,-0.49452,0.04491,22.0353,-7.2221,-69.7948,0.2775,0.608,0.4894,4.68627,25.0,27.0,25.0,24.0,25.0,25.0,24.0,23.0,22.0,24.0,21.0,22.0,21.0,26.0,24.0,21.0,22.0,22.0,23.0,25.0,24.0,23.0,24.0,25.0,24.0,22.0,24.0,22.0,23.0,23.0,23.0,22.0,22.0,24.0,20.0,20.0,22.0,23.0,5.0,hold,0,0,2.7911
1787649011.5941,2026-08-25 11:10:11.594,6,b3,1,0,-0.03186,-0.49451,0.04492,22.1488,-7.7269,-69.6773,0.2863,0.609,0.4951,4.69785,26.0,26.0,28.0,25.0,24.0,27.0,24.0,23.0,22.0,25.0,20.0,21.0,22.0,25.0,23.0,21.0,22.0,23.0,21.0,25.0,24.0,23.0,24.0,25.0,24.0,22.0,24.0,22.0,23.0,23.0,23.0,22.0,22.0,24.0,20.0,20.0,22.0,23.0,5.0,hold,0,0,2.6881
1787649011.6443,2026-08-25 11:10:11.644,6,b3,1,0,-0.03185,-0.49451,0.04492,21.8792,-7.5273,-69.9433,0.2827,0.6047,0.4949,4.68274,26.0,26.0,28.0,25.0,24.0,27.0,24.0,23.0,22.0,25.0,20.0,21.0,22.0,25.0,23.0,21.0,22.0,23.0,21.0,25.0,24.0,23.0,24.0,25.0,24.0,22.0,24.0,22.0,23.0,23.0,23.0,22.0,22.0,24.0,20.0,20.0,22.0,23.0,5.0,hold,0,0,2.8225
1787649011.6944,2026-08-25 11:10:11.694,6,b3,1,0,-0.03184,-0.49452,0.04491,22.0354,-7.3744,-69.7433,0.2767,0.609,0.4872,4.69659,26.0,25.0,26.0,24.0,24.0,25.0,22.0,23.0,22.0,22.0,21.0,21.0,22.0,24.0,23.0,21.0,19.0,22.0,22.0,25.0,24.0,23.0,24.0,25.0,24.0,22.0,24.0,22.0,23.0,23.0,23.0,22.0,22.0,24.0,20.0,20.0,22.0,23.0,5.0,hold,0,0,2.6993
1787649011.7445,2026-08-25 11:10:11.744,6,b3,1,0,-0.03186,-0.49452,0.04492,22.2154,-7.6849,-69.7565,0.2897,0.6118,0.49,4.68652,26.0,25.0,26.0,24.0,24.0,25.0,22.0,23.0,22.0,22.0,21.0,21.0,22.0,24.0,23.0,21.0,19.0,22.0,22.0,25.0,24.0,23.0,24.0,25.0,24.0,22.0,24.0,22.0,23.0,23.0,23.0,22.0,22.0,24.0,20.0,20.0,22.0,23.0,5.0,hold,0,0,2.7889
1787649011.7946,2026-08-25 11:10:11.794,6,b3,1,0,-0.03185,-0.49452,0.04491,21.7405,-7.5059,-69.6899,0.2805,0.6017,0.4873,4.6908,26.0,24.0,25.0,25.0,25.0,26.0,25.0,23.0,23.0,23.0,20.0,22.0,20.0,23.0,22.0,20.0,20.0,21.0,22.0,25.0,24.0,23.0,24.0,25.0,24.0,22.0,24.0,22.0,23.0,23.0,23.0,22.0,22.0,24.0,20.0,20.0,22.0,23.0,5.0,hold,0,0,2.7508
1787649011.8448,2026-08-25 11:10:11.844,6,b3,1,0,-0.03186,-0.49452,0.04492,21.796,-7.3232,-69.577,0.2759,0.6015,0.4912,4.68476,26.0,24.0,25.0,25.0,25.0,26.0,25.0,23.0,23.0,23.0,20.0,22.0,20.0,23.0,22.0,20.0,20.0,21.0,22.0,25.0,24.0,23.0,24.0,25.0,24.0,22.0,24.0,22.0,23.0,23.0,23.0,22.0,22.0,24.0,20.0,20.0,22.0,23.0,5.0,hold,0,0,2.8045
1787649011.8949,2026-08-25 11:10:11.894,6,b3,1,0,-0.03185,-0.49452,0.04492,21.7744,-7.4447,-69.7755,0.2786,0.6013,0.4908,4.6903,26.0,27.0,26.0,25.0,26.0,26.0,24.0,21.0,22.0,22.0,21.0,20.0,21.0,24.0,23.0,19.0,20.0,22.0,21.0,25.0,24.0,23.0,24.0,25.0,24.0,22.0,24.0,22.0,23.0,23.0,23.0,22.0,22.0,24.0,20.0,20.0,22.0,23.0,5.0,hold,0,0,2.7553
1787649011.9451,2026-08-25 11:10:11.945,6,b3,1,0,-0.03186,-0.49452,0.04491,21.6786,-7.1389,-69.7307,0.2715,0.6001,0.492,4.69206,24.0,27.0,25.0,22.0,25.0,25.0,24.0,22.0,22.0,26.0,21.0,20.0,22.0,24.0,22.0,20.0,22.0,22.0,21.0,25.0,24.0,23.0,24.0,25.0,24.0,22.0,24.0,22.0,23.0,23.0,23.0,22.0,22.0,24.0,20.0,20.0,22.0,23.0,5.0,hold,0,0,2.7396
1787649011.9952,2026-08-25 11:10:11.995,6,b3,1,0,-0.03185,-0.49452,0.04491,21.5258,-7.0727,-69.5595,0.2727,0.5943,0.4816,4.68576,24.0,27.0,25.0,22.0,25.0,25.0,24.0,22.0,22.0,26.0,21.0,20.0,22.0,24.0,22.0,20.0,22.0,22.0,21.0,25.0,24.0,23.0,24.0,25.0,24.0,22.0,24.0,22.0,23.0,23.0,23.0,22.0,22.0,24.0,20.0,20.0,22.0,23.0,5.0,hold,0,0,2.7956
1787649012.0453,2026-08-25 11:10:12.045,6,b3,1,0,-0.03184,-0.49451,0.04491,21.5469,-7.1078,-69.5788,0.2765,0.5983,0.4893,4.69961,25.0,27.0,27.0,22.0,25.0,26.0,23.0,21.0,23.0,23.0,21.0,19.0,23.0,23.0,23.0,20.0,19.0,21.0,20.0,25.0,24.0,23.0,24.0,25.0,24.0,22.0,24.0,22.0,23.0,23.0,23.0,22.0,22.0,24.0,20.0,20.0,22.0,23.0,5.0,hold,0,0,2.6724
1787649012.0954,2026-08-25 11:10:12.095,6,b3,1,0,-0.03185,-0.49451,0.04491,22.16,-7.492,-69.6076,0.2818,0.6088,0.4915,4.68652,25.0,27.0,27.0,22.0,25.0,26.0,23.0,21.0,23.0,23.0,21.0,19.0,23.0,23.0,23.0,20.0,19.0,21.0,20.0,25.0,24.0,23.0,24.0,25.0,24.0,22.0,24.0,22.0,23.0,23.0,23.0,22.0,22.0,24.0,20.0,20.0,22.0,23.0,5.0,hold,0,0,2.7889
1787649012.1455,2026-08-25 11:10:12.145,6,b3,1,0,-0.03186,-0.49452,0.04491,22.4035,-7.5094,-69.7153,0.2831,0.6178,0.4918,4.69684,25.0,26.0,25.0,24.0,25.0,25.0,23.0,23.0,21.0,24.0,20.0,22.0,21.0,22.0,22.0,21.0,21.0,22.0,22.0,25.0,24.0,23.0,24.0,25.0,24.0,22.0,24.0,22.0,23.0,23.0,23.0,22.0,22.0,24.0,20.0,20.0,22.0,23.0,5.0,hold,0,0,2.697
1787649012.1956,2026-08-25 11:10:12.195,6,b3,1,0,-0.03184,-0.49451,0.04491,21.8869,-7.5836,-69.7604,0.2852,0.6061,0.4843,4.69004,25.0,25.0,25.0,24.0,23.0,25.0,22.0,23.0,22.0,24.0,22.0,21.0,21.0,24.0,23.0,20.0,20.0,22.0,21.0,25.0,24.0,23.0,24.0,25.0,24.0,22.0,24.0,22.0,23.0,23.0,23.0,22.0,22.0,24.0,20.0,20.0,22.0,23.0,5.0,hold,0,0,2.7575
1787649012.2457,2026-08-25 11:10:12.245,6,b3,1,0,-0.03184,-0.49452,0.04491,22.0437,-7.9194,-69.8914,0.2926,0.6089,0.4947,4.68929,25.0,25.0,25.0,24.0,23.0,25.0,22.0,23.0,22.0,24.0,22.0,21.0,21.0,24.0,23.0,20.0,20.0,22.0,21.0,25.0,24.0,23.0,24.0,25.0,24.0,22.0,24.0,22.0,23.0,23.0,23.0,22.0,22.0,24.0,20.0,20.0,22.0,23.0,5.0,hold,0,0,2.7642
1787649012.2959,2026-08-25 11:10:12.295,6,b3,1,0,-0.03186,-0.49451,0.04492,21.7452,-7.3054,-69.8979,0.2762,0.6031,0.4897,4.69735,26.0,26.0,27.0,24.0,23.0,27.0,24.0,23.0,22.0,21.0,21.0,22.0,22.0,22.0,21.0,21.0,19.0,21.0,22.0,25.0,24.0,23.0,24.0,25.0,24.0,22.0,24.0,22.0,23.0,23.0,23.0,22.0,22.0,24.0,20.0,20.0,22.0,23.0,5.0,hold,0,0,2.6925
1787649012.346,2026-08-25 11:10:12.346,6,b3,1,0,-0.03184,-0.49452,0.04493,21.8362,-7.7569,-69.9019,0.2864,0.6041,0.4883,4.68576,26.0,26.0,27.0,24.0,23.0,27.0,24.0,23.0,22.0,21.0,21.0,22.0,22.0,22.0,21.0,21.0,19.0,21.0,22.0,25.0,24.0,23.0,24.0,25.0,24.0,22.0,24.0,22.0,23.0,23.0,23.0,22.0,22.0,24.0,20.0,20.0,22.0,23.0,5.0,hold,0,0,2.7956
1787649012.3961,2026-08-25 11:10:12.396,6,b3,1,0,-0.03184,-0.49452,0.04492,21.889,-7.4498,-69.7896,0.2822,0.6045,0.4918,4.69256,28.0,25.0,25.0,26.0,24.0,25.0,23.0,23.0,22.0,24.0,20.0,22.0,22.0,24.0,22.0,21.0,21.0,21.0,21.0,25.0,24.0,23.0,24.0,25.0,24.0,22.0,24.0,22.0,23.0,23.0,23.0,22.0,22.0,24.0,20.0,20.0,22.0,23.0,5.0,hold,0,0,2.7351
1787649012.4462,2026-08-25 11:10:12.446,6,b3,1,0,-0.03185,-0.49451,0.04491,22.0577,-7.3142,-69.8575,0.2795,0.6054,0.4881,4.69785,25.0,24.0,26.0,24.0,23.0,26.0,22.0,23.0,21.0,22.0,22.0,22.0,22.0,25.0,24.0,20.0,21.0,21.0,22.0,25.0,24.0,23.0,24.0,25.0,24.0,22.0,24.0,22.0,23.0,23.0,23.0,22.0,22.0,24.0,20.0,20.0,22.0,23.0,5.0,hold,0,0,2.6881
1787649012.4964,2026-08-25 11:10:12.496,6,b3,1,0,-0.03185,-0.49452,0.04492,21.8526,-7.4872,-70.0902,0.2799,0.6032,0.4856,4.68501,25.0,24.0,26.0,24.0,23.0,26.0,22.0,23.0,21.0,22.0,22.0,22.0,22.0,25.0,24.0,20.0,21.0,21.0,22.0,25.0,24.0,23.0,24.0,25.0,24.0,22.0,24.0,22.0,23.0,23.0,23.0,22.0,22.0,24.0,20.0,20.0,22.0,23.0,5.0,hold,0,0,2.8023
1787649012.5465,2026-08-25 11:10:12.546,6,b3,1,0,-0.03185,-0.49452,0.04492,22.2805,-7.3487,-69.9941,0.2766,0.6135,0.4906,4.69432,26.0,27.0,26.0,25.0,24.0,25.0,24.0,24.0,22.0,21.0,21.0,23.0,22.0,22.0,21.0,22.0,20.0,21.0,24.0,25.0,24.0,23.0,24.0,25.0,24.0,22.0,24.0,22.0,23.0,23.0,23.0,22.0,22.0,24.0,20.0,20.0,22.0,23.0,5.0,hold,0,0,2.7194
1787649012.5967,2026-08-25 11:10:12.596,6,b3,1,0,-0.03184,-0.49452,0.04492,22.0083,-7.465,-69.8466,0.2829,0.6054,0.492,4.68904,26.0,27.0,26.0,25.0,24.0,25.0,24.0,24.0,22.0,21.0,21.0,23.0,22.0,22.0,21.0,22.0,20.0,21.0,24.0,25.0,24.0,23.0,24.0,25.0,24.0,22.0,24.0,22.0,23.0,23.0,23.0,22.0,22.0,24.0,20.0,20.0,22.0,23.0,5.0,hold,0,0,2.7665
1787649012.6468,2026-08-25 11:10:12.646,6,b3,1,0,-0.03184,-0.49451,0.04492,21.8474,-7.5686,-69.8141,0.2837,0.6027,0.4851,4.68879,27.0,25.0,25.0,26.0,25.0,25.0,23.0,23.0,24.0,22.0,21.0,22.0,23.0,22.0,24.0,21.0,20.0,23.0,21.0,25.0,24.0,23.0,24.0,25.0,24.0,22.0,24.0,22.0,23.0,23.0,23.0,22.0,22.0,24.0,20.0,20.0,22.0,23.0,5.0,hold,0,0,2.7687
1787649012.6969,2026-08-25 11:10:12.696,6,b3,1,0,-0.03184,-0.49452,0.04492,22.4764,-8.1177,-69.8827,0.2976,0.6158,0.4913,4.69382,27.0,25.0,25.0,26.0,25.0,25.0,23.0,23.0,24.0,22.0,21.0,22.0,23.0,22.0,24.0,21.0,20.0,23.0,21.0,25.0,24.0,23.0,24.0,25.0,24.0,22.0,24.0,22.0,23.0,23.0,23.0,22.0,22.0,24.0,20.0,20.0,22.0,23.0,5.0,hold,0,0,2.7239
1787649012.747,2026-08-25 11:10:12.747,6,b3,1,0,-0.03186,-0.49452,0.04492,21.8705,-7.5056,-69.8218,0.2841,0.602,0.4888,4.69155,26.0,27.0,24.0,24.0,26.0,25.0,25.0,22.0,22.0,23.0,21.0,20.0,23.0,23.0,24.0,20.0,21.0,22.0,22.0,25.0,24.0,23.0,24.0,25.0,24.0,22.0,24.0,22.0,23.0,23.0,23.0,22.0,22.0,24.0,20.0,20.0,22.0,23.0,5.0,hold,0,0,2.7441
1787649012.7972,2026-08-25 11:10:12.797,6,b3,1,0,-0.03184,-0.49452,0.04492,21.9278,-7.5584,-69.7784,0.2801,0.603,0.4838,4.68652,26.0,26.0,26.0,24.0,24.0,25.0,23.0,23.0,23.0,24.0,23.0,22.0,23.0,24.0,24.0,21.0,21.0,23.0,22.0,25.0,24.0,23.0,24.0,25.0,24.0,22.0,24.0,22.0,23.0,23.0,23.0,22.0,22.0,24.0,20.0,20.0,22.0,23.0,5.0,hold,0,0,2.7889
1787649012.8473,2026-08-25 11:10:12.847,6,b3,1,0,-0.03185,-0.49452,0.04491,21.5879,-7.5131,-69.8816,0.2814,0.5987,0.4867,4.69332,26.0,26.0,26.0,24.0,24.0,25.0,23.0,23.0,23.0,24.0,23.0,22.0,23.0,24.0,24.0,21.0,21.0,23.0,22.0,25.0,24.0,23.0,24.0,25.0,24.0,22.0,24.0,22.0,23.0,23.0,23.0,22.0,22.0,24.0,20.0,20.0,22.0,23.0,5.0,hold,0,0,2.7284
1787649012.8974,2026-08-25 11:10:12.897,6,b3,1,0,-0.03185,-0.49451,0.04491,21.7236,-7.4184,-69.8707,0.281,0.6018,0.4855,4.684,26.0,27.0,26.0,25.0,25.0,24.0,25.0,23.0,24.0,21.0,22.0,22.0,23.0,22.0,24.0,21.0,19.0,23.0,22.0,25.0,24.0,23.0,24.0,25.0,24.0,22.0,24.0,22.0,23.0,23.0,23.0,22.0,22.0,24.0,20.0,20.0,22.0,23.0,5.0,hold,0,0,2.8113
1787649012.9475,2026-08-25 11:10:12.947,6,b3,1,0,-0.03185,-0.49451,0.04492,22.086,-7.3056,-69.8357,0.2729,0.6076,0.4923,4.69407,26.0,27.0,26.0,25.0,25.0,24.0,25.0,23.0,24.0,21.0,22.0,22.0,23.0,22.0,24.0,21.0,19.0,23.0,22.0,25.0,24.0,23.0,24.0,25.0,24.0,22.0,24.0,22.0,23.0,23.0,23.0,22.0,22.0,24.0,20.0,20.0,22.0,23.0,5.0,hold,0,0,2.7217
1787649012.9977,2026-08-25 11:10:12.997,6,b3,1,0,-0.03186,-0.49451,0.04491,22.069,-7.6203,-69.8828,0.2829,0.6095,0.4881,4.68879,26.0,25.0,25.0,25.0,24.0,25.0,25.0,24.0,21.0,21.0,22.0,21.0,22.0,22.0,23.0,21.0,21.0,21.0,21.0,25.0,24.0,23.0,24.0,25.0,24.0,22.0,24.0,22.0,23.0,23.0,23.0,22.0,22.0,24.0,20.0,20.0,22.0,23.0,5.0,hold,0,0,2.7687
1787649013.0478,2026-08-25 11:10:13.047,6,b3,1,0,-0.03185,-0.49452,0.04492,21.8222,-7.4569,-69.9349,0.2806,0.6036,0.4861,4.69004,25.0,27.0,26.0,24.0,25.0,25.0,24.0,24.0,20.0,22.0,22.0,22.0,21.0,23.0,23.0,22.0,21.0,22.0,25.0,25.0,24.0,23.0,24.0,25.0,24.0,22.0,24.0,22.0,23.0,23.0,23.0,22.0,22.0,24.0,20.0,20.0,22.0,23.0,5.0,hold,0,0,2.7575
1787649013.0979,2026-08-25 11:10:13.097,6,b3,1,0,-0.03185,-0.49452,0.04492,22.1613,-7.7972,-69.8755,0.2891,0.6101,0.4848,4.6845,25.0,27.0,26.0,24.0,25.0,25.0,24.0,24.0,20.0,22.0,22.0,22.0,21.0,23.0,23.0,22.0,21.0,22.0,25.0,25.0,24.0,23.0,24.0,25.0,24.0,22.0,24.0,22.0,23.0,23.0,23.0,22.0,22.0,24.0,20.0,20.0,22.0,23.0,5.0,hold,0,0,2.8068
1787649013.1481,2026-08-25 11:10:13.148,6,b3,1,0,-0.03183,-0.49452,0.04492,21.8963,-7.5448,-69.7555,0.2818,0.6063,0.4876,4.68501,27.0,25.0,25.0,25.0,23.0,25.0,24.0,22.0,24.0,23.0,22.0,22.0,22.0,22.0,24.0,20.0,21.0,23.0,22.0,25.0,24.0,23.0,24.0,25.0,24.0,22.0,24.0,22.0,23.0,23.0,23.0,22.0,22.0,24.0,20.0,20.0,22.0,23.0,5.0,hold,0,0,2.8023
1787649013.1982,2026-08-25 11:10:13.198,6,b3,1,0,-0.03186,-0.49452,0.04492,21.8515,-7.3095,-69.7579,0.2765,0.6041,0.4858,4.6908,27.0,25.0,25.0,25.0,23.0,25.0,24.0,22.0,24.0,23.0,22.0,22.0,22.0,22.0,24.0,20.0,21.0,23.0,22.0,25.0,24.0,23.0,24.0,25.0,24.0,22.0,24.0,22.0,23.0,23.0,23.0,22.0,22.0,24.0,20.0,20.0,22.0,23.0,5.0,hold,0,0,2.7508
