timestamp,datetime,ur5_point,ur5_pressing,ur5_done,tcp_x,tcp_y,tcp_z,fx,fy,fz,tx,ty,tz,ai0,cell_1,cell_2,cell_3,cell_4,cell_5,cell_6,cell_7,cell_8,cell_9,cell_10,cell_11,cell_12,cell_13,cell_14,cell_15,cell_16,cell_17,cell_18,cell_19
1786969221.5109,2026-08-17 14:20:21.510,,0,0,0.0,0.0,0.0,0.0,0.0,0.0,0.0,0.0,0.0,0.0,0.0,0.0,0.1826,0.0,0.2582,0.0,0.0,0.2582,0.1826,0.3162,0.0,0.3651,0.2582,0.0,0.1826,0.0,0.3162,0.0,0.0
1786969221.5612,2026-08-17 14:20:21.561,,0,0,0.0,0.0,0.0,0.0,0.0,0.0,0.0,0.0,0.0,0.0,0.3162,0.0,0.0,0.0,0.3162,0.0,0.0,0.2582,0.0,0.0,0.0,0.3162,0.2582,0.0,0.1826,0.0,0.2582,0.0,0.0
1786969221.6114,2026-08-17 14:20:21.611,,0,0,0.0,0.0,0.0,0.0,0.0,0.0,0.0,0.0,0.0,0.0,0.3162,0.0,0.0,0.0,0.3162,0.0,0.0,0.2582,0.0,0.0,0.0,0.3162,0.2582,0.0,0.1826,0.0,0.2582,0.0,0.0
1786969221.6616,2026-08-17 14:20:21.661,,0,0,0.0,0.0,0.0,0.0,0.0,0.0,0.0,0.0,0.0,0.0,0.2582,0.1826,0.0,0.0,0.2582,0.0,0.0,0.1826,0.1826,0.0,0.0,0.3162,0.2582,0.0,0.1826,0.0,0.2582,0.1826,0.0
1786969221.7117,2026-08-17 14:20:21.711,,0,0,0.0,0.0,0.0,0.0,0.0,0.0,0.0,0.0,0.0,0.0,0.1826,0.1826,0.0,0.1826,0.2582,0.0,0.0,0.1826,0.1826,0.0,0.0,0.3162,0.1826,0.0,0.0,0.0,0.3162,0.0,0.0
1786969221.7621,2026-08-17 14:20:21.762,,0,0,0.0,0.0,0.0,0.0,0.0,0.0,0.0,0.0,0.0,0.0,0.1826,0.1826,0.0,0.1826,0.2582,0.0,0.0,0.1826,0.1826,0.0,0.0,0.3162,0.1826,0.0,0.0,0.0,0.3162,0.0,0.0
1786969221.8124,2026-08-17 14:20:21.812,,0,0,0.0,0.0,0.0,0.0,0.0,0.0,0.0,0.0,0.0,0.0,0.0,0.2582,0.2582,0.0,0.0,0.0,0.0,0.1826,0.0,0.0,0.1826,0.4472,0.2582,0.0,0.0,0.2582,0.3651,0.0,0.0
1786969221.8627,2026-08-17 14:20:21.862,,0,0,0.0,0.0,0.0,0.0,0.0,0.0,0.0,0.0,0.0,0.0,0.0,0.2582,0.2582,0.0,0.0,0.0,0.0,0.1826,0.0,0.0,0.1826,0.4472,0.2582,0.0,0.0,0.2582,0.3651,0.0,0.0
1786969221.913,2026-08-17 14:20:21.913,,0,0,0.0,0.0,0.0,0.0,0.0,0.0,0.0,0.0,0.0,0.0,0.0,0.2582,0.0,0.0,0.0,0.0,0.0,0.3162,0.0,0.0,0.0,0.3162,0.3162,0.0,0.1826,0.0,0.2582,0.0,0.0
1786969221.9633,2026-08-17 14:20:21.963,,0,0,0.0,0.0,0.0,0.0,0.0,0.0,0.0,0.0,0.0,0.0,0.2582,0.0,0.0,0.0,0.2582,0.0,0.0,0.1826,0.0,0.0,0.0,0.3162,0.1826,0.0,0.0,0.0,0.3162,0.0,0.0
1786969222.0136,2026-08-17 14:20:22.013,,0,0,0.0,0.0,0.0,0.0,0.0,0.0,0.0,0.0,0.0,0.0,0.2582,0.0,0.0,0.0,0.2582,0.0,0.0,0.1826,0.0,0.0,0.0,0.3162,0.1826,0.0,0.0,0.0,0.3162,0.0,0.0
1786969222.0639,2026-08-17 14:20:22.063,,0,0,0.0,0.0,0.0,0.0,0.0,0.0,0.0,0.0,0.0,0.0,0.0,0.2582,0.0,0.0,0.0,0.0,0.0,0.2582,0.0,0.0,0.0,0.2582,0.1826,0.0,0.0,0.2582,0.1826,0.0,0.0
1786969222.1143,2026-08-17 14:20:22.114,,0,0,0.0,0.0,0.0,0.0,0.0,0.0,0.0,0.0,0.0,0.0,0.0,0.2582,0.0,0.0,0.0,0.0,0.0,0.2582,0.0,0.0,0.0,0.2582,0.1826,0.0,0.0,0.2582,0.1826,0.0,0.0
1786969222.1646,2026-08-17 14:20:22.164,,0,0,0.0,0.0,0.0,0.0,0.0,0.0,0.0,0.0,0.0,0.0,0.1826,0.1826,0.0,0.0,0.1826,0.0,0.0,0.1826,0.1826,0.2582,0.0,0.3651,0.1826,0.0,0.2582,0.0,0.3162,0.0,0.0
1786969222.2149,2026-08-17 14:20:22.214,,0,0,0.0,0.0,0.0,0.0,0.0,0.0,0.0,0.0,0.0,0.0,0.1826,0.1826,0.0,0.0,0.1826,0.0,0.0,0.1826,0.1826,0.2582,0.0,0.3651,0.1826,0.0,0.2582,0.0,0.3162,0.0,0.0
1786969222.2652,2026-08-17 14:20:22.265,,0,0,0.0,0.0,0.0,0.0,0.0,0.0,0.0,0.0,0.0,0.0,0.1826,0.0,0.0,0.1826,0.1826,0.0,0.0,0.2582,0.1826,0.2582,0.0,0.2582,0.1826,0.0,0.2582,0.0,0.1826,0.0,0.0
1786969222.3155,2026-08-17 14:20:22.315,,0,0,0.0,0.0,0.0,0.0,0.0,0.0,0.0,0.0,0.0,0.0,0.3162,0.1826,0.0,0.0,0.4082,0.0,0.0,0.0,0.1826,0.0,0.0,0.3162,0.1826,0.0,0.0,0.0,0.3162,0.1826,0.0
1786969222.3658,2026-08-17 14:20:22.365,,0,0,0.0,0.0,0.0,0.0,0.0,0.0,0.0,0.0,0.0,0.0,0.3162,0.1826,0.0,0.0,0.4082,0.0,0.0,0.0,0.1826,0.0,0.0,0.3162,0.1826,0.0,0.0,0.0,0.3162,0.1826,0.0
1786969222.4161,2026-08-17 14:20:22.416,,0,0,0.0,0.0,0.0,0.0,0.0,0.0,0.0,0.0,0.0,0.0,0.2582,0.1826,0.2582,0.0,0.1826,0.0,0.0,0.1826,0.1826,0.1826,0.0,0.4082,0.1826,0.0,0.0,0.0,0.3162,0.0,0.0
1786969222.4664,2026-08-17 14:20:22.466,,0,0,0.0,0.0,0.0,0.0,0.0,0.0,0.0,0.0,0.0,0.0,0.2582,0.1826,0.2582,0.0,0.1826,0.0,0.0,0.1826,0.1826,0.1826,0.0,0.4082,0.1826,0.0,0.0,0.0,0.3162,0.0,0.0
1786969222.5167,2026-08-17 14:20:22.516,,0,0,0.0,0.0,0.0,0.0,0.0,0.0,0.0,0.0,0.0,0.0,0.1826,0.1826,0.0,0.0,0.2582,0.0,0.0,0.3162,0.0,0.2582,0.0,0.2582,0.3162,0.0,0.3162,0.1826,0.2582,0.1826,0.1826
1786969222.567,2026-08-17 14:20:22.567,,0,0,0.0,0.0,0.0,0.0,0.0,0.0,0.0,0.0,0.0,0.0,0.2582,0.1826,0.0,0.0,0.3162,0.0,0.0,0.1826,0.0,0.1826,0.0,0.3162,0.1826,0.0,0.1826,0.0,0.2582,0.0,0.0
1786969222.6172,2026-08-17 14:20:22.617,,0,0,0.0,0.0,0.0,0.0,0.0,0.0,0.0,0.0,0.0,0.0,0.2582,0.1826,0.0,0.0,0.3162,0.0,0.0,0.1826,0.0,0.1826,0.0,0.3162,0.1826,0.0,0.1826,0.0,0.2582,0.0,0.0
1786969222.6674,2026-08-17 14:20:22.667,,0,0,0.0,0.0,0.0,0.0,0.0,0.0,0.0,0.0,0.0,0.0,0.2582,0.1826,0.0,0.0,0.2582,0.0,0.0,0.1826,0.0,0.0,0.0,0.3162,0.2582,0.0,0.0,0.0,0.1826,0.0,0.0
1786969222.7177,2026-08-17 14:20:22.717,,0,0,0.0,0.0,0.0,0.0,0.0,0.0,0.0,0.0,0.0,0.0,0.2582,0.1826,0.0,0.0,0.2582,0.0,0.0,0.1826,0.0,0.0,0.0,0.3162,0.2582,0.0,0.0,0.0,0.1826,0.0,0.0
1786969222.768,2026-08-17 14:20:22.768,,0,0,0.0,0.0,0.0,0.0,0.0,0.0,0.0,0.0,0.0,0.0,0.0,0.1826,0.0,0.0,0.0,0.0,0.0,0.0,0.0,0.2582,0.0,0.1826,0.1826,0.0,0.1826,0.0,0.2582,0.0,0.0
1786969222.8184,2026-08-17 14:20:22.818,,0,0,0.0,0.0,0.0,0.0,0.0,0.0,0.0,0.0,0.0,0.0,0.1826,0.1826,0.0,0.0,0.3162,0.0,0.0,0.0,0.0,0.0,0.0,0.3651,0.1826,0.0,0.1826,0.1826,0.3162,0.0,0.0
1786969222.8687,2026-08-17 14:20:22.868,,0,0,0.0,0.0,0.0,0.0,0.0,0.0,0.0,0.0,0.0,0.0,0.1826,0.1826,0.0,0.0,0.3162,0.0,0.0,0.0,0.0,0.0,0.0,0.3651,0.1826,0.0,0.1826,0.1826,0.3162,0.0,0.0
1786969222.919,2026-08-17 14:20:22.918,,0,0,0.0,0.0,0.0,0.0,0.0,0.0,0.0,0.0,0.0,0.0,0.0,0.3162,0.0,0.0,0.0,0.0,0.0,0.1826,0.0,0.1826,0.0,0.3162,0.3162,0.0,0.2582,0.0,0.2582,0.0,0.0
1786969222.9693,2026-08-17 14:20:22.969,,0,0,0.0,0.0,0.0,0.0,0.0,0.0,0.0,0.0,0.0,0.0,0.0,0.3162,0.0,0.0,0.0,0.0,0.0,0.1826,0.0,0.1826,0.0,0.3162,0.3162,0.0,0.2582,0.0,0.2582,0.0,0.0
1786969223.0196,2026-08-17 14:20:23.019,,0,0,0.0,0.0,0.0,0.0,0.0,0.0,0.0,0.0,0.0,0.0,0.1826,0.1826,0.0,0.0,0.1826,0.0,0.0,0.1826,0.1826,0.0,0.0,0.3162,0.0,0.0,0.1826,0.0,0.2582,0.0,0.0
1786969223.07,2026-08-17 14:20:23.070,,0,0,0.0,0.0,0.0,0.0,0.0,0.0,0.0,0.0,0.0,0.0,0.1826,0.2582,0.0,0.0,0.1826,0.0,0.0,0.2582,0.0,0.1826,0.1826,0.3162,0.1826,0.0,0.1826,0.1826,0.2582,0.0,0.0
1786969223.1203,2026-08-17 14:20:23.120,,0,0,0.0,0.0,0.0,0.0,0.0,0.0,0.0,0.0,0.0,0.0,0.1826,0.2582,0.0,0.0,0.1826,0.0,0.0,0.2582,0.0,0.1826,0.1826,0.3162,0.1826,0.0,0.1826,0.1826,0.2582,0.0,0.0
1786969223.1707,2026-08-17 14:20:23.170,,0,0,0.0,0.0,0.0,0.0,0.0,0.0,0.0,0.0,0.0,0.0,0.2582,0.2582,0.0,0.0,0.3162,0.0,0.0,0.1826,0.0,0.1826,0.0,0.3162,0.1826,0.0,0.1826,0.0,0.2582,0.1826,0.1826
1786969223.221,2026-08-17 14:20:23.221,,0,0,0.0,0.0,0.0,0.0,0.0,0.0,0.0,0.0,0.0,0.0,0.2582,0.2582,0.0,0.0,0.3162,0.0,0.0,0.1826,0.0,0.1826,0.0,0.3162,0.1826,0.0,0.1826,0.0,0.2582,0.1826,0.1826
1786969223.2713,2026-08-17 14:20:23.271,,0,0,0.0,0.0,0.0,0.0,0.0,0.0,0.0,0.0,0.0,0.0,0.2582,0.1826,0.0,0.1826,0.1826,0.0,0.0,0.1826,0.1826,0.0,0.0,0.2582,0.1826,0.0,0.1826,0.0,0.0,0.1826,0.0
1786969223.3216,2026-08-17 14:20:23.321,,0,0,0.0,0.0,0.0,0.0,0.0,0.0,0.0,0.0,0.0,0.0,0.2582,0.1826,0.0,0.1826,0.1826,0.0,0.0,0.1826,0.1826,0.0,0.0,0.2582,0.1826,0.0,0.1826,0.0,0.0,0.1826,0.0
1786969223.372,2026-08-17 14:20:23.371,,0,0,0.0,0.0,0.0,0.0,0.0,0.0,0.0,0.0,0.0,0.0,0.1826,0.1826,0.0,0.0,0.2582,0.0,0.0,0.0,0.1826,0.1826,0.2582,0.2582,0.0,0.0,0.1826,0.1826,0.3162,0.0,0.0
1786969223.4223,2026-08-17 14:20:23.422,,0,0,0.0,0.0,0.0,0.0,0.0,0.0,0.0,0.0,0.0,0.0,0.0,0.1826,0.0,0.0,0.1826,0.0,0.0,0.0,0.0,0.0,0.0,0.2582,0.0,0.0,0.0,0.2582,0.1826,0.0,0.0
1786969223.4726,2026-08-17 14:20:23.472,,0,0,0.0,0.0,0.0,0.0,0.0,0.0,0.0,0.0,0.0,0.0,0.0,0.1826,0.0,0.0,0.1826,0.0,0.0,0.0,0.0,0.0,0.0,0.2582,0.0,0.0,0.0,0.2582,0.1826,0.0,0.0
1786969223.523,2026-08-17 14:20:23.522,,0,0,0.0,0.0,0.0,0.0,0.0,0.0,0.0,0.0,0.0,0.0,0.0,0.2582,0.0,0.0,0.0,0.0,0.0,0.0,0.0,0.0,0.0,0.3162,0.0,0.0,0.1826,0.0,0.2582,0.0,0.0
1786969223.5733,2026-08-17 14:20:23.573,,0,0,0.0,0.0,0.0,0.0,0.0,0.0,0.0,0.0,0.0,0.0,0.0,0.2582,0.0,0.0,0.0,0.0,0.0,0.0,0.0,0.0,0.0,0.3162,0.0,0.0,0.1826,0.0,0.2582,0.0,0.0
1786969223.6236,2026-08-17 14:20:23.623,,0,0,0.0,0.0,0.0,0.0,0.0,0.0,0.0,0.0,0.0,0.0,0.1826,0.0,0.0,0.0,0.1826,0.0,0.0,0.0,0.0,0.1826,0.0,0.3162,0.1826,0.0,0.1826,0.0,0.2582,0.0,0.0
1786969223.6738,2026-08-17 14:20:23.673,,0,0,0.0,0.0,0.0,0.0,0.0,0.0,0.0,0.0,0.0,0.0,0.2582,0.0,0.0,0.0,0.3162,0.0,0.0,0.2582,0.0,0.1826,0.0,0.2582,0.1826,0.0,0.1826,0.0,0.2582,0.1826,0.0
1786969223.7241,2026-08-17 14:20:23.724,,0,0,0.0,0.0,0.0,0.0,0.0,0.0,0.0,0.0,0.0,0.0,0.2582,0.0,0.0,0.0,0.3162,0.0,0.0,0.2582,0.0,0.1826,0.0,0.2582,0.1826,0.0,0.1826,0.0,0.2582,0.1826,0.0
1786969223.7744,2026-08-17 14:20:23.774,,0,0,0.0,0.0,0.0,0.0,0.0,0.0,0.0,0.0,0.0,0.0,0.3162,0.0,0.0,0.0,0.1826,0.0,0.0,0.0,0.1826,0.1826,0.0,0.3162,0.2582,0.0,0.2582,0.0,0.2582,0.0,0.0
1786969223.8246,2026-08-17 14:20:23.824,,0,0,0.0,0.0,0.0,0.0,0.0,0.0,0.0,0.0,0.0,0.0,0.3162,0.0,0.0,0.0,0.1826,0.0,0.0,0.0,0.1826,0.1826,0.0,0.3162,0.2582,0.0,0.2582,0.0,0.2582,0.0,0.0
1786969223.8748,2026-08-17 14:20:23.874,,0,0,0.0,0.0,0.0,0.0,0.0,0.0,0.0,0.0,0.0,0.0,0.1826,0.1826,0.0,0.0,0.1826,0.0,0.0,0.0,0.1826,0.1826,0.2582,0.3651,0.1826,0.0,0.3162,0.2582,0.2582,0.1826,0.0
1786969223.9251,2026-08-17 14:20:23.925,,0,0,0.0,0.0,0.0,0.0,0.0,0.0,0.0,0.0,0.0,0.0,0.1826,0.2582,0.0,0.0,0.2582,0.0,0.0,0.0,0.1826,0.2582,0.0,0.3162,0.1826,0.0,0.1826,0.0,0.2582,0.1826,0.1826
1786969223.9754,2026-08-17 14:20:23.975,,0,0,0.0,0.0,0.0,0.0,0.0,0.0,0.0,0.0,0.0,0.0,0.1826,0.2582,0.0,0.0,0.2582,0.0,0.0,0.0,0.1826,0.2582,0.0,0.3162,0.1826,0.0,0.1826,0.0,0.2582,0.1826,0.1826
1786969224.6632,2026-08-17 14:20:24.663,,0,0,0.0,0.0,0.0,0.0,0.0,0.0,0.0,0.0,0.0,0.0,0.3162,0.2582,0.0,0.0,0.3162,0.0,0.0,0.0,0.1826,0.0,0.1826,0.2582,0.2582,0.0,0.1826,0.0,0.2582,0.0,0.0
1786969230.4512,2026-08-17 14:20:30.451,,0,0,-0.03786,-0.49151,0.07324,-5.2149,9.3577,-16.9673,-0.0835,-0.0446,-0.2717,4.69055,0.3162,0.2582,0.0,0.0,0.3162,0.0,0.0,0.0,0.1826,0.0,0.1826,0.2582,0.2582,0.0,0.1826,0.0,0.2582,0.0,0.0
1786969230.5015,2026-08-17 14:20:30.501,,0,0,-0.03787,-0.49151,0.07324,-5.4499,9.27,-16.9655,-0.0844,-0.0487,-0.2709,4.68299,0.3162,0.2582,0.0,0.0,0.2582,0.0,0.0,0.1826,0.0,0.0,0.0,0.2582,0.0,0.0,0.0,0.0,0.3162,0.0,0.0
1786969230.5517,2026-08-17 14:20:30.551,,0,0,-0.03788,-0.49153,0.07325,-4.9591,8.934,-16.7798,-0.0699,-0.04,-0.2663,4.68702,0.2582,0.2582,0.1826,0.0,0.2582,0.0,0.0,0.0,0.0,0.0,0.0,0.3162,0.1826,0.0,0.0,0.0,0.2582,0.0,0.0
1786969230.6018,2026-08-17 14:20:30.601,,0,0,-0.03786,-0.4915,0.07322,-5.1537,8.7123,-16.8116,-0.0727,-0.0422,-0.2665,4.69231,0.1826,0.1826,0.0,0.0,0.1826,0.0,0.0,0.0,0.0,0.0,0.0,0.3162,0.0,0.0,0.2582,0.0,0.1826,0.0,0.0
1786969230.6519,2026-08-17 14:20:30.651,,0,0,-0.03786,-0.49151,0.07323,-5.4474,8.9383,-16.8946,-0.074,-0.0486,-0.2692,4.68778,0.0,0.2582,0.0,0.0,0.0,0.1826,0.0,0.2582,0.0,0.1826,0.0,0.3651,0.1826,0.0,0.1826,0.1826,0.2582,0.0,0.0
1786969230.702,2026-08-17 14:20:30.702,,0,0,-0.03787,-0.49151,0.07323,-5.0589,9.1308,-16.7553,-0.0808,-0.037,-0.2651,4.68979,0.0,0.2582,0.0,0.0,0.1826,0.0,0.0,0.0,0.2582,0.0,0.1826,0.3162,0.0,0.0,0.1826,0.2582,0.1826,0.0,0.0
1786969230.7522,2026-08-17 14:20:30.752,,0,0,-0.03787,-0.49151,0.07322,-5.0279,8.6409,-16.9089,-0.0714,-0.0383,-0.2633,4.68551,0.2582,0.1826,0.0,0.0,0.3162,0.0,0.0,0.1826,0.0,0.2582,0.0,0.2582,0.0,0.0,0.3162,0.0,0.2582,0.0,0.0
1786969230.8023,2026-08-17 14:20:30.802,,0,0,-0.03787,-0.49152,0.07323,-4.8717,8.88,-16.9354,-0.0718,-0.0362,-0.2608,4.68929,0.1826,0.1826,0.0,0.0,0.1826,0.1826,0.0,0.1826,0.1826,0.0,0.0,0.2582,0.0,0.0,0.0,0.1826,0.1826,0.0,0.0
1786969230.8524,2026-08-17 14:20:30.852,,0,0,-0.03788,-0.4915,0.07323,-5.0219,8.7838,-16.8035,-0.0694,-0.0375,-0.2703,4.6908,0.1826,0.1826,0.0,0.0,0.1826,0.0,0.0,0.0,0.0,0.1826,0.0,0.2582,0.0,0.0,0.0,0.1826,0.1826,0.0,0.0
1786969230.9026,2026-08-17 14:20:30.902,,0,0,-0.03788,-0.49151,0.07322,-5.1488,8.9578,-16.747,-0.0752,-0.0402,-0.2685,4.69004,0.1826,0.1826,0.0,0.0,0.1826,0.0,0.0,0.0,0.0,0.1826,0.0,0.2582,0.0,0.0,0.0,0.1826,0.1826,0.0,0.0
1786969230.953,2026-08-17 14:20:30.953,,0,0,-0.03785,-0.49151,0.07323,-5.1687,8.8746,-16.7604,-0.0743,-0.0412,-0.2631,4.68576,0.1826,0.1826,0.0,0.0,0.3162,0.0,0.0,0.2582,0.0,0.1826,0.0,0.3162,0.1826,0.0,0.0,0.0,0.2582,0.0,0.0
1786969231.0036,2026-08-17 14:20:31.003,,0,0,-0.03788,-0.49151,0.07323,-4.7246,8.8988,-16.9568,-0.0772,-0.0298,-0.2643,4.68702,0.1826,0.3162,0.0,0.0,0.2582,0.0,0.0,0.1826,0.0,0.0,0.0,0.2582,0.1826,0.0,0.0,0.1826,0.1826,0.0,0.0
1786969231.0539,2026-08-17 14:20:31.053,,0,0,-0.03787,-0.49151,0.07323,-5.3473,8.78,-16.9113,-0.0719,-0.0456,-0.2702,4.68904,0.1826,0.3162,0.0,0.0,0.2582,0.0,0.0,0.1826,0.0,0.0,0.0,0.2582,0.1826,0.0,0.0,0.1826,0.1826,0.0,0.0
1786969231.1042,2026-08-17 14:20:31.104,,0,0,-0.03787,-0.49152,0.07323,-5.2033,8.9105,-16.7483,-0.075,-0.0432,-0.2668,4.69231,0.1826,0.1826,0.1826,0.0,0.0,0.0,0.0,0.0,0.0,0.0,0.0,0.3651,0.0,0.0,0.1826,0.0,0.3162,0.0,0.0
1786969231.1545,2026-08-17 14:20:31.154,,0,0,-0.03787,-0.49152,0.07324,-5.1768,8.9792,-16.7748,-0.074,-0.0438,-0.2724,4.68576,0.1826,0.1826,0.1826,0.0,0.0,0.0,0.0,0.0,0.0,0.0,0.0,0.3651,0.0,0.0,0.1826,0.0,0.3162,0.0,0.0
1786969231.2048,2026-08-17 14:20:31.204,,0,0,-0.03789,-0.49153,0.07324,-5.1837,8.4613,-16.9666,-0.0672,-0.0418,-0.2653,4.68375,0.0,0.1826,0.1826,0.0,0.1826,0.0,0.0,0.3162,0.0,0.1826,0.0,0.4082,0.1826,0.0,0.1826,0.0,0.3162,0.0,0.0
1786969231.2552,2026-08-17 14:20:31.255,,0,0,-0.03786,-0.49151,0.07323,-5.0932,8.7272,-16.9905,-0.0703,-0.0418,-0.2648,4.684,0.0,0.1826,0.1826,0.0,0.1826,0.0,0.0,0.3162,0.0,0.1826,0.0,0.4082,0.1826,0.0,0.1826,0.0,0.3162,0.0,0.0
1786969231.3056,2026-08-17 14:20:31.305,,0,0,-0.03788,-0.49149,0.07321,-5.352,9.4556,-16.8541,-0.0881,-0.0495,-0.2703,4.67771,0.1826,0.1826,0.1826,0.0,0.1826,0.0,0.0,0.2582,0.0,0.0,0.0,0.3162,0.2582,0.0,0.0,0.0,0.3162,0.1826,0.0
1786969231.3559,2026-08-17 14:20:31.355,,0,0,-0.03789,-0.49151,0.07323,-4.955,8.8778,-16.8438,-0.0721,-0.0371,-0.2729,4.68199,0.2582,0.1826,0.0,0.0,0.1826,0.0,0.0,0.1826,0.0,0.0,0.0,0.2582,0.1826,0.0,0.0,0.0,0.2582,0.1826,0.0
1786969231.4062,2026-08-17 14:20:31.406,,0,0,-0.03786,-0.49152,0.07325,-5.065,8.8463,-16.8174,-0.0735,-0.0367,-0.2664,4.67544,0.2582,0.1826,0.0,0.0,0.1826,0.0,0.0,0.1826,0.0,0.0,0.0,0.2582,0.1826,0.0,0.0,0.0,0.2582,0.1826,0.0
1786969231.4565,2026-08-17 14:20:31.456,,0,0,-0.03787,-0.49152,0.07323,-5.0537,9.1188,-16.9223,-0.0821,-0.0399,-0.2732,4.68576,0.0,0.1826,0.0,0.2582,0.1826,0.0,0.0,0.1826,0.3162,0.1826,0.0,0.2582,0.1826,0.0,0.2582,0.0,0.1826,0.0,0.2582
1786969231.5068,2026-08-17 14:20:31.506,,0,0,-0.03786,-0.49151,0.07323,-5.0787,8.9783,-16.9634,-0.0763,-0.0383,-0.268,4.68199,0.0,0.1826,0.0,0.2582,0.1826,0.0,0.0,0.1826,0.3162,0.1826,0.0,0.2582,0.1826,0.0,0.2582,0.0,0.1826,0.0,0.2582
1786969231.5572,2026-08-17 14:20:31.557,,0,0,-0.03786,-0.49151,0.07323,-5.1613,8.9236,-16.9521,-0.0768,-0.038,-0.2657,4.68199,0.2582,0.1826,0.0,0.0,0.3651,0.0,0.0,0.0,0.2582,0.0,0.1826,0.2582,0.0,0.0,0.0,0.2582,0.1826,0.0,0.0
1786969231.6075,2026-08-17 14:20:31.607,,0,0,-0.03788,-0.4915,0.07323,-5.0598,8.7122,-16.8199,-0.0706,-0.0382,-0.2647,4.68602,0.1826,0.2582,0.0,0.0,0.0,0.0,0.0,0.0,0.0,0.0,0.0,0.3651,0.0,0.0,0.1826,0.0,0.2582,0.1826,0.0
1786969231.6578,2026-08-17 14:20:31.657,,0,0,-0.03789,-0.49151,0.07323,-5.312,8.6375,-16.8495,-0.0701,-0.0429,-0.2635,4.68803,0.1826,0.2582,0.0,0.0,0.0,0.0,0.0,0.0,0.0,0.0,0.0,0.3651,0.0,0.0,0.1826,0.0,0.2582,0.1826,0.0
1786969231.7081,2026-08-17 14:20:31.708,,0,0,-0.03787,-0.49152,0.07324,-4.9467,8.4198,-17.1005,-0.0646,-0.036,-0.2649,4.68526,0.1826,0.1826,0.0,0.1826,0.1826,0.0,0.0,0.1826,0.2582,0.0,0.0,0.3162,0.1826,0.0,0.1826,0.1826,0.2582,0.1826,0.0
1786969231.7584,2026-08-17 14:20:31.758,,0,0,-0.03786,-0.49152,0.07323,-5.1256,8.9966,-16.9459,-0.0744,-0.0408,-0.2633,4.68224,0.1826,0.1826,0.0,0.1826,0.1826,0.0,0.0,0.1826,0.2582,0.0,0.0,0.3162,0.1826,0.0,0.1826,0.1826,0.2582,0.1826,0.0
1786969231.8087,2026-08-17 14:20:31.808,,0,0,-0.03785,-0.49151,0.07322,-4.8305,9.0081,-16.8792,-0.077,-0.0345,-0.2673,4.69231,0.0,0.1826,0.1826,0.0,0.2582,0.0,0.0,0.1826,0.1826,0.1826,0.0,0.3651,0.0,0.0,0.0,0.0,0.3162,0.0,0.0
1786969231.8591,2026-08-17 14:20:31.859,,0,0,-0.03785,-0.49151,0.07322,-5.2356,8.8292,-16.8517,-0.07,-0.045,-0.2669,4.68677,0.0,0.2582,0.0,0.0,0.0,0.0,0.0,0.2582,0.0,0.1826,0.0,0.3162,0.1826,0.0,0.1826,0.0,0.2582,0.1826,0.1826
1786969231.9094,2026-08-17 14:20:31.909,,0,0,-0.03789,-0.49151,0.07324,-5.0221,9.0545,-17.0031,-0.0799,-0.0416,-0.2603,4.69231,0.0,0.2582,0.0,0.0,0.0,0.0,0.0,0.2582,0.0,0.1826,0.0,0.3162,0.1826,0.0,0.1826,0.0,0.2582,0.1826,0.1826
1786969231.9597,2026-08-17 14:20:31.959,,0,0,-0.03788,-0.49151,0.07324,-5.1857,9.0355,-17.0136,-0.0742,-0.044,-0.2673,4.68677,0.1826,0.1826,0.1826,0.1826,0.2582,0.0,0.0,0.0,0.1826,0.1826,0.0,0.3651,0.2582,0.0,0.1826,0.0,0.3162,0.1826,0.0
1786969232.01,2026-08-17 14:20:32.010,,0,0,-0.03789,-0.49152,0.07324,-5.2684,8.8531,-17.0163,-0.0728,-0.0442,-0.2794,4.69181,0.1826,0.1826,0.1826,0.1826,0.2582,0.0,0.0,0.0,0.1826,0.1826,0.0,0.3651,0.2582,0.0,0.1826,0.0,0.3162,0.1826,0.0
1786969232.0603,2026-08-17 14:20:32.060,,0,0,-0.03786,-0.49151,0.07323,-4.7881,8.7484,-16.8848,-0.0717,-0.0317,-0.2669,4.68803,0.3162,0.0,0.0,0.0,0.2582,0.0,0.0,0.0,0.1826,0.1826,0.0,0.3162,0.2582,0.0,0.2582,0.0,0.2582,0.1826,0.1826
1786969232.1105,2026-08-17 14:20:32.110,,0,0,-0.03786,-0.49151,0.07324,-5.1225,9.2365,-16.7282,-0.0807,-0.0387,-0.273,4.68627,0.3162,0.0,0.0,0.0,0.2582,0.0,0.0,0.0,0.1826,0.1826,0.0,0.3162,0.2582,0.0,0.2582,0.0,0.2582,0.1826,0.1826
1786969232.1609,2026-08-17 14:20:32.160,,0,0,-0.03789,-0.49151,0.07324,-5.4074,9.1535,-17.0146,-0.0781,-0.0508,-0.2762,4.69332,0.0,0.0,0.0,0.0,0.2582,0.0,0.0,0.0,0.0,0.0,0.0,0.3162,0.0,0.1826,0.1826,0.0,0.1826,0.1826,0.0
1786969232.2113,2026-08-17 14:20:32.211,,0,0,-0.03786,-0.49151,0.07323,-5.0456,9.04,-16.7426,-0.0764,-0.037,-0.274,4.69004,0.1826,0.0,0.0,0.2582,0.2582,0.0,0.0,0.0,0.2582,0.1826,0.0,0.2582,0.0,0.0,0.1826,0.1826,0.1826,0.0,0.0
1786969232.2616,2026-08-17 14:20:32.261,,0,0,-0.03788,-0.49151,0.07323,-5.0455,8.7792,-16.8826,-0.069,-0.0394,-0.2712,4.67695,0.1826,0.0,0.0,0.2582,0.2582,0.0,0.0,0.0,0.2582,0.1826,0.0,0.2582,0.0,0.0,0.1826,0.1826,0.1826,0.0,0.0
1786969232.3119,2026-08-17 14:20:32.311,,0,0,-0.03787,-0.49151,0.07323,-5.3254,8.8452,-16.9864,-0.068,-0.0468,-0.2721,4.68199,0.3162,0.3162,0.1826,0.0,0.2582,0.0,0.0,0.1826,0.1826,0.0,0.0,0.3651,0.1826,0.0,0.0,0.0,0.2582,0.0,0.0
1786969232.3622,2026-08-17 14:20:32.362,,0,0,-0.03788,-0.49152,0.07323,-5.12,8.4858,-17.0454,-0.0669,-0.0398,-0.27,4.6845,0.3162,0.3162,0.1826,0.0,0.2582,0.0,0.0,0.1826,0.1826,0.0,0.0,0.3651,0.1826,0.0,0.0,0.0,0.2582,0.0,0.0
1786969232.4125,2026-08-17 14:20:32.412,,0,0,-0.03787,-0.49151,0.07324,-5.1756,8.6666,-16.8755,-0.0702,-0.0448,-0.2659,4.68325,0.0,0.2582,0.0,0.0,0.0,0.0,0.0,0.1826,0.1826,0.3162,0.0,0.3162,0.1826,0.0,0.2582,0.0,0.2582,0.1826,0.1826
1786969233.1161,2026-08-17 14:20:33.116,,0,0,-0.03786,-0.49151,0.07323,-5.107,9.0093,-16.9778,-0.0755,-0.0412,-0.2678,4.68476,0.0,0.2582,0.0,0.0,0.0,0.0,0.0,0.1826,0.1826,0.3162,0.0,0.3162,0.1826,0.0,0.2582,0.0,0.2582,0.1826,0.1826
1786969233.6294,2026-08-17 14:20:33.629,121/121,0,1,-0.03787,-0.49151,0.07323,-5.0837,8.6541,-16.8283,-0.0671,-0.0371,-0.2634,4.69206,0.3162,0.1826,0.1826,0.0,0.3162,0.0,0.1826,0.0,0.0,0.1826,0.0,0.3162,0.0,0.0,0.1826,0.0,0.3651,0.0,0.0
1786969233.6796,2026-08-17 14:20:33.679,121/121,0,1,-0.03787,-0.49152,0.07324,-5.212,8.5251,-17.1174,-0.064,-0.0392,-0.2684,4.68199,0.0,0.1826,0.0,0.0,0.1826,0.0,0.0,0.1826,0.0,0.0,0.0,0.2582,0.0,0.0,0.1826,0.1826,0.0,0.1826,0.0
1786969233.7297,2026-08-17 14:20:33.729,121/121,0,1,-0.03788,-0.49152,0.07324,-5.0259,8.8825,-17.0607,-0.0726,-0.035,-0.2639,4.67897,0.0,0.0,0.0,0.1826,0.0,0.0,0.0,0.2582,0.1826,0.3162,0.0,0.3162,0.2582,0.1826,0.3651,0.0,0.2582,0.0,0.1826
1786969233.7798,2026-08-17 14:20:33.779,121/121,0,1,-0.03788,-0.49149,0.07321,-5.1485,8.6724,-17.0202,-0.0648,-0.0396,-0.2686,4.68098,0.2582,0.2582,0.0,0.0,0.3651,0.0,0.0,0.1826,0.1826,0.0,0.0,0.2582,0.2582,0.1826,0.0,0.0,0.1826,0.1826,0.0
1786969233.83,2026-08-17 14:20:33.830,121/121,0,1,-0.03787,-0.49152,0.07324,-5.3409,9.0461,-16.9952,-0.0767,-0.0461,-0.2652,4.68174,0.0,0.0,0.0,0.1826,0.1826,0.0,0.0,0.0,0.2582,0.1826,0.0,0.3162,0.0,0.0,0.2582,0.1826,0.2582,0.0,0.0
1786969233.8804,2026-08-17 14:20:33.880,121/121,0,1,-0.03787,-0.49151,0.07323,-5.1368,8.7861,-17.1108,-0.0684,-0.0407,-0.2624,4.68073,0.0,0.0,0.0,0.1826,0.1826,0.0,0.0,0.0,0.2582,0.1826,0.0,0.3162,0.0,0.0,0.2582,0.1826,0.2582,0.0,0.0
1786969233.9307,2026-08-17 14:20:33.930,121/121,0,1,-0.03786,-0.4915,0.07322,-4.6466,8.7031,-17.2124,-0.0663,-0.0282,-0.2626,4.68123,0.1826,0.3162,0.2582,0.2582,0.2582,0.0,0.0,0.2582,0.2582,0.1826,0.0,0.4082,0.1826,0.0,0.2582,0.0,0.3651,0.1826,0.0
1786969233.981,2026-08-17 14:20:33.980,121/121,0,1,-0.03787,-0.49152,0.07323,-5.1839,8.6579,-17.021,-0.0722,-0.044,-0.2618,4.68501,0.1826,0.3162,0.2582,0.2582,0.2582,0.0,0.0,0.2582,0.2582,0.1826,0.0,0.4082,0.1826,0.0,0.2582,0.0,0.3651,0.1826,0.0
1786969234.0313,2026-08-17 14:20:34.031,121/121,0,1,-0.03786,-0.49151,0.07322,-5.1991,9.0318,-17.0542,-0.0783,-0.0407,-0.2709,4.6835,0.2582,0.0,0.1826,0.2582,0.2582,0.0,0.0,0.2582,0.1826,0.0,0.1826,0.2582,0.3162,0.0,0.1826,0.0,0.3162,0.1826,0.0
1786969234.0816,2026-08-17 14:20:34.081,121/121,0,1,-0.03789,-0.4915,0.07323,-5.1205,8.9717,-17.0846,-0.079,-0.0419,-0.2627,4.68501,0.2582,0.2582,0.2582,0.0,0.3162,0.0,0.0,0.0,0.1826,0.0,0.0,0.3162,0.1826,0.0,0.0,0.0,0.3162,0.1826,0.0
1786969234.1319,2026-08-17 14:20:34.131,121/121,0,1,-0.03786,-0.49152,0.07323,-5.1685,8.6793,-17.0588,-0.0709,-0.0403,-0.2676,4.68199,0.2582,0.2582,0.2582,0.0,0.3162,0.0,0.0,0.0,0.1826,0.0,0.0,0.3162,0.1826,0.0,0.0,0.0,0.3162,0.1826,0.0
1786969234.1823,2026-08-17 14:20:34.182,121/121,0,1,-0.03788,-0.4915,0.07323,-4.7741,9.1158,-17.0017,-0.082,-0.0327,-0.2609,4.68526,0.0,0.2582,0.0,0.0,0.0,0.0,0.0,0.3162,0.2582,0.1826,0.0,0.3162,0.2582,0.0,0.1826,0.0,0.3162,0.0,0.1826
1786969234.2326,2026-08-17 14:20:34.232,121/121,0,1,-0.03787,-0.4915,0.07322,-4.8369,8.7308,-16.906,-0.069,-0.0336,-0.2623,4.68803,0.0,0.2582,0.0,0.0,0.0,0.0,0.0,0.3162,0.2582,0.1826,0.0,0.3162,0.2582,0.0,0.1826,0.0,0.3162,0.0,0.1826
1786969234.2829,2026-08-17 14:20:34.282,121/121,0,1,-0.03786,-0.49151,0.07324,-5.0361,8.8461,-16.9628,-0.0736,-0.0342,-0.2623,4.69155,0.1826,0.0,0.0,0.0,0.2582,0.0,0.0,0.1826,0.0,0.1826,0.0,0.3162,0.1826,0.0,0.2582,0.0,0.2582,0.0,0.0
1786969234.3332,2026-08-17 14:20:34.333,121/121,0,1,-0.03786,-0.4915,0.07323,-5.3797,8.8703,-16.9613,-0.0726,-0.0458,-0.2658,4.68954,0.2582,0.2582,0.0,0.0,0.2582,0.0,0.0,0.1826,0.1826,0.0,0.0,0.3651,0.1826,0.0,0.1826,0.0,0.2582,0.0,0.0
1786969234.3836,2026-08-17 14:20:34.383,121/121,0,1,-0.03787,-0.4915,0.07323,-5.1599,8.9933,-17.0961,-0.0742,-0.0407,-0.2715,4.68602,0.2582,0.2582,0.0,0.0,0.2582,0.0,0.0,0.1826,0.1826,0.0,0.0,0.3651,0.1826,0.0,0.1826,0.0,0.2582,0.0,0.0
1786969234.4339,2026-08-17 14:20:34.433,121/121,0,1,-0.03788,-0.49152,0.07323,-4.7756,8.932,-16.9993,-0.0751,-0.0333,-0.2601,4.69105,0.2582,0.2582,0.1826,0.0,0.2582,0.0,0.0,0.2582,0.1826,0.0,0.1826,0.3162,0.1826,0.0,0.1826,0.1826,0.2582,0.0,0.0
1786969234.4842,2026-08-17 14:20:34.484,121/121,0,1,-0.03788,-0.49153,0.07323,-4.8818,8.864,-16.9849,-0.0727,-0.0329,-0.2689,4.69357,0.2582,0.2582,0.1826,0.0,0.2582,0.0,0.0,0.2582,0.1826,0.0,0.1826,0.3162,0.1826,0.0,0.1826,0.1826,0.2582,0.0,0.0
1786969234.5345,2026-08-17 14:20:34.534,121/121,0,1,-0.03786,-0.49152,0.07324,-4.7414,8.5671,-16.9449,-0.0677,-0.0316,-0.2692,4.68425,0.1826,0.0,0.0,0.0,0.1826,0.0,0.0,0.2582,0.1826,0.2582,0.0,0.2582,0.2582,0.0,0.3162,0.0,0.2582,0.1826,0.1826
1786969234.5848,2026-08-17 14:20:34.584,121/121,0,1,-0.03788,-0.49151,0.07322,-4.9457,8.7097,-17.1907,-0.0733,-0.0344,-0.2704,4.68627,0.1826,0.0,0.0,0.0,0.1826,0.0,0.0,0.2582,0.1826,0.2582,0.0,0.2582,0.2582,0.0,0.3162,0.0,0.2582,0.1826,0.1826
1786969234.6352,2026-08-17 14:20:34.635,121/121,0,1,-0.03785,-0.49151,0.07324,-5.0362,8.9488,-17.1518,-0.0708,-0.0376,-0.2683,4.67846,0.2582,0.0,0.0,0.2582,0.2582,0.0,0.0,0.1826,0.3162,0.1826,0.0,0.2582,0.2582,0.0,0.2582,0.0,0.1826,0.0,0.1826
1786969234.6854,2026-08-17 14:20:34.685,121/121,0,1,-0.03785,-0.49151,0.07324,-5.0541,8.8363,-17.1718,-0.0706,-0.0384,-0.2657,4.68199,0.2582,0.1826,0.0,0.0,0.2582,0.0,0.0,0.0,0.0,0.1826,0.0,0.2582,0.2582,0.0,0.3162,0.0,0.2582,0.1826,0.1826
1786969234.7357,2026-08-17 14:20:34.735,121/121,0,1,-0.03789,-0.49152,0.07323,-4.8826,8.7892,-17.017,-0.0722,-0.0355,-0.2636,4.67997,0.2582,0.1826,0.0,0.0,0.2582,0.0,0.0,0.0,0.0,0.1826,0.0,0.2582,0.2582,0.0,0.3162,0.0,0.2582,0.1826,0.1826
1786969234.786,2026-08-17 14:20:34.786,121/121,0,1,-0.03789,-0.49151,0.07324,-5.2794,9.0085,-17.1154,-0.0744,-0.0445,-0.269,4.68602,0.2582,0.0,0.0,0.1826,0.2582,0.0,0.0,0.0,0.2582,0.0,0.0,0.3162,0.0,0.0,0.1826,0.0,0.2582,0.1826,0.0
1786969234.8363,2026-08-17 14:20:34.836,121/121,0,1,-0.03786,-0.49151,0.07323,-4.719,8.4034,-16.8752,-0.0605,-0.0301,-0.2581,4.69181,0.2582,0.0,0.0,0.1826,0.2582,0.0,0.0,0.0,0.2582,0.0,0.0,0.3162,0.0,0.0,0.1826,0.0,0.2582,0.1826,0.0
1786969234.8867,2026-08-17 14:20:34.886,121/121,0,1,-0.03787,-0.49152,0.07324,-5.1305,8.3216,-16.9777,-0.0604,-0.0426,-0.2655,4.68476,0.1826,0.1826,0.0,0.0,0.1826,0.0,0.0,0.1826,0.1826,0.1826,0.0,0.2582,0.1826,0.0,0.2582,0.0,0.1826,0.0,0.0
1786969234.937,2026-08-17 14:20:34.937,121/121,0,1,-0.03787,-0.49151,0.07324,-5.112,8.8815,-17.0783,-0.0746,-0.0428,-0.2612,4.69155,0.1826,0.0,0.0,0.0,0.2582,0.0,0.0,0.1826,0.1826,0.0,0.0,0.3162,0.0,0.0,0.0,0.0,0.3162,0.2582,0.0
1786969234.9874,2026-08-17 14:20:34.987,121/121,0,1,-0.03787,-0.4915,0.07322,-5.2114,9.1134,-16.9763,-0.0767,-0.042,-0.2664,4.68501,0.1826,0.0,0.0,0.0,0.2582,0.0,0.0,0.1826,0.1826,0.0,0.0,0.3162,0.0,0.0,0.0,0.0,0.3162,0.2582,0.0
1786969235.0377,2026-08-17 14:20:35.037,121/121,0,1,-0.03789,-0.49151,0.07323,-4.9433,9.0537,-16.827,-0.0773,-0.03,-0.2601,4.68048,0.0,0.0,0.1826,0.1826,0.0,0.0,0.0,0.1826,0.2582,0.1826,0.0,0.3651,0.1826,0.0,0.2582,0.0,0.3162,0.0,0.0
1786969235.088,2026-08-17 14:20:35.087,121/121,0,1,-0.03789,-0.4915,0.07322,-5.0693,8.825,-17.0062,-0.0725,-0.0383,-0.2713,4.68526,0.0,0.0,0.1826,0.1826,0.0,0.0,0.0,0.1826,0.2582,0.1826,0.0,0.3651,0.1826,0.0,0.2582,0.0,0.3162,0.0,0.0
1786969235.1383,2026-08-17 14:20:35.138,121/121,0,1,-0.03788,-0.49151,0.07323,-5.2013,8.9467,-16.8537,-0.0763,-0.0436,-0.2705,4.67972,0.1826,0.1826,0.0,0.1826,0.3162,0.0,0.0,0.2582,0.0,0.1826,0.0,0.3651,0.2582,0.0,0.1826,0.0,0.2582,0.1826,0.0
1786969235.1886,2026-08-17 14:20:35.188,121/121,0,1,-0.03787,-0.49151,0.07323,-5.3263,8.8523,-16.8264,-0.071,-0.0449,-0.2725,4.67796,0.2582,0.1826,0.0,0.0,0.2582,0.0,0.0,0.0,0.2582,0.3162,0.0,0.3651,0.1826,0.0,0.3162,0.0,0.2582,0.1826,0.1826
1786969235.2388,2026-08-17 14:20:35.238,121/121,0,1,-0.03787,-0.49152,0.07323,-4.9889,8.9263,-17.0296,-0.0774,-0.0347,-0.2629,4.68148,0.2582,0.1826,0.0,0.0,0.2582,0.0,0.0,0.0,0.2582,0.3162,0.0,0.3651,0.1826,0.0,0.3162,0.0,0.2582,0.1826,0.1826
1786969235.2889,2026-08-17 14:20:35.288,121/121,0,1,-0.03786,-0.49151,0.07323,-4.9617,9.2423,-17.0381,-0.0811,-0.0344,-0.2653,4.68576,0.3162,0.1826,0.1826,0.0,0.3651,0.0,0.0,0.0,0.1826,0.2582,0.0,0.3162,0.2582,0.1826,0.2582,0.0,0.2582,0.1826,0.0
1786969235.3392,2026-08-17 14:20:35.339,121/121,0,1,-0.03787,-0.49151,0.07323,-5.0574,8.8822,-17.0282,-0.0732,-0.0394,-0.2632,4.68224,0.3162,0.1826,0.1826,0.0,0.3651,0.0,0.0,0.0,0.1826,0.2582,0.0,0.3162,0.2582,0.1826,0.2582,0.0,0.2582,0.1826,0.0
1786969235.3895,2026-08-17 14:20:35.389,121/121,0,1,-0.03788,-0.49152,0.07323,-5.2858,9.0531,-17.0489,-0.0763,-0.0459,-0.2634,4.67796,0.2582,0.2582,0.0,0.0,0.3651,0.0,0.0,0.0,0.2582,0.2582,0.0,0.3162,0.2582,0.0,0.2582,0.0,0.2582,0.0,0.1826
1786969235.4398,2026-08-17 14:20:35.439,121/121,0,1,-0.03786,-0.49151,0.07323,-5.1337,8.7996,-16.9409,-0.0727,-0.0411,-0.2683,4.68199,0.2582,0.0,0.0,0.0,0.2582,0.0,0.0,0.0,0.0,0.2582,0.0,0.3162,0.1826,0.0,0.3651,0.0,0.2582,0.1826,0.2582
1786969235.4901,2026-08-17 14:20:35.490,121/121,0,1,-0.03787,-0.4915,0.07321,-5.0394,8.8515,-17.171,-0.0705,-0.0366,-0.2604,4.68274,0.2582,0.0,0.0,0.0,0.2582,0.0,0.0,0.0,0.0,0.2582,0.0,0.3162,0.1826,0.0,0.3651,0.0,0.2582,0.1826,0.2582
1786969235.5405,2026-08-17 14:20:35.540,121/121,0,1,-0.03788,-0.4915,0.07322,-5.002,8.8569,-17.0435,-0.0752,-0.0345,-0.2641,4.68576,0.3162,0.2582,0.0,0.1826,0.3651,0.0,0.0,0.0,0.1826,0.3162,0.0,0.2582,0.0,0.0,0.3651,0.0,0.0,0.0,0.2582
1786969235.5907,2026-08-17 14:20:35.590,121/121,0,1,-0.0379,-0.49151,0.07323,-5.0263,8.4685,-17.0278,-0.0602,-0.0386,-0.2687,4.6903,0.3162,0.2582,0.0,0.1826,0.3651,0.0,0.0,0.0,0.1826,0.3162,0.0,0.2582,0.0,0.0,0.3651,0.0,0.0,0.0,0.2582
1786969235.641,2026-08-17 14:20:35.640,121/121,0,1,-0.03787,-0.49151,0.07324,-4.8064,8.7553,-17.0834,-0.0687,-0.0325,-0.2705,4.69306,0.3162,0.1826,0.0,0.1826,0.3162,0.0,0.0,0.1826,0.1826,0.2582,0.1826,0.2582,0.0,0.0,0.3162,0.1826,0.2582,0.0,0.1826
1786969235.6914,2026-08-17 14:20:35.691,121/121,0,1,-0.03786,-0.49151,0.07323,-4.957,8.8321,-17.0802,-0.0694,-0.0356,-0.2684,4.68727,0.3162,0.1826,0.0,0.1826,0.3162,0.0,0.0,0.1826,0.1826,0.2582,0.1826,0.2582,0.0,0.0,0.3162,0.1826,0.2582,0.0,0.1826
1786969235.7417,2026-08-17 14:20:35.741,121/121,0,1,-0.03787,-0.4915,0.07323,-4.6589,8.5688,-17.0747,-0.0646,-0.0286,-0.2648,4.69231,0.2582,0.1826,0.0,0.0,0.3162,0.0,0.0,0.1826,0.0,0.1826,0.0,0.3162,0.1826,0.0,0.1826,0.0,0.1826,0.1826,0.0
1786969235.792,2026-08-17 14:20:35.791,121/121,0,1,-0.03786,-0.49151,0.07323,-4.8507,8.5507,-17.2054,-0.0658,-0.0354,-0.264,4.68476,0.3162,0.2582,0.0,0.0,0.2582,0.0,0.0,0.1826,0.1826,0.1826,0.1826,0.3651,0.2582,0.0,0.2582,0.1826,0.2582,0.2582,0.1826
1786969235.8423,2026-08-17 14:20:35.842,121/121,0,1,-0.03786,-0.4915,0.07322,-4.9884,8.5337,-17.0316,-0.0656,-0.0392,-0.2662,4.684,0.3162,0.2582,0.0,0.0,0.2582,0.0,0.0,0.1826,0.1826,0.1826,0.1826,0.3651,0.2582,0.0,0.2582,0.1826,0.2582,0.2582,0.1826
1786969235.8926,2026-08-17 14:20:35.892,121/121,0,1,-0.03785,-0.49151,0.07324,-4.9975,8.6484,-16.8887,-0.069,-0.0336,-0.2678,4.68702,0.2582,0.2582,0.0,0.0,0.3162,0.0,0.0,0.0,0.1826,0.2582,0.0,0.3162,0.0,0.0,0.2582,0.0,0.2582,0.0,0.0
1786969235.943,2026-08-17 14:20:35.943,121/121,0,1,-0.03787,-0.49151,0.07324,-4.7785,8.9206,-17.0166,-0.0733,-0.032,-0.2605,4.68753,0.2582,0.2582,0.0,0.0,0.3162,0.0,0.0,0.0,0.1826,0.2582,0.0,0.3162,0.0,0.0,0.2582,0.0,0.2582,0.0,0.0
1786969235.9933,2026-08-17 14:20:35.993,121/121,0,1,-0.03787,-0.49151,0.07323,-4.8267,8.836,-17.2174,-0.0737,-0.0314,-0.262,4.68853,0.2582,0.2582,0.1826,0.0,0.3162,0.0,0.0,0.1826,0.0,0.1826,0.0,0.3162,0.1826,0.0,0.1826,0.1826,0.2582,0.0,0.0
1786969236.0437,2026-08-17 14:20:36.043,121/121,0,1,-0.03786,-0.49152,0.07324,-5.0853,8.9405,-17.0283,-0.0716,-0.0418,-0.268,4.6913,0.2582,0.1826,0.1826,0.0,0.3162,0.0,0.0,0.1826,0.1826,0.0,0.0,0.3651,0.2582,0.0,0.0,0.1826,0.3162,0.0,0.0
1786969236.094,2026-08-17 14:20:36.094,121/121,0,1,-0.03786,-0.49151,0.07323,-5.3454,8.889,-17.0501,-0.073,-0.0462,-0.2673,4.68174,0.2582,0.1826,0.1826,0.0,0.3162,0.0,0.0,0.1826,0.1826,0.0,0.0,0.3651,0.2582,0.0,0.0,0.1826,0.3162,0.0,0.0
