timestamp,datetime,ur5_point,ur5_pressing,ur5_done,tcp_x,tcp_y,tcp_z,fx,fy,fz,tx,ty,tz,ai0,cell_1,cell_2,cell_3,cell_4,cell_5,cell_6,cell_7,cell_8,cell_9,cell_10,cell_11,cell_12,cell_13,cell_14,cell_15,cell_16,cell_17,cell_18,cell_19
1781199193.721,2026-06-11 19:33:13.721,,0,0,0.0,0.0,0.0,0.0,0.0,0.0,0.0,0.0,0.0,0.0,0.2582,0.0,0.0,0.0,0.3162,0.0,0.0,0.0,0.0,0.0,0.0,0.0,0.0,0.0,0.0,0.0,0.1826,0.0,0.2582
1781199193.7713,2026-06-11 19:33:13.771,,0,0,0.0,0.0,0.0,0.0,0.0,0.0,0.0,0.0,0.0,0.0,0.1826,0.0,0.0,0.0,0.3162,0.0,0.0,0.0,0.0,0.0,0.0,0.0,0.1826,0.1826,0.0,0.0,0.0,0.0,0.1826
1781199193.8215,2026-06-11 19:33:13.821,,0,0,0.0,0.0,0.0,0.0,0.0,0.0,0.0,0.0,0.0,0.0,0.1826,0.0,0.0,0.0,0.2582,0.0,0.0,0.0,0.0,0.0,0.0,0.0,0.0,0.1826,0.0,0.0,0.0,0.0,0.0
1781199193.8719,2026-06-11 19:33:13.871,,0,0,0.0,0.0,0.0,0.0,0.0,0.0,0.0,0.0,0.0,0.0,0.1826,0.0,0.0,0.0,0.2582,0.0,0.0,0.0,0.0,0.0,0.0,0.0,0.0,0.1826,0.0,0.0,0.0,0.0,0.0
1781199193.9222,2026-06-11 19:33:13.922,,0,0,0.0,0.0,0.0,0.0,0.0,0.0,0.0,0.0,0.0,0.0,0.1826,0.0,0.0,0.0,0.3162,0.0,0.1826,0.0,0.1826,0.2582,0.0,0.0,0.0,0.0,0.0,0.0,0.2582,0.0,0.2582
1781199193.9726,2026-06-11 19:33:13.972,,0,0,0.0,0.0,0.0,0.0,0.0,0.0,0.0,0.0,0.0,0.0,0.1826,0.0,0.0,0.0,0.3162,0.0,0.1826,0.0,0.1826,0.2582,0.0,0.0,0.0,0.0,0.0,0.0,0.2582,0.0,0.2582
1781199194.0228,2026-06-11 19:33:14.022,,0,0,0.0,0.0,0.0,0.0,0.0,0.0,0.0,0.0,0.0,0.0,0.1826,0.0,0.0,0.0,0.3162,0.0,0.0,0.1826,0.1826,0.0,0.0,0.0,0.0,0.0,0.0,0.0,0.0,0.0,0.1826
1781199194.0731,2026-06-11 19:33:14.073,,0,0,0.0,0.0,0.0,0.0,0.0,0.0,0.0,0.0,0.0,0.0,0.1826,0.0,0.0,0.0,0.2582,0.0,0.1826,0.0,0.1826,0.0,0.0,0.0,0.0,0.3162,0.0,0.0,0.0,0.0,0.1826
1781199194.1234,2026-06-11 19:33:14.123,,0,0,0.0,0.0,0.0,0.0,0.0,0.0,0.0,0.0,0.0,0.0,0.1826,0.0,0.0,0.0,0.2582,0.0,0.1826,0.0,0.1826,0.0,0.0,0.0,0.0,0.3162,0.0,0.0,0.0,0.0,0.1826
1781199194.1737,2026-06-11 19:33:14.173,,0,0,0.0,0.0,0.0,0.0,0.0,0.0,0.0,0.0,0.0,0.0,0.1826,0.0,0.0,0.2582,0.2582,0.0,0.0,0.0,0.1826,0.1826,0.0,0.0,0.0,0.0,0.1826,0.0,0.0,0.0,0.2582
1781199194.2241,2026-06-11 19:33:14.224,,0,0,0.0,0.0,0.0,0.0,0.0,0.0,0.0,0.0,0.0,0.0,0.1826,0.0,0.0,0.2582,0.2582,0.0,0.0,0.0,0.1826,0.1826,0.0,0.0,0.0,0.0,0.1826,0.0,0.0,0.0,0.2582
1781199194.2744,2026-06-11 19:33:14.274,,0,0,0.0,0.0,0.0,0.0,0.0,0.0,0.0,0.0,0.0,0.0,0.0,0.0,0.0,0.0,0.3162,0.0,0.0,0.0,0.0,0.2582,0.0,0.0,0.0,0.0,0.0,0.0,0.2582,0.0,0.3162
1781199194.3247,2026-06-11 19:33:14.324,,0,0,0.0,0.0,0.0,0.0,0.0,0.0,0.0,0.0,0.0,0.0,0.2582,0.0,0.0,0.0,0.3162,0.0,0.0,0.1826,0.0,0.0,0.0,0.0,0.0,0.0,0.0,0.0,0.0,0.0,0.1826
1781199194.3751,2026-06-11 19:33:14.375,,0,0,0.0,0.0,0.0,0.0,0.0,0.0,0.0,0.0,0.0,0.0,0.2582,0.0,0.0,0.0,0.3162,0.0,0.0,0.1826,0.0,0.0,0.0,0.0,0.0,0.0,0.0,0.0,0.0,0.0,0.1826
1781199194.4254,2026-06-11 19:33:14.425,,0,0,0.0,0.0,0.0,0.0,0.0,0.0,0.0,0.0,0.0,0.0,0.0,0.0,0.0,0.0,0.3162,0.0,0.0,0.0,0.1826,0.1826,0.0,0.0,0.0,0.0,0.1826,0.0,0.1826,0.0,0.2582
1781199194.4757,2026-06-11 19:33:14.475,,0,0,0.0,0.0,0.0,0.0,0.0,0.0,0.0,0.0,0.0,0.0,0.0,0.0,0.0,0.0,0.3162,0.0,0.0,0.0,0.1826,0.1826,0.0,0.0,0.0,0.0,0.1826,0.0,0.1826,0.0,0.2582
1781199194.526,2026-06-11 19:33:14.526,,0,0,0.0,0.0,0.0,0.0,0.0,0.0,0.0,0.0,0.0,0.0,0.1826,0.0,0.0,0.0,0.3162,0.0,0.0,0.0,0.0,0.0,0.0,0.0,0.0,0.0,0.0,0.0,0.0,0.0,0.0
1781199194.5763,2026-06-11 19:33:14.576,,0,0,0.0,0.0,0.0,0.0,0.0,0.0,0.0,0.0,0.0,0.0,0.0,0.0,0.0,0.0,0.1826,0.1826,0.0,0.0,0.1826,0.2582,0.0,0.0,0.0,0.0,0.1826,0.0,0.0,0.0,0.2582
1781199194.6266,2026-06-11 19:33:14.626,,0,0,0.0,0.0,0.0,0.0,0.0,0.0,0.0,0.0,0.0,0.0,0.0,0.0,0.0,0.0,0.1826,0.1826,0.0,0.0,0.1826,0.2582,0.0,0.0,0.0,0.0,0.1826,0.0,0.0,0.0,0.2582
1781199194.6769,2026-06-11 19:33:14.676,,0,0,0.0,0.0,0.0,0.0,0.0,0.0,0.0,0.0,0.0,0.0,0.1826,0.0,0.0,0.0,0.2582,0.0,0.0,0.0,0.1826,0.1826,0.0,0.0,0.0,0.0,0.1826,0.0,0.0,0.0,0.2582
1781199194.7272,2026-06-11 19:33:14.727,,0,0,0.0,0.0,0.0,0.0,0.0,0.0,0.0,0.0,0.0,0.0,0.1826,0.0,0.0,0.0,0.2582,0.0,0.0,0.0,0.1826,0.1826,0.0,0.0,0.0,0.0,0.1826,0.0,0.0,0.0,0.2582
1781199194.7776,2026-06-11 19:33:14.777,,0,0,0.0,0.0,0.0,0.0,0.0,0.0,0.0,0.0,0.0,0.0,0.0,0.0,0.0,0.0,0.2582,0.0,0.1826,0.0,0.1826,0.2582,0.0,0.0,0.0,0.0,0.1826,0.0,0.1826,0.0,0.2582
1781199194.8278,2026-06-11 19:33:14.827,,0,0,0.0,0.0,0.0,0.0,0.0,0.0,0.0,0.0,0.0,0.0,0.3162,0.0,0.0,0.0,0.3651,0.0,0.1826,0.0,0.0,0.1826,0.0,0.0,0.0,0.0,0.0,0.0,0.1826,0.0,0.2582
1781199194.8781,2026-06-11 19:33:14.878,,0,0,0.0,0.0,0.0,0.0,0.0,0.0,0.0,0.0,0.0,0.0,0.3162,0.0,0.0,0.0,0.3651,0.0,0.1826,0.0,0.0,0.1826,0.0,0.0,0.0,0.0,0.0,0.0,0.1826,0.0,0.2582
1781199194.9283,2026-06-11 19:33:14.928,,0,0,0.0,0.0,0.0,0.0,0.0,0.0,0.0,0.0,0.0,0.0,0.1826,0.0,0.0,0.0,0.2582,0.0,0.1826,0.0,0.0,0.0,0.0,0.0,0.1826,0.0,0.0,0.0,0.0,0.0,0.1826
1781199194.9786,2026-06-11 19:33:14.978,,0,0,0.0,0.0,0.0,0.0,0.0,0.0,0.0,0.0,0.0,0.0,0.1826,0.0,0.0,0.0,0.2582,0.0,0.1826,0.0,0.0,0.0,0.0,0.0,0.1826,0.0,0.0,0.0,0.0,0.0,0.1826
1781199195.0289,2026-06-11 19:33:15.028,,0,0,0.0,0.0,0.0,0.0,0.0,0.0,0.0,0.0,0.0,0.0,0.1826,0.0,0.0,0.0,0.2582,0.0,0.0,0.0,0.1826,0.1826,0.0,0.0,0.0,0.0,0.0,0.0,0.0,0.0,0.2582
1781199195.0792,2026-06-11 19:33:15.079,,0,0,0.0,0.0,0.0,0.0,0.0,0.0,0.0,0.0,0.0,0.0,0.1826,0.0,0.0,0.0,0.2582,0.0,0.0,0.0,0.1826,0.1826,0.0,0.0,0.0,0.0,0.0,0.0,0.0,0.0,0.2582
1781199195.1295,2026-06-11 19:33:15.129,,0,0,0.0,0.0,0.0,0.0,0.0,0.0,0.0,0.0,0.0,0.0,0.2582,0.0,0.0,0.0,0.3162,0.0,0.0,0.0,0.0,0.1826,0.0,0.0,0.0,0.0,0.1826,0.0,0.0,0.0,0.2582
1781199195.1799,2026-06-11 19:33:15.179,,0,0,0.0,0.0,0.0,0.0,0.0,0.0,0.0,0.0,0.0,0.0,0.2582,0.0,0.2582,0.0,0.3162,0.0,0.2582,0.0,0.0,0.2582,0.0,0.0,0.1826,0.0,0.0,0.0,0.3162,0.0,0.2582
1781199195.2302,2026-06-11 19:33:15.230,,0,0,0.0,0.0,0.0,0.0,0.0,0.0,0.0,0.0,0.0,0.0,0.2582,0.0,0.2582,0.0,0.3162,0.0,0.2582,0.0,0.0,0.2582,0.0,0.0,0.1826,0.0,0.0,0.0,0.3162,0.0,0.2582
1781199195.2805,2026-06-11 19:33:15.280,,0,0,0.0,0.0,0.0,0.0,0.0,0.0,0.0,0.0,0.0,0.0,0.2582,0.0,0.0,0.0,0.3162,0.0,0.0,0.1826,0.0,0.1826,0.0,0.0,0.2582,0.0,0.1826,0.0,0.0,0.0,0.2582
1781199195.3308,2026-06-11 19:33:15.330,,0,0,0.0,0.0,0.0,0.0,0.0,0.0,0.0,0.0,0.0,0.0,0.2582,0.0,0.0,0.0,0.3162,0.0,0.0,0.1826,0.0,0.1826,0.0,0.0,0.2582,0.0,0.1826,0.0,0.0,0.0,0.2582
1781199195.3811,2026-06-11 19:33:15.381,,0,0,0.0,0.0,0.0,0.0,0.0,0.0,0.0,0.0,0.0,0.0,0.2582,0.0,0.0,0.0,0.3162,0.0,0.0,0.0,0.0,0.2582,0.0,0.0,0.0,0.0,0.1826,0.0,0.0,0.0,0.2582
1781199195.4315,2026-06-11 19:33:15.431,,0,0,0.0,0.0,0.0,0.0,0.0,0.0,0.0,0.0,0.0,0.0,0.2582,0.0,0.0,0.0,0.3162,0.0,0.1826,0.0,0.0,0.2582,0.0,0.0,0.0,0.0,0.2582,0.0,0.0,0.0,0.3651
1781199195.4818,2026-06-11 19:33:15.481,,0,0,0.0,0.0,0.0,0.0,0.0,0.0,0.0,0.0,0.0,0.0,0.2582,0.0,0.0,0.0,0.3162,0.0,0.1826,0.0,0.0,0.2582,0.0,0.0,0.0,0.0,0.2582,0.0,0.0,0.0,0.3651
1781199195.5321,2026-06-11 19:33:15.532,,0,0,0.0,0.0,0.0,0.0,0.0,0.0,0.0,0.0,0.0,0.0,0.3162,0.0,0.1826,0.0,0.3651,0.0,0.2582,0.0,0.1826,0.2582,0.0,0.0,0.1826,0.0,0.2582,0.0,0.2582,0.0,0.3162
1781199195.5823,2026-06-11 19:33:15.582,,0,0,0.0,0.0,0.0,0.0,0.0,0.0,0.0,0.0,0.0,0.0,0.3162,0.0,0.1826,0.0,0.3651,0.0,0.2582,0.0,0.1826,0.2582,0.0,0.0,0.1826,0.0,0.2582,0.0,0.2582,0.0,0.3162
1781199195.6326,2026-06-11 19:33:15.632,,0,0,0.0,0.0,0.0,0.0,0.0,0.0,0.0,0.0,0.0,0.0,0.1826,0.0,0.0,0.0,0.3651,0.0,0.1826,0.0,0.0,0.2582,0.0,0.0,0.1826,0.0,0.2582,0.0,0.1826,0.0,0.2582
1781199195.6829,2026-06-11 19:33:15.682,,0,0,0.0,0.0,0.0,0.0,0.0,0.0,0.0,0.0,0.0,0.0,0.1826,0.0,0.1826,0.0,0.3651,0.0,0.1826,0.0,0.1826,0.2582,0.0,0.0,0.0,0.0,0.0,0.0,0.2582,0.0,0.2582
1781199195.7332,2026-06-11 19:33:15.733,,0,0,0.0,0.0,0.0,0.0,0.0,0.0,0.0,0.0,0.0,0.0,0.1826,0.0,0.1826,0.0,0.3651,0.0,0.1826,0.0,0.1826,0.2582,0.0,0.0,0.0,0.0,0.0,0.0,0.2582,0.0,0.2582
1781199195.7834,2026-06-11 19:33:15.783,,0,0,0.0,0.0,0.0,0.0,0.0,0.0,0.0,0.0,0.0,0.0,0.1826,0.0,0.1826,0.0,0.3162,0.0,0.2582,0.0,0.0,0.1826,0.0,0.0,0.1826,0.0,0.1826,0.0,0.3162,0.0,0.2582
1781199195.8337,2026-06-11 19:33:15.833,,0,0,0.0,0.0,0.0,0.0,0.0,0.0,0.0,0.0,0.0,0.0,0.1826,0.0,0.1826,0.0,0.3162,0.0,0.2582,0.0,0.0,0.1826,0.0,0.0,0.1826,0.0,0.1826,0.0,0.3162,0.0,0.2582
1781199195.884,2026-06-11 19:33:15.884,,0,0,0.0,0.0,0.0,0.0,0.0,0.0,0.0,0.0,0.0,0.0,0.2582,0.0,0.0,0.0,0.3162,0.0,0.1826,0.2582,0.0,0.1826,0.0,0.0,0.0,0.0,0.1826,0.0,0.1826,0.0,0.2582
1781199195.9343,2026-06-11 19:33:15.934,,0,0,0.0,0.0,0.0,0.0,0.0,0.0,0.0,0.0,0.0,0.0,0.2582,0.0,0.0,0.0,0.3162,0.0,0.1826,0.0,0.1826,0.0,0.0,0.1826,0.0,0.0,0.0,0.0,0.2582,0.0,0.2582
1781199195.9847,2026-06-11 19:33:15.984,,0,0,0.0,0.0,0.0,0.0,0.0,0.0,0.0,0.0,0.0,0.0,0.2582,0.0,0.0,0.0,0.3162,0.0,0.1826,0.0,0.1826,0.0,0.0,0.1826,0.0,0.0,0.0,0.0,0.2582,0.0,0.2582
1781199196.0516,2026-06-11 19:33:16.051,,0,0,0.0,0.0,0.0,0.0,0.0,0.0,0.0,0.0,0.0,0.0,0.2582,0.0,0.0,0.0,0.3162,0.0,0.1826,0.0,0.1826,0.0,0.0,0.1826,0.0,0.0,0.0,0.0,0.2582,0.0,0.2582
1781199197.4212,2026-06-11 19:33:17.421,,0,0,-0.03945,-0.49605,0.07952,-3.4025,5.24,-13.6875,-0.0249,-0.0289,-0.382,4.68778,0.2582,0.0,0.0,0.0,0.3162,0.0,0.1826,0.0,0.1826,0.0,0.0,0.1826,0.0,0.0,0.0,0.0,0.2582,0.0,0.2582
1781199197.4715,2026-06-11 19:33:17.471,,0,0,-0.03944,-0.49605,0.07953,-3.7555,5.4154,-13.4546,-0.0287,-0.0392,-0.3831,4.68249,0.1826,0.0,0.0,0.0,0.2582,0.0,0.0,0.1826,0.1826,0.1826,0.0,0.0,0.2582,0.1826,0.1826,0.0,0.0,0.2582,0.1826
1781199197.5216,2026-06-11 19:33:17.521,,0,0,-0.03946,-0.49606,0.07954,-3.7118,5.2194,-13.3858,-0.023,-0.0311,-0.3837,4.68904,0.1826,0.0,0.0,0.0,0.2582,0.0,0.0,0.1826,0.1826,0.1826,0.0,0.0,0.2582,0.1826,0.1826,0.0,0.0,0.2582,0.1826
1781199197.5718,2026-06-11 19:33:17.571,,0,0,-0.0395,-0.49607,0.07949,-3.6233,5.2741,-13.6029,-0.0266,-0.034,-0.3984,4.68879,0.2582,0.0,0.0,0.0,0.3651,0.0,0.1826,0.0,0.1826,0.0,0.0,0.0,0.0,0.0,0.0,0.0,0.0,0.0,0.2582
1781199197.622,2026-06-11 19:33:17.621,,0,0,-0.03961,-0.49608,0.07925,-3.4742,5.0177,-13.7019,-0.0203,-0.0306,-0.5005,4.68425,0.1826,0.0,0.0,0.0,0.2582,0.0,0.0,0.0,0.1826,0.2582,0.0,0.0,0.0,0.0,0.0,0.0,0.0,0.0,0.2582
1781199197.6723,2026-06-11 19:33:17.672,,0,0,-0.03992,-0.49609,0.0788,-4.0846,5.5003,-13.725,-0.0292,-0.0537,-0.5645,4.6845,0.1826,0.0,0.0,0.0,0.2582,0.0,0.0,0.0,0.1826,0.2582,0.0,0.0,0.0,0.0,0.0,0.0,0.0,0.0,0.2582
1781199197.7226,2026-06-11 19:33:17.722,,0,0,-0.0405,-0.49611,0.0778,-3.744,5.0809,-13.7728,-0.0236,-0.0427,-0.5324,4.68576,0.1826,0.0,0.1826,0.1826,0.3651,0.0,0.1826,0.0,0.0,0.0,0.0,0.0,0.1826,0.0,0.0,0.0,0.1826,0.0,0.0
1781199197.7729,2026-06-11 19:33:17.772,,0,0,-0.04124,-0.4961,0.07635,-3.4913,5.1785,-13.6294,-0.022,-0.0375,-0.5176,4.68954,0.1826,0.0,0.1826,0.1826,0.3651,0.0,0.1826,0.0,0.0,0.0,0.0,0.0,0.1826,0.0,0.0,0.0,0.1826,0.0,0.0
1781199197.8233,2026-06-11 19:33:17.823,,0,0,-0.04242,-0.49606,0.07403,-3.8028,5.3797,-13.3479,-0.0303,-0.0469,-0.5163,4.68299,0.1826,0.0,0.0,0.0,0.3162,0.0,0.1826,0.0,0.1826,0.0,0.0,0.0,0.0,0.0,0.0,0.0,0.2582,0.0,0.2582
1781199197.8736,2026-06-11 19:33:17.873,,0,0,-0.04401,-0.49603,0.07091,-3.7633,5.6103,-13.263,-0.0373,-0.045,-0.5164,4.6835,0.1826,0.0,0.0,0.0,0.2582,0.0,0.2582,0.1826,0.1826,0.1826,0.0,0.0,0.2582,0.0,0.0,0.0,0.1826,0.0,0.2582
1781199197.9239,2026-06-11 19:33:17.923,,0,0,-0.04583,-0.49606,0.06757,-3.9498,5.5056,-13.4201,-0.0324,-0.047,-0.5146,4.69332,0.1826,0.0,0.0,0.0,0.2582,0.0,0.2582,0.1826,0.1826,0.1826,0.0,0.0,0.2582,0.0,0.0,0.0,0.1826,0.0,0.2582
1781199197.9742,2026-06-11 19:33:17.974,,0,0,-0.04773,-0.49611,0.06419,-3.8404,5.5189,-13.4424,-0.0296,-0.0444,-0.5142,4.69105,0.0,0.0,0.1826,0.1826,0.2582,0.0,0.1826,0.1826,0.1826,0.1826,0.0,0.0,0.1826,0.0,0.1826,0.0,0.2582,0.0,0.2582
1781199198.0244,2026-06-11 19:33:18.024,,0,0,-0.04953,-0.49613,0.06077,-3.8072,5.2361,-13.6025,-0.0227,-0.0411,-0.5143,4.6845,0.0,0.0,0.1826,0.1826,0.2582,0.0,0.1826,0.1826,0.1826,0.1826,0.0,0.0,0.1826,0.0,0.1826,0.0,0.2582,0.0,0.2582
1781199198.0748,2026-06-11 19:33:18.074,,0,0,-0.05159,-0.49613,0.05674,-3.4335,4.9519,-13.7646,-0.0189,-0.0322,-0.5044,4.68602,0.1826,0.0,0.1826,0.0,0.3162,0.0,0.2582,0.0,0.1826,0.2582,0.0,0.0,0.0,0.1826,0.1826,0.0,0.2582,0.0,0.2582
1781199198.125,2026-06-11 19:33:18.125,,0,0,-0.05308,-0.49616,0.05407,-3.6356,4.9251,-13.8259,-0.0177,-0.0349,-0.5054,4.68954,0.2582,0.0,0.0,0.1826,0.3162,0.0,0.0,0.1826,0.1826,0.2582,0.0,0.0,0.1826,0.0,0.2582,0.0,0.0,0.0,0.3162
1781199198.1753,2026-06-11 19:33:18.175,,0,0,-0.05414,-0.49613,0.05207,-3.7342,5.3864,-13.8418,-0.0266,-0.0398,-0.5041,4.67645,0.2582,0.0,0.0,0.1826,0.3162,0.0,0.0,0.1826,0.1826,0.2582,0.0,0.0,0.1826,0.0,0.2582,0.0,0.0,0.0,0.3162
1781199198.2256,2026-06-11 19:33:18.225,,0,0,-0.05494,-0.49608,0.05055,-3.8016,5.1891,-13.6055,-0.0215,-0.0401,-0.498,4.68425,0.3651,0.0,0.0,0.0,0.3651,0.0,0.1826,0.0,0.1826,0.2582,0.0,0.0,0.0,0.1826,0.0,0.0,0.2582,0.1826,0.2582
1781199198.276,2026-06-11 19:33:18.275,,0,0,-0.05536,-0.49604,0.04968,-3.7877,5.3336,-13.7203,-0.0234,-0.0418,-0.501,4.69432,0.3651,0.0,0.0,0.0,0.3651,0.0,0.1826,0.0,0.1826,0.2582,0.0,0.0,0.0,0.1826,0.0,0.0,0.2582,0.1826,0.2582
1781199198.3263,2026-06-11 19:33:18.326,,0,0,-0.0554,-0.49605,0.04951,-3.6548,5.6151,-13.6313,-0.0322,-0.0356,-0.4944,4.69483,0.1826,0.0,0.0,0.1826,0.3651,0.0,0.1826,0.2582,0.1826,0.1826,0.0,0.0,0.1826,0.0,0.2582,0.0,0.1826,0.0,0.3651
1781199198.3766,2026-06-11 19:33:18.376,,0,0,-0.05542,-0.49605,0.04931,-3.4825,5.361,-13.7826,-0.028,-0.0325,-0.499,4.68879,0.1826,0.0,0.0,0.1826,0.3651,0.0,0.1826,0.2582,0.1826,0.1826,0.0,0.0,0.1826,0.0,0.2582,0.0,0.1826,0.0,0.3651
1781199198.4269,2026-06-11 19:33:18.426,,0,0,-0.05542,-0.49606,0.04907,-3.9383,5.5415,-13.592,-0.0272,-0.0464,-0.4971,4.69206,0.1826,0.0,0.3162,0.1826,0.3162,0.0,0.1826,0.0,0.1826,0.3162,0.0,0.2582,0.1826,0.1826,0.2582,0.0,0.3651,0.1826,0.3162
1781199198.4772,2026-06-11 19:33:18.477,,0,0,-0.05542,-0.49607,0.04891,-3.6601,5.0894,-13.5549,-0.0193,-0.0387,-0.4974,4.68727,0.2582,0.0,0.0,0.2582,0.3162,0.0,0.1826,0.1826,0.2582,0.2582,0.0,0.0,0.2582,0.1826,0.3162,0.2582,0.1826,0.2582,0.3651
1781199198.5275,2026-06-11 19:33:18.527,,0,0,-0.05543,-0.49608,0.04875,-3.4241,4.7735,-13.7449,-0.0123,-0.034,-0.493,4.68803,0.2582,0.0,0.0,0.2582,0.3162,0.0,0.1826,0.1826,0.2582,0.2582,0.0,0.0,0.2582,0.1826,0.3162,0.2582,0.1826,0.2582,0.3651
1781199198.5778,2026-06-11 19:33:18.577,,0,0,-0.05543,-0.49608,0.04854,-3.7816,5.1293,-13.56,-0.02,-0.0412,-0.4993,4.68652,0.3651,0.0,0.0,0.2582,0.3651,0.0,0.1826,0.1826,0.3162,0.2582,0.0,0.0,0.1826,0.0,0.3162,0.0,0.2582,0.0,0.3162
1781199198.628,2026-06-11 19:33:18.628,,0,0,-0.05545,-0.49608,0.04836,-3.3328,4.8901,-13.7096,-0.0174,-0.0328,-0.4819,4.68627,0.3651,0.0,0.0,0.2582,0.3651,0.0,0.1826,0.1826,0.3162,0.2582,0.0,0.0,0.1826,0.0,0.3162,0.0,0.2582,0.0,0.3162
1781199198.6783,2026-06-11 19:33:18.678,,0,0,-0.05547,-0.49607,0.04818,-4.0417,5.0696,-13.4463,-0.0144,-0.048,-0.4981,4.69357,0.2582,0.0,0.0,0.1826,0.4082,0.1826,0.2582,0.0,0.2582,0.3162,0.1826,0.0,0.0,0.2582,0.2582,0.1826,0.3162,0.0,0.3651
1781199198.7286,2026-06-11 19:33:18.728,,0,0,-0.05547,-0.49607,0.04794,-3.8965,5.2106,-13.5928,-0.0238,-0.0406,-0.4941,4.69382,0.2582,0.0,0.0,0.1826,0.4082,0.0,0.1826,0.1826,0.2582,0.2582,0.0,0.0,0.2582,0.0,0.2582,0.1826,0.2582,0.1826,0.3651
1781199198.779,2026-06-11 19:33:18.778,,0,0,-0.05547,-0.49607,0.04771,-3.8031,5.7628,-13.5664,-0.034,-0.0446,-0.4934,4.68476,0.2582,0.0,0.0,0.1826,0.4082,0.0,0.1826,0.1826,0.2582,0.2582,0.0,0.0,0.2582,0.0,0.2582,0.1826,0.2582,0.1826,0.3651
1781199198.8293,2026-06-11 19:33:18.829,,0,0,-0.05547,-0.49606,0.0475,-3.729,5.3186,-13.595,-0.0232,-0.0387,-0.4905,4.6845,0.2582,0.0,0.1826,0.1826,0.3651,0.0,0.3162,0.1826,0.3162,0.3162,0.0,0.0,0.2582,0.0,0.3162,0.0,0.2582,0.0,0.3651
1781199198.8795,2026-06-11 19:33:18.879,,0,0,-0.05544,-0.49607,0.04733,-3.7721,5.2353,-13.3809,-0.0228,-0.0391,-0.4901,4.68048,0.2582,0.0,0.1826,0.1826,0.3651,0.0,0.3162,0.1826,0.3162,0.3162,0.0,0.0,0.2582,0.0,0.3162,0.0,0.2582,0.0,0.3651
1781199198.9298,2026-06-11 19:33:18.929,,0,0,-0.05547,-0.49607,0.04713,-3.6078,5.0497,-13.4739,-0.019,-0.0338,-0.4896,4.684,0.3651,0.0,0.1826,0.0,0.4082,0.0,0.1826,0.2582,0.1826,0.1826,0.0,0.0,0.2582,0.0,0.1826,0.1826,0.2582,0.0,0.3651
1781199198.9801,2026-06-11 19:33:18.980,,0,0,-0.05545,-0.49606,0.04691,-3.3763,4.9092,-13.537,-0.0166,-0.0327,-0.4861,4.68098,0.2582,0.0,0.0,0.1826,0.3651,0.1826,0.2582,0.1826,0.3162,0.3162,0.0,0.0,0.1826,0.0,0.3162,0.0,0.1826,0.0,0.3162
1781199199.0304,2026-06-11 19:33:19.030,,0,0,-0.05544,-0.49605,0.04671,-3.87,5.001,-13.5264,-0.0154,-0.0415,-0.491,4.6903,0.2582,0.0,0.0,0.1826,0.3651,0.1826,0.2582,0.1826,0.3162,0.3162,0.0,0.0,0.1826,0.0,0.3162,0.0,0.1826,0.0,0.3162
1781199199.0807,2026-06-11 19:33:19.080,,0,0,-0.05545,-0.49607,0.04652,-3.3535,4.8162,-13.4673,-0.0143,-0.0293,-0.4872,4.69105,0.2582,0.0,0.0,0.1826,0.3651,0.0,0.1826,0.1826,0.1826,0.3162,0.0,0.0,0.1826,0.1826,0.3651,0.1826,0.1826,0.0,0.4472
1781199199.131,2026-06-11 19:33:19.131,,0,0,-0.05547,-0.49606,0.04635,-3.952,5.1122,-13.5428,-0.0194,-0.0451,-0.4908,4.68073,0.2582,0.0,0.0,0.1826,0.3651,0.0,0.1826,0.1826,0.1826,0.3162,0.0,0.0,0.1826,0.1826,0.3651,0.1826,0.1826,0.0,0.4472
1781199199.1813,2026-06-11 19:33:19.181,,0,0,-0.05545,-0.49607,0.04611,-3.4324,5.057,-13.6654,-0.0214,-0.0296,-0.4891,4.68249,0.3162,0.0,0.0,0.2582,0.3651,0.0,0.0,0.1826,0.1826,0.3162,0.0,0.0,0.2582,0.2582,0.3162,0.0,0.0,0.2582,0.4082
1781199199.2315,2026-06-11 19:33:19.231,,0,0,-0.05546,-0.49607,0.04593,-3.6332,5.0179,-13.5309,-0.0178,-0.0389,-0.483,4.69004,0.3162,0.0,0.0,0.1826,0.3651,0.0,0.1826,0.0,0.2582,0.3162,0.0,0.0,0.2582,0.0,0.3162,0.0,0.1826,0.0,0.4082
1781199199.2818,2026-06-11 19:33:19.281,,0,0,-0.05545,-0.49607,0.04574,-3.866,5.3584,-13.7038,-0.0255,-0.0427,-0.4865,4.68249,0.3162,0.0,0.0,0.1826,0.3651,0.0,0.1826,0.0,0.2582,0.3162,0.0,0.0,0.2582,0.0,0.3162,0.0,0.1826,0.0,0.4082
1781199199.3321,2026-06-11 19:33:19.332,,0,0,-0.05546,-0.49606,0.04553,-3.3222,4.6392,-13.7118,-0.0065,-0.0263,-0.4837,4.68551,0.3162,0.0,0.1826,0.2582,0.3651,0.0,0.1826,0.1826,0.1826,0.1826,0.0,0.0,0.0,0.2582,0.2582,0.2582,0.2582,0.3162,0.4082
1781199199.3824,2026-06-11 19:33:19.382,,0,0,-0.05544,-0.49606,0.04533,-3.9482,5.2073,-13.6309,-0.0212,-0.046,-0.4889,4.69181,0.3162,0.0,0.1826,0.2582,0.3651,0.0,0.1826,0.1826,0.1826,0.1826,0.0,0.0,0.0,0.2582,0.2582,0.2582,0.2582,0.3162,0.4082
1781199199.4327,2026-06-11 19:33:19.432,,0,0,-0.05546,-0.49607,0.04512,-3.8016,4.8655,-13.4967,-0.0137,-0.045,-0.4877,4.69281,0.2582,0.0,0.0,0.1826,0.3162,0.0,0.2582,0.1826,0.2582,0.2582,0.0,0.0,0.1826,0.2582,0.3651,0.1826,0.2582,0.2582,0.4082
1781199199.483,2026-06-11 19:33:19.482,,0,0,-0.05547,-0.49607,0.04497,-3.6618,5.4709,-13.5648,-0.0275,-0.0386,-0.4848,4.68299,0.3162,0.0,0.0,0.0,0.4082,0.0,0.2582,0.3162,0.1826,0.2582,0.0,0.0,0.2582,0.3162,0.2582,0.2582,0.2582,0.3651,0.4082
1781199199.5333,2026-06-11 19:33:19.533,,0,0,-0.05547,-0.49607,0.04472,-3.7512,5.0739,-13.4767,-0.0212,-0.0388,-0.4889,4.68501,0.3162,0.0,0.0,0.0,0.4082,0.0,0.2582,0.3162,0.1826,0.2582,0.0,0.0,0.2582,0.3162,0.2582,0.2582,0.2582,0.3651,0.4082
1781199199.5836,2026-06-11 19:33:19.583,,0,0,-0.05546,-0.49606,0.0445,-3.8026,5.1443,-13.4488,-0.0191,-0.0441,-0.4911,4.68853,0.1826,0.0,0.0,0.3162,0.3651,0.1826,0.2582,0.1826,0.4082,0.4082,0.1826,0.0,0.2582,0.3162,0.3651,0.2582,0.2582,0.3162,0.4472
1781199199.6339,2026-06-11 19:33:19.633,,0,0,-0.05546,-0.49608,0.0443,-3.5936,5.1245,-13.4885,-0.0206,-0.0368,-0.4828,4.68073,0.1826,0.0,0.0,0.3162,0.3651,0.1826,0.2582,0.1826,0.4082,0.4082,0.1826,0.0,0.2582,0.3162,0.3651,0.2582,0.2582,0.3162,0.4472
1781199199.6842,2026-06-11 19:33:19.684,,0,0,-0.05548,-0.49607,0.04412,-3.6221,5.0614,-13.3657,-0.0196,-0.0371,-0.487,4.68425,0.3162,0.0,0.2582,0.2582,0.4472,0.0,0.3162,0.1826,0.3162,0.2582,0.0,0.0,0.1826,0.1826,0.3651,0.2582,0.3651,0.2582,0.4472
1781199199.7345,2026-06-11 19:33:19.734,,0,0,-0.05546,-0.49607,0.04394,-3.954,5.1791,-13.3719,-0.0197,-0.0466,-0.4853,4.67645,0.3162,0.0,0.1826,0.2582,0.4082,0.1826,0.1826,0.3162,0.2582,0.3651,0.0,0.0,0.3162,0.3162,0.3651,0.3162,0.3162,0.3651,0.4472
1781199199.7848,2026-06-11 19:33:19.784,,0,0,-0.05544,-0.49605,0.0437,-3.9464,5.2029,-13.639,-0.0206,-0.044,-0.4886,4.6762,0.3162,0.0,0.1826,0.2582,0.4082,0.1826,0.1826,0.3162,0.2582,0.3651,0.0,0.0,0.3162,0.3162,0.3651,0.3162,0.3162,0.3651,0.4472
1781199199.8352,2026-06-11 19:33:19.835,,0,0,-0.05547,-0.49606,0.04352,-3.8268,5.158,-13.4291,-0.021,-0.0434,-0.4848,4.66764,0.3162,0.1826,0.0,0.2582,0.4082,0.2582,0.2582,0.0,0.3162,0.4082,0.1826,0.0,0.2582,0.2582,0.4082,0.3162,0.1826,0.3162,0.483
1781199199.8855,2026-06-11 19:33:19.885,,0,0,-0.05547,-0.49608,0.04333,-3.5312,4.9786,-13.3884,-0.0154,-0.0334,-0.4826,4.65026,0.3162,0.1826,0.0,0.2582,0.4082,0.2582,0.2582,0.0,0.3162,0.4082,0.1826,0.0,0.2582,0.2582,0.4082,0.3162,0.1826,0.3162,0.483
1781199199.9358,2026-06-11 19:33:19.935,,0,0,-0.05546,-0.49607,0.04312,-3.5109,5.1175,-13.2159,-0.0219,-0.0342,-0.4808,4.63163,0.3651,0.0,0.0,0.1826,0.4082,0.2582,0.1826,0.0,0.1826,0.4082,0.1826,0.0,0.0,0.3162,0.4472,0.3651,0.2582,0.3651,0.5164
1781199199.9861,2026-06-11 19:33:19.986,,0,0,-0.05546,-0.49607,0.04291,-3.7773,5.0851,-13.3761,-0.0186,-0.0381,-0.4824,4.60746,0.3651,0.0,0.0,0.1826,0.4082,0.2582,0.1826,0.0,0.1826,0.4082,0.1826,0.0,0.0,0.3162,0.4472,0.3651,0.2582,0.3651,0.5164
1781199200.0364,2026-06-11 19:33:20.036,,0,0,-0.05546,-0.49608,0.04272,-3.7689,4.7308,-13.4007,-0.0082,-0.0403,-0.4787,4.58505,0.3651,0.0,0.1826,0.3162,0.4472,0.2582,0.3651,0.1826,0.3162,0.3162,0.2582,0.1826,0.1826,0.3651,0.3651,0.3162,0.3651,0.3162,0.483
1781199200.0867,2026-06-11 19:33:20.086,,0,0,-0.05545,-0.49608,0.04253,-3.4525,4.8798,-13.0914,-0.0144,-0.0288,-0.4814,4.57322,0.2582,0.0,0.3162,0.3162,0.3651,0.1826,0.4082,0.2582,0.4082,0.4082,0.1826,0.3651,0.3651,0.2582,0.4082,0.3651,0.4082,0.3162,0.5164
1781199200.137,2026-06-11 19:33:20.137,,0,0,-0.05546,-0.49607,0.04233,-3.7206,5.0174,-13.0795,-0.0162,-0.0332,-0.4733,4.55459,0.2582,0.0,0.3162,0.3162,0.3651,0.1826,0.4082,0.2582,0.4082,0.4082,0.1826,0.3651,0.3651,0.2582,0.4082,0.3651,0.4082,0.3162,0.5164
1781199200.1874,2026-06-11 19:33:20.187,,0,0,-0.05546,-0.49607,0.04214,-4.1728,5.4654,-12.8731,-0.0223,-0.0479,-0.4793,4.5284,0.3162,0.0,0.2582,0.2582,0.4082,0.2582,0.3162,0.3651,0.3162,0.4082,0.3162,0.1826,0.4472,0.2582,0.4472,0.4082,0.3651,0.2582,0.5164
1781199200.2376,2026-06-11 19:33:20.237,,0,0,-0.05546,-0.49606,0.04189,-4.1331,5.7026,-12.9874,-0.0246,-0.0484,-0.473,4.49769,0.3162,0.0,0.2582,0.2582,0.4082,0.2582,0.3162,0.3651,0.3162,0.4082,0.3162,0.1826,0.4472,0.2582,0.4472,0.4082,0.3651,0.2582,0.5164
1781199200.2879,2026-06-11 19:33:20.287,,0,0,-0.05546,-0.49607,0.0417,-3.8233,4.9496,-12.6889,-0.0129,-0.0394,-0.4808,4.48283,0.4082,0.0,0.1826,0.2582,0.4472,0.2582,0.3162,0.1826,0.3162,0.483,0.2582,0.2582,0.2582,0.3162,0.483,0.4082,0.3651,0.3651,0.5774
1781199200.3382,2026-06-11 19:33:20.338,,0,0,-0.05546,-0.49609,0.04153,-3.7909,5.1407,-12.7926,-0.0159,-0.0365,-0.4724,4.45363,0.3162,0.0,0.0,0.3162,0.4472,0.2582,0.3162,0.1826,0.3162,0.4082,0.3162,0.1826,0.2582,0.3162,0.4472,0.4082,0.2582,0.4082,0.5164
1781199200.3885,2026-06-11 19:33:20.388,,0,0,-0.05545,-0.49608,0.04131,-3.7014,5.2316,-12.565,-0.016,-0.0332,-0.4707,4.42543,0.3162,0.0,0.0,0.3162,0.4472,0.2582,0.3162,0.1826,0.3162,0.4082,0.3162,0.1826,0.2582,0.3162,0.4472,0.4082,0.2582,0.4082,0.5164
1781199200.4388,2026-06-11 19:33:20.438,,0,0,-0.05549,-0.49607,0.04111,-3.6943,5.2208,-12.5789,-0.011,-0.0327,-0.4796,4.40151,0.2582,0.0,0.3162,0.2582,0.4472,0.0,0.4082,0.0,0.3162,0.4082,0.0,0.2582,0.0,0.3651,0.483,0.3162,0.4082,0.4082,0.5477
1781199200.4891,2026-06-11 19:33:20.489,,0,0,-0.05548,-0.49607,0.04093,-3.7995,5.3746,-12.1677,-0.0193,-0.036,-0.4855,4.35846,0.2582,0.0,0.3162,0.2582,0.4472,0.0,0.4082,0.0,0.3162,0.4082,0.0,0.2582,0.0,0.3651,0.483,0.3162,0.4082,0.4082,0.5477
1781199200.5394,2026-06-11 19:33:20.539,,0,0,-0.05547,-0.49607,0.04072,-3.7566,5.2599,-12.1198,-0.0123,-0.0362,-0.4809,4.29652,0.3162,0.0,0.3162,0.3162,0.4082,0.1826,0.3162,0.2582,0.3651,0.3651,0.2582,0.2582,0.3651,0.3651,0.4472,0.3651,0.3651,0.4082,0.6055
1781199200.5897,2026-06-11 19:33:20.589,1/40,1,0,-0.05547,-0.49607,0.04057,-3.7203,5.2248,-12.088,-0.011,-0.0376,-0.4794,4.26102,0.3162,0.0,0.2582,0.3162,0.4082,0.2582,0.3651,0.3162,0.3162,0.4082,0.1826,0.3651,0.3162,0.3162,0.483,0.3651,0.3651,0.4082,0.6055
1781199200.64,2026-06-11 19:33:20.640,1/40,1,0,-0.05525,-0.49604,0.04056,-3.9626,5.2241,-11.8505,-0.0122,-0.0328,-0.299,4.2512,0.3162,0.0,0.2582,0.3162,0.4082,0.2582,0.3651,0.3162,0.3162,0.4082,0.1826,0.3651,0.3162,0.3162,0.483,0.3651,0.3651,0.4082,0.6055
1781199200.6902,2026-06-11 19:33:20.690,1/40,1,0,-0.0549,-0.49605,0.04055,-3.9992,5.0954,-12.2708,-0.0076,-0.0091,-0.1038,4.25498,0.4082,0.0,0.1826,0.2582,0.4082,0.2582,0.3651,0.3162,0.3651,0.4472,0.2582,0.1826,0.3651,0.3651,0.5477,0.4082,0.3651,0.4472,0.6583
1781199200.7405,2026-06-11 19:33:20.740,2/40,1,0,-0.05475,-0.49605,0.04055,-4.1567,5.3974,-11.8593,-0.0121,-0.0041,-0.0657,4.25397,0.4082,0.0,0.1826,0.2582,0.4082,0.2582,0.3651,0.3162,0.3651,0.4472,0.2582,0.1826,0.3651,0.3651,0.5477,0.4082,0.3651,0.4472,0.6583
1781199200.7908,2026-06-11 19:33:20.790,2/40,1,0,-0.05435,-0.49606,0.04053,-4.3375,5.3226,-12.2114,-0.0104,0.0061,-0.0826,4.24163,0.3651,0.0,0.1826,0.2582,0.4472,0.2582,0.3162,0.1826,0.2582,0.4472,0.2582,0.2582,0.2582,0.2582,0.5164,0.4082,0.3162,0.4472,0.6325
1781199200.841,2026-06-11 19:33:20.841,2/40,1,0,-0.05391,-0.49606,0.04051,-4.2869,4.9357,-12.0903,-0.0028,0.0224,-0.089,4.23081,0.3651,0.0,0.2582,0.2582,0.3651,0.1826,0.3651,0.2582,0.1826,0.4082,0.2582,0.0,0.1826,0.3162,0.5774,0.4082,0.3651,0.4472,0.6325
1781199200.8914,2026-06-11 19:33:20.891,3/40,1,0,-0.05379,-0.49606,0.04052,-4.3291,5.0055,-11.9704,-0.0018,0.02,-0.1041,4.24088,0.3651,0.0,0.2582,0.2582,0.3651,0.1826,0.3651,0.2582,0.1826,0.4082,0.2582,0.0,0.1826,0.3162,0.5774,0.4082,0.3651,0.4472,0.6325
1781199200.9417,2026-06-11 19:33:20.941,3/40,1,0,-0.05335,-0.49607,0.04053,-4.5856,5.4207,-11.7871,-0.0107,0.025,-0.1148,4.23333,0.3651,0.0,0.3162,0.2582,0.4472,0.2582,0.4472,0.3162,0.2582,0.4472,0.2582,0.3651,0.3651,0.3162,0.5774,0.4472,0.4472,0.4472,0.6583
1781199200.992,2026-06-11 19:33:20.992,3/40,1,0,-0.05302,-0.49607,0.04052,-4.7083,5.0615,-11.7228,-0.0036,0.0264,-0.1196,4.24893,0.3651,0.0,0.3162,0.2582,0.4472,0.2582,0.4472,0.3162,0.2582,0.4472,0.2582,0.3651,0.3651,0.3162,0.5774,0.4472,0.4472,0.4472,0.6583
1781199201.0424,2026-06-11 19:33:21.042,4/40,1,0,-0.05281,-0.49606,0.04052,-4.6416,4.9067,-11.7575,0.0056,0.0271,-0.1263,4.25347,0.3162,0.0,0.2582,0.3162,0.483,0.2582,0.3651,0.3162,0.3162,0.4472,0.4082,0.2582,0.3651,0.3162,0.5774,0.4082,0.4082,0.4082,0.6583
1781199201.0926,2026-06-11 19:33:21.092,4/40,1,0,-0.05243,-0.49605,0.04054,-5.02,5.1582,-11.7788,0.0008,0.0264,-0.1404,4.26253,0.4082,0.0,0.3162,0.1826,0.483,0.2582,0.4082,0.2582,0.3162,0.4472,0.4082,0.3162,0.3651,0.4082,0.5774,0.4472,0.4082,0.5164,0.6325
1781199201.1429,2026-06-11 19:33:21.142,5/40,1,0,-0.05222,-0.49606,0.04052,-4.5586,5.3292,-12.0362,-0.0082,0.0317,-0.1342,4.2653,0.4082,0.0,0.3162,0.1826,0.483,0.2582,0.4082,0.2582,0.3162,0.4472,0.4082,0.3162,0.3651,0.4082,0.5774,0.4472,0.4082,0.5164,0.6325
1781199201.1932,2026-06-11 19:33:21.193,5/40,1,0,-0.05192,-0.49606,0.04053,-4.9095,5.2142,-12.135,-0.0044,0.0285,-0.1368,4.27713,0.3651,0.1826,0.0,0.3651,0.4472,0.3162,0.3162,0.3162,0.4082,0.4472,0.3162,0.1826,0.3651,0.3651,0.5774,0.4472,0.2582,0.5164,0.6325
1781199201.2436,2026-06-11 19:33:21.243,5/40,1,0,-0.05149,-0.49606,0.04052,-5.0116,5.3301,-12.0254,-0.0044,0.0283,-0.1391,4.2862,0.3651,0.1826,0.0,0.3651,0.4472,0.3162,0.3162,0.3162,0.4082,0.4472,0.3162,0.1826,0.3651,0.3651,0.5774,0.4472,0.2582,0.5164,0.6325
1781199201.294,2026-06-11 19:33:21.294,6/40,1,0,-0.05129,-0.49607,0.04052,-4.6433,5.0338,-12.2412,0.0023,0.0345,-0.134,4.3008,0.2582,0.1826,0.2582,0.3162,0.4472,0.2582,0.4082,0.1826,0.3651,0.483,0.2582,0.0,0.1826,0.4082,0.6325,0.4082,0.3651,0.5164,0.6325
1781199201.3443,2026-06-11 19:33:21.344,6/40,1,0,-0.05091,-0.49607,0.04054,-4.8143,5.1521,-12.3522,-0.0064,0.0378,-0.1358,4.31389,0.3162,0.0,0.1826,0.4082,0.483,0.2582,0.2582,0.2582,0.4082,0.4472,0.2582,0.2582,0.2582,0.483,0.6325,0.3651,0.3162,0.5774,0.6325
1781199201.3947,2026-06-11 19:33:21.394,6/40,1,0,-0.05052,-0.49607,0.04054,-4.7289,4.7844,-12.2033,0.003,0.0417,-0.135,4.33403,0.3162,0.0,0.1826,0.4082,0.483,0.2582,0.2582,0.2582,0.4082,0.4472,0.2582,0.2582,0.2582,0.483,0.6325,0.3651,0.3162,0.5774,0.6325
1781199201.445,2026-06-11 19:33:21.444,7/40,1,0,-0.05039,-0.49607,0.04053,-4.9149,4.8248,-12.3466,-0.0007,0.0386,-0.1368,4.35166,0.3651,0.0,0.2582,0.3651,0.4472,0.2582,0.2582,0.0,0.4472,0.5477,0.4472,0.1826,0.0,0.4082,0.6583,0.4082,0.3651,0.483,0.6325
1781199201.4953,2026-06-11 19:33:21.495,7/40,1,0,-0.04998,-0.49607,0.04053,-5.0322,4.8401,-12.3139,-0.0045,0.0385,-0.1383,4.37633,0.3651,0.0,0.2582,0.3651,0.4472,0.2582,0.2582,0.0,0.4472,0.5477,0.4472,0.1826,0.0,0.4082,0.6583,0.4082,0.3651,0.483,0.6325
1781199201.5456,2026-06-11 19:33:21.545,8/40,1,0,-0.04973,-0.49607,0.04054,-5.2343,4.9316,-12.3606,-0.0061,0.0318,-0.1468,4.39371,0.4082,0.0,0.3162,0.2582,0.483,0.0,0.3651,0.1826,0.3162,0.4472,0.3162,0.2582,0.2582,0.4472,0.6055,0.3651,0.4082,0.5477,0.5774
1781199201.5959,2026-06-11 19:33:21.595,8/40,1,0,-0.04947,-0.49609,0.04055,-5.4514,4.9152,-12.3999,-0.007,0.0311,-0.1345,4.39245,0.3162,0.0,0.2582,0.3162,0.4082,0.2582,0.4082,0.2582,0.4082,0.483,0.3162,0.2582,0.2582,0.4082,0.6325,0.3162,0.3651,0.483,0.6325
1781199201.6463,2026-06-11 19:33:21.646,8/40,1,0,-0.04899,-0.49607,0.04054,-5.4845,5.089,-12.3551,-0.0103,0.0408,-0.1424,4.4068,0.3162,0.0,0.2582,0.3162,0.4082,0.2582,0.4082,0.2582,0.4082,0.483,0.3162,0.2582,0.2582,0.4082,0.6325,0.3162,0.3651,0.483,0.6325
1781199201.6966,2026-06-11 19:33:21.696,9/40,1,0,-0.0489,-0.49607,0.04054,-5.8634,5.4789,-12.3953,-0.0195,0.0307,-0.1442,4.39396,0.3162,0.0,0.0,0.1826,0.483,0.3651,0.3162,0.0,0.2582,0.5164,0.4472,0.3162,0.2582,0.3651,0.6325,0.4082,0.1826,0.483,0.6055
1781199201.7469,2026-06-11 19:33:21.746,9/40,1,0,-0.04849,-0.49606,0.04053,-5.5912,5.1647,-12.2918,-0.0146,0.0419,-0.1436,4.38439,0.3162,0.0,0.0,0.1826,0.483,0.3651,0.3162,0.0,0.2582,0.5164,0.4472,0.3162,0.2582,0.3651,0.6325,0.4082,0.1826,0.483,0.6055
1781199201.7973,2026-06-11 19:33:21.797,9/40,1,0,-0.04809,-0.49607,0.04054,-5.1749,4.9155,-12.6152,-0.0039,0.0648,-0.138,4.38238,0.4082,0.0,0.2582,0.1826,0.483,0.2582,0.4082,0.3162,0.3162,0.483,0.3162,0.2582,0.2582,0.4472,0.6055,0.3651,0.4082,0.5477,0.5477
1781199201.8476,2026-06-11 19:33:21.847,10/40,1,0,-0.04799,-0.49606,0.04054,-5.4847,5.1162,-12.4996,-0.006,0.053,-0.1369,4.38036,0.3162,0.0,0.3162,0.3651,0.4472,0.3162,0.3651,0.3162,0.3651,0.483,0.4472,0.3162,0.3162,0.3651,0.6583,0.4472,0.3651,0.5164,0.5164
1781199201.8979,2026-06-11 19:33:21.897,10/40,1,0,-0.04756,-0.49608,0.04055,-5.9488,4.8219,-12.4649,0.0042,0.0566,-0.1446,4.36047,0.3162,0.0,0.3162,0.3651,0.4472,0.3162,0.3651,0.3162,0.3651,0.483,0.4472,0.3162,0.3162,0.3651,0.6583,0.4472,0.3651,0.5164,0.5164
1781199201.9482,2026-06-11 19:33:21.948,11/40,1,0,-0.04723,-0.49606,0.04054,-5.5185,4.7671,-12.5167,0.0071,0.0684,-0.1477,4.35292,0.3162,0.2582,0.2582,0.3162,0.483,0.3162,0.3651,0.3651,0.4082,0.5164,0.3162,0.2582,0.3651,0.483,0.6325,0.3651,0.4082,0.5164,0.5774
1781199201.9985,2026-06-11 19:33:21.998,11/40,1,0,-0.047,-0.49607,0.04055,-5.7465,5.2641,-12.3084,-0.0007,0.0639,-0.1441,4.33429,0.3162,0.2582,0.2582,0.3162,0.483,0.3162,0.3651,0.3651,0.4082,0.5164,0.3162,0.2582,0.3651,0.483,0.6325,0.3651,0.4082,0.5164,0.5774
1781199202.0488,2026-06-11 19:33:22.048,11/40,1,0,-0.0466,-0.49607,0.04054,-6.0827,5.292,-12.1383,-0.0015,0.0677,-0.1426,4.28771,0.4082,0.0,0.0,0.2582,0.483,0.2582,0.3162,0.1826,0.3651,0.5164,0.4472,0.0,0.2582,0.4472,0.6325,0.3651,0.2582,0.5164,0.5164
1781199202.0991,2026-06-11 19:33:22.099,12/40,1,0,-0.04646,-0.49608,0.04055,-6.3642,5.9151,-11.9343,-0.0122,0.0538,-0.1475,4.27336,0.4082,0.0,0.0,0.2582,0.483,0.2582,0.3162,0.1826,0.3651,0.5164,0.4472,0.0,0.2582,0.4472,0.6325,0.3651,0.2582,0.5164,0.5164
1781199202.1495,2026-06-11 19:33:22.149,12/40,1,0,-0.04607,-0.49607,0.04053,-6.3948,5.3975,-11.8957,0.0023,0.0659,-0.1419,4.24088,0.3162,0.0,0.3162,0.2582,0.483,0.4082,0.3651,0.1826,0.3651,0.5164,0.4082,0.2582,0.2582,0.4082,0.6055,0.3162,0.4082,0.5477,0.5477
1781199202.1998,2026-06-11 19:33:22.199,12/40,1,0,-0.04568,-0.49606,0.04053,-6.2907,5.7408,-11.8414,0.0019,0.073,-0.1437,4.20941,0.3651,0.1826,0.2582,0.2582,0.483,0.3651,0.3162,0.2582,0.3162,0.5164,0.4082,0.1826,0.3162,0.4082,0.6055,0.3651,0.3651,0.5164,0.5164
1781199202.2501,2026-06-11 19:33:22.250,13/40,1,0,-0.04558,-0.49607,0.04054,-6.0782,5.6862,-11.9936,0.0051,0.0737,-0.1281,4.19002,0.3651,0.1826,0.2582,0.2582,0.483,0.3651,0.3162,0.2582,0.3162,0.5164,0.4082,0.1826,0.3162,0.4082,0.6055,0.3651,0.3651,0.5164,0.5164
1781199202.3005,2026-06-11 19:33:22.300,13/40,1,0,-0.04519,-0.49607,0.04054,-6.3604,6.1866,-11.8642,-0.0027,0.0732,-0.1396,4.14823,0.3162,0.0,0.2582,0.3162,0.483,0.3162,0.3651,0.1826,0.3651,0.5774,0.3162,0.0,0.3162,0.4472,0.5774,0.2582,0.4082,0.5477,0.483
1781199202.3508,2026-06-11 19:33:22.350,13/40,1,0,-0.04478,-0.49607,0.04053,-6.1441,5.7658,-11.5561,0.0127,0.0772,-0.1401,4.11524,0.3162,0.0,0.2582,0.3162,0.483,0.3162,0.3651,0.1826,0.3651,0.5774,0.3162,0.0,0.3162,0.4472,0.5774,0.2582,0.4082,0.5477,0.483
1781199202.4012,2026-06-11 19:33:22.401,14/40,1,0,-0.04459,-0.49606,0.04053,-5.8058,5.6737,-11.3087,0.02,0.0822,-0.1404,4.09132,0.3651,0.0,0.3651,0.3162,0.483,0.4082,0.4082,0.1826,0.3651,0.5774,0.3651,0.2582,0.3162,0.4082,0.5774,0.3651,0.4472,0.483,0.483
1781199202.4515,2026-06-11 19:33:22.451,14/40,1,0,-0.04417,-0.49607,0.04053,-6.2792,6.0165,-11.2974,0.0144,0.0686,-0.1367,4.06741,0.3651,0.0,0.3651,0.1826,0.483,0.4472,0.4082,0.3651,0.3651,0.5164,0.3651,0.2582,0.4082,0.4472,0.5477,0.3162,0.483,0.4472,0.483
1781199202.5018,2026-06-11 19:33:22.501,15/40,1,0,-0.04398,-0.49607,0.04053,-5.9992,6.1769,-11.1534,0.0226,0.0665,-0.146,4.04777,0.3651,0.0,0.3651,0.1826,0.483,0.4472,0.4082,0.3651,0.3651,0.5164,0.3651,0.2582,0.4082,0.4472,0.5477,0.3162,0.483,0.4472,0.483
1781199202.552,2026-06-11 19:33:22.552,15/40,1,0,-0.04369,-0.49608,0.04054,-5.8828,5.7908,-11.1507,0.0284,0.0682,-0.1447,4.03568,0.3162,0.1826,0.2582,0.2582,0.4472,0.4082,0.3651,0.3651,0.3651,0.5774,0.3651,0.2582,0.4082,0.483,0.5774,0.3651,0.4082,0.4472,0.5164
1781199202.6023,2026-06-11 19:33:22.602,15/40,1,0,-0.04325,-0.49605,0.04052,-5.8334,6.1192,-10.9408,0.0223,0.0681,-0.1403,4.03845,0.3162,0.1826,0.2582,0.2582,0.4472,0.4082,0.3651,0.3651,0.3651,0.5774,0.3651,0.2582,0.4082,0.483,0.5774,0.3651,0.4082,0.4472,0.5164
1781199202.6527,2026-06-11 19:33:22.652,16/40,1,0,-0.04315,-0.49607,0.04053,-5.8852,6.0255,-10.7757,0.0316,0.0581,-0.1451,4.03896,0.4082,0.0,0.4472,0.1826,0.483,0.4472,0.483,0.1826,0.3162,0.5477,0.3651,0.3162,0.3162,0.483,0.5164,0.3651,0.5164,0.483,0.4472
1781199202.7031,2026-06-11 19:33:22.703,16/40,1,0,-0.0427,-0.49607,0.04054,-5.6581,6.3328,-11.2773,0.0215,0.0658,-0.1466,4.05104,0.3162,0.0,0.3162,0.3162,0.483,0.4472,0.3162,0.3651,0.3651,0.5774,0.3162,0.0,0.4082,0.5477,0.5477,0.3162,0.4472,0.5164,0.483
1781199202.7533,2026-06-11 19:33:22.753,16/40,1,0,-0.04232,-0.49607,0.04054,-5.4735,6.1058,-11.1992,0.0261,0.0658,-0.1458,4.08402,0.3162,0.0,0.3162,0.3162,0.483,0.4472,0.3162,0.3651,0.3651,0.5774,0.3162,0.0,0.4082,0.5477,0.5477,0.3162,0.4472,0.5164,0.483
1781199202.8036,2026-06-11 19:33:22.803,17/40,1,0,-0.0422,-0.49608,0.04054,-5.9543,6.1688,-11.3818,0.021,0.0472,-0.1495,4.12355,0.3162,0.2582,0.2582,0.3651,0.483,0.4472,0.4082,0.2582,0.4472,0.5774,0.3162,0.2582,0.3651,0.5477,0.5164,0.2582,0.4472,0.483,0.4472
1781199202.8539,2026-06-11 19:33:22.853,17/40,1,0,-0.04179,-0.49607,0.04054,-5.4454,5.7906,-11.5304,0.0253,0.06,-0.1428,4.18247,0.3162,0.2582,0.2582,0.3651,0.483,0.4472,0.4082,0.2582,0.4472,0.5774,0.3162,0.2582,0.3651,0.5477,0.5164,0.2582,0.4472,0.483,0.4472
1781199202.9043,2026-06-11 19:33:22.904,18/40,1,0,-0.04152,-0.49607,0.04052,-5.336,5.6241,-12.0461,0.0191,0.0518,-0.1461,4.28972,0.3651,0.2582,0.3651,0.3162,0.5164,0.4472,0.3162,0.3162,0.483,0.6055,0.3162,0.1826,0.4082,0.5164,0.5164,0.3162,0.4472,0.4472,0.4472
1781199202.9546,2026-06-11 19:33:22.954,18/40,1,0,-0.04129,-0.49606,0.04052,-5.1274,5.3865,-12.4518,0.0004,0.045,-0.1445,4.38288,0.3162,0.1826,0.1826,0.3651,0.483,0.4082,0.2582,0.3651,0.4082,0.6325,0.3162,0.0,0.3651,0.5477,0.5164,0.2582,0.3651,0.5164,0.4472
1781199203.0049,2026-06-11 19:33:23.004,18/40,1,0,-0.04085,-0.49606,0.04053,-5.3568,5.3321,-12.4555,-0.0001,0.0541,-0.1499,4.3786,0.3162,0.1826,0.1826,0.3651,0.483,0.4082,0.2582,0.3651,0.4082,0.6325,0.3162,0.0,0.3651,0.5477,0.5164,0.2582,0.3651,0.5164,0.4472
1781199203.0553,2026-06-11 19:33:23.055,19/40,1,0,-0.04068,-0.49605,0.04052,-5.7391,5.0682,-12.5642,0.0059,0.0471,-0.1444,4.3786,0.3651,0.1826,0.3651,0.4082,0.5164,0.4472,0.3162,0.1826,0.483,0.6055,0.3162,0.1826,0.2582,0.5774,0.5477,0.2582,0.4472,0.483,0.4472
1781199203.1055,2026-06-11 19:33:23.105,19/40,1,0,-0.0403,-0.49606,0.04053,-5.4554,5.1224,-12.3632,0.0005,0.0668,-0.1444,4.36123,0.3651,0.1826,0.3651,0.4082,0.5164,0.4472,0.3162,0.1826,0.483,0.6055,0.3162,0.1826,0.2582,0.5774,0.5477,0.2582,0.4472,0.483,0.4472
1781199203.1559,2026-06-11 19:33:23.155,19/40,1,0,-0.03991,-0.49607,0.04055,-5.8142,5.5972,-12.4349,-0.0061,0.0676,-0.1471,4.34612,0.4082,0.2582,0.3162,0.4082,0.5477,0.4082,0.3651,0.3162,0.483,0.6055,0.3162,0.2582,0.3651,0.5164,0.5164,0.3162,0.4082,0.3651,0.4472
1781199203.2062,2026-06-11 19:33:23.206,20/40,1,0,-0.03978,-0.49607,0.04054,-5.9728,5.1987,-12.385,0.0014,0.0622,-0.1458,4.33252,0.4082,0.2582,0.3162,0.4082,0.5774,0.4472,0.3651,0.3162,0.483,0.6055,0.3651,0.0,0.4082,0.5477,0.5164,0.3162,0.4472,0.4472,0.483
1781199203.2565,2026-06-11 19:33:23.256,20/40,1,0,-0.03941,-0.49606,0.04054,-6.2912,5.567,-12.1703,-0.0025,0.0695,-0.1492,4.3144,0.4082,0.2582,0.3162,0.4082,0.5774,0.4472,0.3651,0.3162,0.483,0.6055,0.3651,0.0,0.4082,0.5477,0.5164,0.3162,0.4472,0.4472,0.483
1781199203.3069,2026-06-11 19:33:23.306,21/40,1,0,-0.03905,-0.49607,0.04055,-6.2204,5.4994,-12.0727,-0.0052,0.081,-0.1508,4.29149,0.4082,0.3162,0.3651,0.3651,0.5774,0.483,0.3162,0.3162,0.483,0.5774,0.2582,0.2582,0.3651,0.5477,0.5164,0.3162,0.4472,0.4082,0.483
1781199203.3572,2026-06-11 19:33:23.357,21/40,1,0,-0.03887,-0.49607,0.04053,-6.6054,5.4713,-11.8885,-0.0007,0.0752,-0.1453,4.27865,0.4082,0.3162,0.3651,0.3651,0.5774,0.483,0.3162,0.3162,0.483,0.5774,0.2582,0.2582,0.3651,0.5477,0.5164,0.3162,0.4472,0.4082,0.483
1781199203.4075,2026-06-11 19:33:23.407,21/40,1,0,-0.03843,-0.49606,0.04053,-7.0212,5.4875,-11.7567,0.0,0.0778,-0.1453,4.22779,0.4082,0.1826,0.3651,0.3651,0.6055,0.483,0.3162,0.4082,0.483,0.5774,0.3651,0.0,0.4082,0.5164,0.483,0.3651,0.4472,0.4082,0.483
1781199203.4578,2026-06-11 19:33:23.457,22/40,1,0,-0.03827,-0.49606,0.04054,-7.0721,5.4775,-11.7035,-0.0004,0.0761,-0.1493,4.20487,0.4082,0.3651,0.3651,0.3651,0.6055,0.483,0.3651,0.2582,0.483,0.5164,0.3162,0.1826,0.3651,0.5477,0.5164,0.2582,0.483,0.4082,0.4472
1781199203.5082,2026-06-11 19:33:23.508,22/40,1,0,-0.03789,-0.49607,0.04054,-7.0514,5.714,-11.7549,-0.0064,0.0924,-0.147,4.17693,0.4082,0.3651,0.3651,0.3651,0.6055,0.483,0.3651,0.2582,0.483,0.5164,0.3162,0.1826,0.3651,0.5477,0.5164,0.2582,0.483,0.4082,0.4472
1781199203.5585,2026-06-11 19:33:23.558,22/40,1,0,-0.03748,-0.49609,0.04056,-7.5114,5.6582,-11.4137,-0.0034,0.0938,-0.1563,4.116,0.4472,0.3651,0.3162,0.4472,0.6325,0.4472,0.3162,0.3162,0.483,0.483,0.3162,0.1826,0.4472,0.5164,0.4472,0.3651,0.4472,0.4082,0.483
1781199203.6088,2026-06-11 19:33:23.608,23/40,1,0,-0.03739,-0.49608,0.04056,-7.2029,5.6871,-11.2508,-0.0025,0.0995,-0.146,4.09107,0.4472,0.3651,0.3162,0.4472,0.6325,0.4472,0.3162,0.3162,0.483,0.483,0.3162,0.1826,0.4472,0.5164,0.4472,0.3651,0.4472,0.4082,0.483
1781199203.6591,2026-06-11 19:33:23.659,23/40,1,0,-0.037,-0.49608,0.04055,-7.7185,5.6136,-11.1196,0.0033,0.1013,-0.1465,4.05457,0.3651,0.2582,0.3651,0.4082,0.6055,0.4472,0.3651,0.2582,0.483,0.483,0.3162,0.3162,0.3162,0.5164,0.4472,0.2582,0.483,0.3651,0.483
1781199203.7095,2026-06-11 19:33:23.709,23/40,1,0,-0.03662,-0.49607,0.04054,-7.1704,5.0111,-11.0189,0.0143,0.1235,-0.1446,3.99263,0.4472,0.3162,0.3162,0.4082,0.6055,0.483,0.3162,0.3651,0.4472,0.483,0.3162,0.2582,0.3651,0.483,0.483,0.3162,0.4472,0.3162,0.4472
1781199203.7598,2026-06-11 19:33:23.759,24/40,1,0,-0.03638,-0.49607,0.04055,-7.3075,5.8183,-10.8558,-0.0016,0.1215,-0.1402,3.95663,0.4472,0.3162,0.3162,0.4082,0.6055,0.483,0.3162,0.3651,0.4472,0.483,0.3162,0.2582,0.3651,0.483,0.483,0.3162,0.4472,0.3162,0.4472
1781199203.81,2026-06-11 19:33:23.810,24/40,1,0,-0.03602,-0.49607,0.04055,-7.502,5.5998,-10.6361,0.0067,0.1287,-0.1458,3.89746,0.4472,0.4082,0.3651,0.3651,0.6583,0.483,0.3651,0.3651,0.4472,0.4472,0.3162,0.1826,0.4082,0.5477,0.483,0.3651,0.483,0.4082,0.483
1781199203.8604,2026-06-11 19:33:23.860,25/40,1,0,-0.03582,-0.49609,0.04057,-7.4238,5.6291,-10.2135,0.0095,0.1207,-0.1541,3.85013,0.4472,0.4082,0.3651,0.3651,0.6583,0.483,0.3651,0.3651,0.4472,0.4472,0.3162,0.1826,0.4082,0.5477,0.483,0.3651,0.483,0.4082,0.483
1781199203.9107,2026-06-11 19:33:23.910,25/40,1,0,-0.03552,-0.49609,0.04056,-7.7079,5.9042,-10.1249,0.0043,0.1195,-0.1504,3.81035,0.4472,0.3162,0.1826,0.483,0.6583,0.4082,0.2582,0.4472,0.483,0.5164,0.2582,0.1826,0.4472,0.5164,0.483,0.1826,0.4472,0.3162,0.483
1781199203.961,2026-06-11 19:33:23.961,25/40,1,0,-0.03509,-0.49606,0.04054,-7.6033,5.6803,-9.9039,0.0127,0.1291,-0.1508,3.73381,0.4472,0.3162,0.1826,0.483,0.6583,0.4082,0.2582,0.4472,0.483,0.5164,0.2582,0.1826,0.4472,0.5164,0.483,0.1826,0.4472,0.3162,0.483
1781199204.0113,2026-06-11 19:33:24.011,26/40,1,0,-0.03497,-0.49608,0.04056,-7.6443,5.5329,-9.8587,0.017,0.1133,-0.1491,3.71215,0.483,0.4082,0.2582,0.4472,0.7071,0.4082,0.3162,0.3651,0.5164,0.4082,0.2582,0.1826,0.3651,0.483,0.4082,0.2582,0.4082,0.3162,0.3651
1781199204.0615,2026-06-11 19:33:24.061,26/40,1,0,-0.03456,-0.49606,0.04054,-7.2708,5.8831,-9.4957,0.0101,0.1216,-0.149,3.6545,0.483,0.3651,0.3162,0.4472,0.6583,0.4472,0.3162,0.4472,0.483,0.4472,0.2582,0.0,0.4082,0.4472,0.4472,0.3162,0.4472,0.3162,0.4082
1781199204.1118,2026-06-11 19:33:24.111,26/40,1,0,-0.03411,-0.49608,0.04055,-6.8107,5.8412,-9.5483,0.0167,0.1309,-0.1424,3.62051,0.483,0.3651,0.3162,0.4472,0.6583,0.4472,0.3162,0.4472,0.483,0.4472,0.2582,0.0,0.4082,0.4472,0.4472,0.3162,0.4472,0.3162,0.4082
1781199204.1621,2026-06-11 19:33:24.162,27/40,1,0,-0.03397,-0.49607,0.04054,-7.6029,6.1716,-9.3773,0.0125,0.0989,-0.1562,3.61497,0.483,0.4472,0.4082,0.4472,0.7071,0.4472,0.2582,0.3651,0.483,0.4472,0.2582,0.0,0.4472,0.483,0.4472,0.3162,0.4472,0.2582,0.4472
1781199204.2125,2026-06-11 19:33:24.212,27/40,1,0,-0.03357,-0.49608,0.04055,-6.9899,5.8788,-9.3766,0.0211,0.1131,-0.1519,3.62101,0.483,0.4472,0.4082,0.4472,0.7071,0.4472,0.2582,0.3651,0.483,0.4472,0.2582,0.0,0.4472,0.483,0.4472,0.3162,0.4472,0.2582,0.4472
1781199204.2628,2026-06-11 19:33:24.262,28/40,1,0,-0.0333,-0.49607,0.04054,-6.9787,6.3811,-9.4634,0.0125,0.0996,-0.1498,3.62731,0.483,0.4472,0.3162,0.5164,0.7303,0.4472,0.3162,0.3651,0.5477,0.4472,0.2582,0.1826,0.4472,0.4472,0.3651,0.2582,0.4082,0.3162,0.3651
1781199204.3131,2026-06-11 19:33:24.313,28/40,1,0,-0.03307,-0.49607,0.04054,-6.4466,6.0246,-9.3897,0.0209,0.1036,-0.1408,3.65072,0.4472,0.4082,0.3162,0.483,0.7071,0.4082,0.2582,0.3162,0.5164,0.4082,0.0,0.2582,0.4472,0.483,0.3651,0.2582,0.4082,0.2582,0.3651
1781199204.3634,2026-06-11 19:33:24.363,28/40,1,0,-0.03268,-0.49607,0.04054,-6.5947,6.137,-9.6068,0.0175,0.0934,-0.1454,3.6968,0.4472,0.4082,0.3162,0.483,0.7071,0.4082,0.2582,0.3162,0.5164,0.4082,0.0,0.2582,0.4472,0.483,0.3651,0.2582,0.4082,0.2582,0.3651
1781199204.4137,2026-06-11 19:33:24.413,29/40,1,0,-0.03252,-0.49607,0.04054,-6.324,6.2086,-10.0092,0.0138,0.083,-0.1428,3.77208,0.4472,0.3651,0.3162,0.483,0.7303,0.3651,0.2582,0.4082,0.5477,0.4472,0.0,0.1826,0.4472,0.4472,0.4082,0.2582,0.4082,0.2582,0.4082
1781199204.464,2026-06-11 19:33:24.464,29/40,1,0,-0.03211,-0.49606,0.04053,-6.3092,6.1164,-10.4272,0.0114,0.0797,-0.1375,3.86372,0.4472,0.3651,0.3162,0.483,0.7303,0.3651,0.2582,0.4082,0.5477,0.4472,0.0,0.1826,0.4472,0.4472,0.4082,0.2582,0.4082,0.2582,0.4082
1781199204.5143,2026-06-11 19:33:24.514,29/40,1,0,-0.03169,-0.49607,0.04053,-6.0121,5.93,-10.9354,0.0071,0.0834,-0.1453,3.974,0.483,0.4082,0.3162,0.4472,0.7303,0.4082,0.3162,0.4082,0.5164,0.4472,0.0,0.0,0.4472,0.483,0.4082,0.1826,0.3651,0.2582,0.3651
1781199204.5646,2026-06-11 19:33:24.564,30/40,1,0,-0.03155,-0.49605,0.04052,-5.6502,5.4181,-12.128,-0.0036,0.0641,-0.1335,4.29929,0.5164,0.3651,0.2582,0.5477,0.7528,0.3651,0.3162,0.3651,0.5774,0.4472,0.0,0.1826,0.4082,0.483,0.4082,0.2582,0.4082,0.3162,0.3651
1781199204.6149,2026-06-11 19:33:24.614,30/40,1,0,-0.03115,-0.49606,0.04052,-5.7732,5.1686,-12.0289,0.0009,0.0824,-0.136,4.2726,0.5164,0.3651,0.2582,0.5477,0.7528,0.3651,0.3162,0.3651,0.5774,0.4472,0.0,0.1826,0.4082,0.483,0.4082,0.2582,0.4082,0.3162,0.3651
1781199204.6653,2026-06-11 19:33:24.665,30/40,1,0,-0.03082,-0.49607,0.04053,-6.1092,5.6974,-11.7617,-0.0065,0.0855,-0.1351,4.2585,0.5774,0.4082,0.2582,0.5477,0.7746,0.3162,0.3651,0.4082,0.6055,0.4082,0.1826,0.1826,0.4082,0.4082,0.4082,0.2582,0.4082,0.3162,0.4472
1781199204.7156,2026-06-11 19:33:24.715,31/40,1,0,-0.03066,-0.49607,0.04054,-6.4137,5.6724,-11.7472,-0.0079,0.086,-0.1394,4.24239,0.5774,0.4082,0.2582,0.5477,0.7746,0.3162,0.3651,0.4082,0.6055,0.4082,0.1826,0.1826,0.4082,0.4082,0.4082,0.2582,0.4082,0.3162,0.4472
1781199204.766,2026-06-11 19:33:24.766,31/40,1,0,-0.03026,-0.49607,0.04055,-6.873,5.7713,-11.6239,-0.0124,0.0872,-0.143,4.20034,0.5477,0.4082,0.1826,0.5164,0.7303,0.3162,0.2582,0.483,0.5477,0.483,0.1826,0.0,0.483,0.3162,0.2582,0.2582,0.3162,0.3162,0.3651
1781199204.8164,2026-06-11 19:33:24.816,32/40,1,0,-0.03006,-0.49607,0.04054,-6.9719,5.5324,-11.4702,-0.0021,0.0946,-0.1452,4.18045,0.5477,0.4472,0.3651,0.5477,0.7071,0.4082,0.4082,0.4082,0.5477,0.5477,0.1826,0.2582,0.4082,0.3162,0.2582,0.2582,0.4472,0.1826,0.4082
1781199204.8667,2026-06-11 19:33:24.866,32/40,1,0,-0.02971,-0.49607,0.04054,-7.2544,5.9384,-11.3426,-0.0149,0.1021,-0.1412,4.13765,0.5477,0.4472,0.3651,0.5477,0.7071,0.4082,0.4082,0.4082,0.5477,0.5477,0.1826,0.2582,0.4082,0.3162,0.2582,0.2582,0.4472,0.1826,0.4082
1781199204.917,2026-06-11 19:33:24.916,32/40,1,0,-0.02929,-0.49607,0.04054,-7.2756,5.3739,-11.3521,-0.0019,0.1146,-0.1407,4.0878,0.5774,0.4472,0.0,0.5164,0.7528,0.3651,0.1826,0.5164,0.5774,0.5774,0.0,0.0,0.5164,0.4082,0.3162,0.1826,0.3162,0.1826,0.4082
1781199204.9673,2026-06-11 19:33:24.967,33/40,1,0,-0.02919,-0.49605,0.04053,-7.7018,5.5453,-11.11,-0.0074,0.1022,-0.1387,4.06539,0.5774,0.4472,0.0,0.5164,0.7528,0.3651,0.1826,0.5164,0.5774,0.5774,0.0,0.0,0.5164,0.4082,0.3162,0.1826,0.3162,0.1826,0.4082
1781199205.0177,2026-06-11 19:33:25.017,33/40,1,0,-0.02879,-0.49607,0.04053,-7.8224,5.416,-10.5568,-0.0068,0.1178,-0.1398,4.00597,0.6055,0.3651,0.0,0.5477,0.7303,0.3651,0.3162,0.3651,0.5774,0.5477,0.0,0.0,0.4082,0.4082,0.3162,0.2582,0.3651,0.2582,0.3651
1781199205.068,2026-06-11 19:33:25.068,33/40,1,0,-0.02838,-0.49608,0.04055,-7.6133,5.4031,-10.9804,-0.0078,0.1393,-0.1412,3.93674,0.6583,0.4472,0.3162,0.5164,0.7303,0.4082,0.3651,0.3651,0.5477,0.5774,0.2582,0.0,0.3651,0.3162,0.3651,0.2582,0.4082,0.2582,0.4082
1781199205.1183,2026-06-11 19:33:25.118,34/40,1,0,-0.02825,-0.49608,0.04055,-8.0456,5.1908,-10.4526,-0.001,0.1234,-0.1404,3.92062,0.6583,0.4472,0.3162,0.5164,0.7303,0.4082,0.3651,0.3651,0.5477,0.5774,0.2582,0.0,0.3651,0.3162,0.3651,0.2582,0.4082,0.2582,0.4082
1781199205.1686,2026-06-11 19:33:25.168,34/40,1,0,-0.02779,-0.49608,0.04055,-8.1617,5.2592,-10.0411,-0.0002,0.1409,-0.1433,3.84358,0.6583,0.483,0.1826,0.5164,0.7746,0.3651,0.3162,0.4472,0.5477,0.5774,0.0,0.1826,0.5164,0.4082,0.3651,0.0,0.3651,0.2582,0.4472
1781199205.2189,2026-06-11 19:33:25.218,35/40,1,0,-0.02759,-0.49608,0.04055,-8.201,5.1725,-10.0876,0.0003,0.1343,-0.1482,3.79524,0.6583,0.483,0.1826,0.5164,0.7746,0.3651,0.3162,0.4472,0.5477,0.5774,0.0,0.1826,0.5164,0.4082,0.3651,0.0,0.3651,0.2582,0.4472
1781199205.2693,2026-06-11 19:33:25.269,35/40,1,0,-0.02731,-0.49608,0.04055,-8.2866,5.5519,-9.9689,-0.0091,0.1446,-0.1489,3.72524,0.7071,0.4472,0.3162,0.5164,0.7528,0.3162,0.2582,0.4472,0.5477,0.5164,0.0,0.0,0.483,0.3162,0.3162,0.1826,0.4082,0.1826,0.4082
1781199205.3196,2026-06-11 19:33:25.319,35/40,1,0,-0.02687,-0.49608,0.04056,-8.6045,5.4545,-9.5129,-0.0056,0.1376,-0.15,3.65097,0.6831,0.4472,0.2582,0.5164,0.7303,0.3162,0.2582,0.4472,0.5164,0.5477,0.0,0.0,0.4472,0.4082,0.2582,0.2582,0.3162,0.1826,0.3651
1781199205.3699,2026-06-11 19:33:25.369,36/40,1,0,-0.02675,-0.49607,0.04056,-8.4299,5.1717,-9.3681,-0.0026,0.1352,-0.1454,3.60767,0.6831,0.4472,0.2582,0.5164,0.7303,0.3162,0.2582,0.4472,0.5164,0.5477,0.0,0.0,0.4472,0.4082,0.2582,0.2582,0.3162,0.1826,0.3651
1781199205.4202,2026-06-11 19:33:25.420,36/40,1,0,-0.02637,-0.49608,0.04056,-8.1604,5.4291,-9.0477,-0.0123,0.1466,-0.1468,3.54749,0.6583,0.4082,0.2582,0.5774,0.7071,0.2582,0.2582,0.4082,0.5774,0.5164,0.0,0.0,0.4082,0.3651,0.3162,0.1826,0.3162,0.2582,0.4082
1781199205.4704,2026-06-11 19:33:25.470,36/40,1,0,-0.02598,-0.49609,0.04057,-8.0901,5.3342,-8.9528,-0.009,0.1438,-0.1449,3.47649,0.6583,0.4082,0.2582,0.5774,0.7071,0.2582,0.2582,0.4082,0.5774,0.5164,0.0,0.0,0.4082,0.3651,0.3162,0.1826,0.3162,0.2582,0.4082
1781199205.5208,2026-06-11 19:33:25.520,37/40,1,0,-0.02587,-0.49608,0.04055,-7.7951,5.379,-8.8555,-0.0109,0.1283,-0.1429,3.45232,0.6831,0.3651,0.3651,0.5477,0.7071,0.3162,0.3162,0.4082,0.5477,0.5164,0.0,0.0,0.4472,0.2582,0.2582,0.0,0.4082,0.1826,0.4082
1781199205.5711,2026-06-11 19:33:25.571,37/40,1,0,-0.02537,-0.49606,0.04055,-7.6401,5.2499,-8.6681,-0.0087,0.1243,-0.144,3.39693,0.7071,0.3162,0.3162,0.5164,0.7303,0.3651,0.1826,0.4472,0.5164,0.5477,0.0,0.0,0.483,0.3162,0.3162,0.1826,0.3162,0.1826,0.4082
1781199205.6214,2026-06-11 19:33:25.621,38/40,1,0,-0.02509,-0.49607,0.04055,-7.0878,4.9518,-8.5629,-0.0066,0.1213,-0.1459,3.39593,0.7071,0.3162,0.3162,0.5164,0.7303,0.3651,0.1826,0.4472,0.5164,0.5477,0.0,0.0,0.483,0.3162,0.3162,0.1826,0.3162,0.1826,0.4082
1781199205.6716,2026-06-11 19:33:25.671,38/40,1,0,-0.02486,-0.49605,0.04053,-7.0192,5.0668,-8.7073,-0.011,0.1013,-0.1505,3.40398,0.7303,0.3162,0.2582,0.5477,0.7303,0.2582,0.2582,0.4472,0.5164,0.483,0.0,0.0,0.4472,0.3651,0.2582,0.0,0.3651,0.3162,0.3651
1781199205.722,2026-06-11 19:33:25.722,38/40,1,0,-0.02445,-0.49606,0.04053,-6.5404,5.0694,-8.8981,-0.0123,0.102,-0.1489,3.46768,0.7303,0.3162,0.2582,0.5477,0.7303,0.2582,0.2582,0.4472,0.5164,0.483,0.0,0.0,0.4472,0.3651,0.2582,0.0,0.3651,0.3162,0.3651
1781199205.7723,2026-06-11 19:33:25.772,39/40,1,0,-0.02432,-0.49606,0.04054,-5.894,4.8222,-9.1949,-0.0098,0.0871,-0.1517,3.55429,0.7303,0.2582,0.2582,0.5774,0.7071,0.1826,0.0,0.4472,0.5477,0.483,0.0,0.0,0.4082,0.1826,0.2582,0.3651,0.4082,0.0,0.3651
1781199205.8226,2026-06-11 19:33:25.822,39/40,1,0,-0.02396,-0.49606,0.04052,-5.9542,4.8634,-9.7696,-0.0106,0.0704,-0.149,3.66986,0.7303,0.2582,0.2582,0.5774,0.7071,0.1826,0.0,0.4472,0.5477,0.483,0.0,0.0,0.4082,0.1826,0.2582,0.3651,0.4082,0.0,0.3651
1781199205.873,2026-06-11 19:33:25.872,39/40,1,0,-0.02356,-0.49605,0.04052,-5.22,4.7213,-10.6657,-0.0144,0.0751,-0.1462,3.84811,0.7303,0.5164,0.2582,0.5477,0.7303,0.1826,0.0,0.483,0.483,0.5164,0.0,0.1826,0.483,0.2582,0.2582,0.3651,0.3651,0.0,0.3162
1781199205.9233,2026-06-11 19:33:25.923,40/40,0,0,-0.0235,-0.49605,0.04062,-4.9741,5.0933,-12.4968,-0.0225,0.0341,-0.1556,4.3864,0.7746,0.483,0.3651,0.5774,0.7303,0.1826,0.2582,0.483,0.5164,0.4082,0.0,0.2582,0.483,0.3162,0.0,0.3651,0.4082,0.2582,0.3162
1781199205.9736,2026-06-11 19:33:25.973,40/40,0,0,-0.02379,-0.49607,0.0414,-4.7401,5.2663,-13.0741,-0.0292,0.0167,-0.315,4.60167,0.7746,0.483,0.3651,0.5774,0.7303,0.1826,0.2582,0.483,0.5164,0.4082,0.0,0.2582,0.483,0.3162,0.0,0.3651,0.4082,0.2582,0.3162
1781199206.0239,2026-06-11 19:33:26.023,40/40,0,0,-0.02427,-0.49602,0.04273,-3.9546,5.0764,-13.5982,-0.0284,-0.0038,-0.4452,4.66235,0.7071,0.483,0.0,0.6055,0.6583,0.0,0.0,0.483,0.5477,0.4472,0.0,0.1826,0.5164,0.3162,0.2582,0.3651,0.3162,0.3162,0.4082
1781199206.0743,2026-06-11 19:33:26.074,40/40,0,0,-0.02508,-0.496,0.04473,-3.3429,5.2103,-13.605,-0.0235,-0.0188,-0.4314,4.68627,0.7071,0.483,0.0,0.6055,0.6583,0.0,0.0,0.483,0.5477,0.4472,0.0,0.1826,0.5164,0.3162,0.2582,0.3651,0.3162,0.3162,0.4082
1781199206.1246,2026-06-11 19:33:26.124,40/40,0,0,-0.02618,-0.49603,0.04737,-3.2333,5.2451,-13.6154,-0.0236,-0.022,-0.4258,4.6908,0.6831,0.5164,0.2582,0.6325,0.6325,0.0,0.0,0.4472,0.483,0.4082,0.0,0.0,0.3651,0.2582,0.2582,0.2582,0.3162,0.2582,0.4472
1781199206.175,2026-06-11 19:33:26.174,40/40,0,0,-0.02766,-0.49606,0.05075,-3.6984,5.4369,-13.6387,-0.0281,-0.0297,-0.4299,4.69483,0.6583,0.5164,0.2582,0.5774,0.6583,0.0,0.0,0.483,0.483,0.3651,0.0,0.1826,0.3651,0.3162,0.1826,0.1826,0.4082,0.2582,0.4082
1781199206.2253,2026-06-11 19:33:26.225,40/40,0,0,-0.02938,-0.49603,0.05485,-3.4419,5.273,-13.6537,-0.0229,-0.0272,-0.4175,4.6908,0.6583,0.5164,0.2582,0.5774,0.6583,0.0,0.0,0.483,0.483,0.3651,0.0,0.1826,0.3651,0.3162,0.1826,0.1826,0.4082,0.2582,0.4082
1781199206.2756,2026-06-11 19:33:26.275,40/40,0,0,-0.03091,-0.49601,0.05859,-3.4506,5.0314,-13.427,-0.0164,-0.0252,-0.4288,4.69155,0.5477,0.483,0.1826,0.483,0.5164,0.0,0.0,0.483,0.4082,0.3162,0.0,0.2582,0.4082,0.1826,0.2582,0.0,0.1826,0.2582,0.3651
1781199206.3259,2026-06-11 19:33:26.325,40/40,0,0,-0.03234,-0.49605,0.06218,-3.4839,4.9993,-13.566,-0.0138,-0.0256,-0.4267,4.68375,0.5477,0.483,0.1826,0.483,0.5164,0.0,0.0,0.483,0.4082,0.3162,0.0,0.2582,0.4082,0.1826,0.2582,0.0,0.1826,0.2582,0.3651
1781199206.3762,2026-06-11 19:33:26.376,40/40,0,0,-0.03384,-0.49604,0.06583,-3.7395,5.2652,-13.2971,-0.0235,-0.0327,-0.441,4.68425,0.4082,0.4082,0.0,0.4082,0.483,0.0,0.0,0.2582,0.3651,0.2582,0.0,0.1826,0.3162,0.1826,0.0,0.2582,0.2582,0.1826,0.4082
1781199206.4265,2026-06-11 19:33:26.426,40/40,0,0,-0.03533,-0.49605,0.06953,-3.2636,5.4364,-13.7623,-0.0278,-0.0231,-0.4368,4.6903,0.3162,0.4082,0.1826,0.3162,0.4082,0.0,0.0,0.3162,0.2582,0.3162,0.0,0.0,0.1826,0.1826,0.0,0.1826,0.1826,0.0,0.3651
1781199206.4768,2026-06-11 19:33:26.476,40/40,0,0,-0.03669,-0.49609,0.07287,-3.532,5.0854,-13.4268,-0.0171,-0.0272,-0.4347,4.68778,0.3162,0.4082,0.1826,0.3162,0.4082,0.0,0.0,0.3162,0.2582,0.3162,0.0,0.0,0.1826,0.1826,0.0,0.1826,0.1826,0.0,0.3651
1781199206.5271,2026-06-11 19:33:26.527,40/40,0,0,-0.03776,-0.49607,0.07553,-3.5907,5.0658,-13.5724,-0.0176,-0.0303,-0.4256,4.68174,0.2582,0.3651,0.0,0.2582,0.4082,0.0,0.0,0.0,0.1826,0.3162,0.0,0.0,0.1826,0.1826,0.0,0.0,0.0,0.1826,0.3651
1781199206.5774,2026-06-11 19:33:26.577,40/40,0,0,-0.03858,-0.49605,0.07745,-3.8235,5.273,-13.5302,-0.0236,-0.0364,-0.4268,4.69055,0.2582,0.3651,0.0,0.2582,0.4082,0.0,0.0,0.0,0.1826,0.3162,0.0,0.0,0.1826,0.1826,0.0,0.0,0.0,0.1826,0.3651
1781199206.6277,2026-06-11 19:33:26.627,40/40,0,0,-0.03922,-0.49605,0.07897,-3.5711,5.2275,-13.387,-0.0229,-0.0291,-0.4329,4.68501,0.3162,0.3651,0.0,0.2582,0.4082,0.0,0.0,0.0,0.2582,0.2582,0.0,0.0,0.0,0.0,0.0,0.0,0.0,0.0,0.4082
1781199206.678,2026-06-11 19:33:26.677,40/40,0,0,-0.0394,-0.49599,0.07947,-3.6278,4.9648,-13.5149,-0.0164,-0.0324,-0.4319,4.68803,0.1826,0.3162,0.0,0.2582,0.4082,0.0,0.0,0.0,0.1826,0.1826,0.0,0.0,0.1826,0.0,0.1826,0.0,0.1826,0.0,0.4082
1781199207.2027,2026-06-11 19:33:27.202,40/40,0,1,-0.03947,-0.49607,0.07955,-3.2962,5.2543,-13.6491,-0.0204,-0.0251,-0.4247,4.69382,0.1826,0.3162,0.0,0.2582,0.4082,0.0,0.0,0.0,0.1826,0.1826,0.0,0.0,0.1826,0.0,0.1826,0.0,0.1826,0.0,0.4082
1781199207.2529,2026-06-11 19:33:27.252,40/40,0,1,-0.03944,-0.49605,0.07953,-3.4904,5.3341,-13.7988,-0.0274,-0.0302,-0.4242,4.68425,0.1826,0.3162,0.0,0.1826,0.3651,0.0,0.0,0.0,0.1826,0.2582,0.0,0.0,0.0,0.0,0.0,0.0,0.1826,0.0,0.3651
1781199207.3031,2026-06-11 19:33:27.303,40/40,0,1,-0.03946,-0.49607,0.07955,-3.4192,5.1373,-13.6852,-0.0224,-0.0304,-0.4247,4.68677,0.1826,0.3162,0.0,0.1826,0.3651,0.0,0.0,0.0,0.1826,0.2582,0.0,0.0,0.0,0.0,0.0,0.0,0.1826,0.0,0.3651
1781199207.3534,2026-06-11 19:33:27.353,40/40,0,1,-0.03944,-0.49605,0.07954,-3.0975,4.9118,-13.6791,-0.016,-0.0197,-0.4129,4.69105,0.1826,0.2582,0.0,0.0,0.3651,0.0,0.0,0.0,0.0,0.1826,0.0,0.0,0.1826,0.0,0.0,0.0,0.1826,0.0,0.3651
1781199207.4038,2026-06-11 19:33:27.403,40/40,0,1,-0.03944,-0.49605,0.07953,-3.4772,5.3262,-13.74,-0.024,-0.0288,-0.4161,4.69256,0.1826,0.2582,0.0,0.0,0.3651,0.0,0.0,0.0,0.0,0.1826,0.0,0.0,0.1826,0.0,0.0,0.0,0.1826,0.0,0.3651
1781199207.4541,2026-06-11 19:33:27.454,40/40,0,1,-0.03944,-0.49605,0.07952,-3.1478,5.1722,-14.003,-0.0194,-0.0252,-0.4136,4.68199,0.1826,0.2582,0.0,0.1826,0.3651,0.0,0.0,0.0,0.0,0.2582,0.0,0.0,0.1826,0.0,0.0,0.0,0.1826,0.0,0.4082
1781199207.5044,2026-06-11 19:33:27.504,40/40,0,1,-0.03946,-0.49607,0.07955,-3.4302,5.1385,-13.787,-0.0176,-0.0284,-0.4124,4.68551,0.1826,0.2582,0.0,0.1826,0.3651,0.0,0.0,0.0,0.0,0.2582,0.0,0.0,0.1826,0.0,0.0,0.0,0.1826,0.0,0.4082
1781199207.5545,2026-06-11 19:33:27.554,40/40,0,1,-0.03949,-0.49607,0.07953,-3.338,5.3392,-13.7089,-0.0203,-0.0265,-0.4142,4.68425,0.1826,0.3162,0.0,0.0,0.4082,0.0,0.0,0.0,0.0,0.3651,0.0,0.0,0.1826,0.0,0.1826,0.0,0.0,0.0,0.4082
1781199207.6049,2026-06-11 19:33:27.604,40/40,0,1,-0.03946,-0.49606,0.07954,-3.3371,4.4622,-13.787,-0.006,-0.0246,-0.4157,4.68123,0.3651,0.3162,0.2582,0.0,0.4472,0.0,0.0,0.0,0.1826,0.2582,0.0,0.0,0.0,0.0,0.1826,0.0,0.2582,0.0,0.3651
1781199207.6552,2026-06-11 19:33:27.655,40/40,0,1,-0.03944,-0.49606,0.07954,-3.368,5.4238,-13.8637,-0.0302,-0.0262,-0.414,4.69105,0.3651,0.3162,0.2582,0.0,0.4472,0.0,0.0,0.0,0.1826,0.2582,0.0,0.0,0.0,0.0,0.1826,0.0,0.2582,0.0,0.3651
1781199207.7056,2026-06-11 19:33:27.705,40/40,0,1,-0.03945,-0.49607,0.07954,-3.4222,5.053,-13.7965,-0.0184,-0.0291,-0.4149,4.68048,0.3162,0.3162,0.1826,0.0,0.4082,0.0,0.0,0.1826,0.1826,0.1826,0.0,0.1826,0.2582,0.0,0.1826,0.0,0.0,0.0,0.4082
1781199207.7558,2026-06-11 19:33:27.755,40/40,0,1,-0.03946,-0.49606,0.07953,-3.4452,5.2967,-13.7606,-0.022,-0.027,-0.4148,4.69256,0.3162,0.3162,0.1826,0.0,0.4082,0.0,0.0,0.1826,0.1826,0.1826,0.0,0.1826,0.2582,0.0,0.1826,0.0,0.0,0.0,0.4082
1781199207.8062,2026-06-11 19:33:27.806,40/40,0,1,-0.03948,-0.49606,0.07953,-3.2266,5.0545,-13.9022,-0.0159,-0.024,-0.4128,4.68778,0.2582,0.3162,0.0,0.0,0.4082,0.0,0.0,0.0,0.0,0.2582,0.0,0.1826,0.1826,0.0,0.0,0.0,0.1826,0.0,0.4082
1781199207.8565,2026-06-11 19:33:27.856,40/40,0,1,-0.03944,-0.49606,0.07953,-3.7205,5.556,-13.6861,-0.0311,-0.0344,-0.4149,4.67569,0.2582,0.2582,0.2582,0.0,0.4082,0.0,0.0,0.1826,0.0,0.1826,0.0,0.0,0.1826,0.0,0.0,0.0,0.2582,0.0,0.3651
1781199207.9068,2026-06-11 19:33:27.906,40/40,0,1,-0.03947,-0.49607,0.07954,-3.7855,5.2735,-13.7773,-0.0235,-0.0322,-0.418,4.69382,0.2582,0.2582,0.2582,0.0,0.4082,0.0,0.0,0.1826,0.0,0.1826,0.0,0.0,0.1826,0.0,0.0,0.0,0.2582,0.0,0.3651
1781199207.9572,2026-06-11 19:33:27.957,40/40,0,1,-0.03946,-0.49606,0.07955,-3.6359,5.4257,-13.6334,-0.0303,-0.0339,-0.4156,4.69155,0.2582,0.3162,0.0,0.0,0.4082,0.0,0.0,0.1826,0.0,0.0,0.0,0.0,0.2582,0.1826,0.0,0.0,0.0,0.1826,0.3162
1781199208.0074,2026-06-11 19:33:28.007,40/40,0,1,-0.03946,-0.49607,0.07955,-3.4971,5.083,-13.8348,-0.0178,-0.0289,-0.4096,4.68727,0.2582,0.3162,0.0,0.0,0.4082,0.0,0.0,0.1826,0.0,0.0,0.0,0.0,0.2582,0.1826,0.0,0.0,0.0,0.1826,0.3162
1781199208.0578,2026-06-11 19:33:28.057,40/40,0,1,-0.03944,-0.49606,0.07954,-3.5858,5.12,-13.582,-0.0182,-0.0313,-0.4101,4.68073,0.0,0.3162,0.2582,0.0,0.3651,0.0,0.0,0.0,0.1826,0.3162,0.0,0.0,0.0,0.0,0.0,0.0,0.1826,0.1826,0.3651
1781199208.108,2026-06-11 19:33:28.108,40/40,0,1,-0.03945,-0.49606,0.07954,-3.6697,4.8538,-13.7926,-0.0138,-0.0334,-0.4173,4.6908,0.2582,0.3162,0.1826,0.1826,0.4082,0.0,0.0,0.0,0.0,0.1826,0.0,0.0,0.1826,0.0,0.0,0.0,0.1826,0.0,0.3651
1781199208.1582,2026-06-11 19:33:28.158,40/40,0,1,-0.03944,-0.49605,0.07953,-3.6479,5.3068,-13.8375,-0.0223,-0.0335,-0.4186,4.69256,0.2582,0.3162,0.1826,0.1826,0.4082,0.0,0.0,0.0,0.0,0.1826,0.0,0.0,0.1826,0.0,0.0,0.0,0.1826,0.0,0.3651
1781199208.2086,2026-06-11 19:33:28.208,40/40,0,1,-0.03948,-0.49605,0.07953,-3.5358,5.1454,-13.8455,-0.0202,-0.0306,-0.4091,4.68853,0.1826,0.1826,0.0,0.1826,0.3651,0.0,0.0,0.0,0.1826,0.3162,0.0,0.1826,0.1826,0.0,0.1826,0.0,0.2582,0.1826,0.4082
1781199208.2589,2026-06-11 19:33:28.258,40/40,0,1,-0.03945,-0.49606,0.07953,-3.4342,5.2112,-13.5998,-0.0225,-0.0241,-0.4026,4.68249,0.1826,0.1826,0.0,0.1826,0.3651,0.0,0.0,0.0,0.1826,0.3162,0.0,0.1826,0.1826,0.0,0.1826,0.0,0.2582,0.1826,0.4082
1781199208.3092,2026-06-11 19:33:28.309,40/40,0,1,-0.03946,-0.49606,0.07954,-3.8171,4.9012,-13.6333,-0.0168,-0.0342,-0.4142,4.69181,0.2582,0.3651,0.0,0.1826,0.4472,0.0,0.0,0.1826,0.1826,0.1826,0.0,0.0,0.0,0.0,0.0,0.0,0.2582,0.0,0.3651
1781199208.3596,2026-06-11 19:33:28.359,40/40,0,1,-0.03947,-0.49607,0.07955,-3.5956,5.2046,-13.6819,-0.02,-0.0333,-0.4063,4.68652,0.2582,0.3651,0.0,0.1826,0.4472,0.0,0.0,0.1826,0.1826,0.1826,0.0,0.0,0.0,0.0,0.0,0.0,0.2582,0.0,0.3651
1781199208.4099,2026-06-11 19:33:28.409,40/40,0,1,-0.03945,-0.49606,0.07954,-3.6508,5.3606,-13.695,-0.0265,-0.0368,-0.4138,4.68199,0.0,0.3162,0.0,0.0,0.3162,0.0,0.0,0.0,0.0,0.2582,0.0,0.0,0.1826,0.0,0.0,0.0,0.0,0.0,0.3651
1781199208.4602,2026-06-11 19:33:28.460,40/40,0,1,-0.03945,-0.49606,0.07954,-3.6664,5.2327,-13.6444,-0.02,-0.0352,-0.4119,4.68727,0.1826,0.3162,0.1826,0.1826,0.4082,0.0,0.0,0.0,0.0,0.1826,0.0,0.0,0.0,0.0,0.0,0.0,0.3162,0.0,0.3162
1781199208.5106,2026-06-11 19:33:28.510,40/40,0,1,-0.03945,-0.49606,0.07954,-3.295,4.9382,-13.7481,-0.018,-0.0242,-0.401,4.69155,0.1826,0.3162,0.1826,0.1826,0.4082,0.0,0.0,0.0,0.0,0.1826,0.0,0.0,0.0,0.0,0.0,0.0,0.3162,0.0,0.3162
1781199208.5608,2026-06-11 19:33:28.560,40/40,0,1,-0.03947,-0.49606,0.07954,-3.0176,4.6091,-13.9503,-0.0069,-0.0177,-0.4013,4.68224,0.2582,0.1826,0.0,0.0,0.4472,0.0,0.0,0.0,0.0,0.2582,0.0,0.0,0.0,0.0,0.0,0.0,0.1826,0.0,0.4082
1781199208.6111,2026-06-11 19:33:28.611,40/40,0,1,-0.03945,-0.49606,0.07954,-3.2704,4.9535,-13.7453,-0.0168,-0.0241,-0.4023,4.68828,0.2582,0.1826,0.0,0.0,0.4472,0.0,0.0,0.0,0.0,0.2582,0.0,0.0,0.0,0.0,0.0,0.0,0.1826,0.0,0.4082
1781199208.6615,2026-06-11 19:33:28.661,40/40,0,1,-0.03946,-0.49605,0.07953,-3.5625,5.3592,-13.832,-0.026,-0.0314,-0.41,4.68476,0.2582,0.3162,0.0,0.0,0.3651,0.0,0.0,0.0,0.1826,0.1826,0.0,0.0,0.0,0.0,0.0,0.0,0.0,0.0,0.3651
1781199208.7119,2026-06-11 19:33:28.711,40/40,0,1,-0.03945,-0.49605,0.07953,-3.9099,4.8287,-13.6422,-0.0144,-0.042,-0.4093,4.69256,0.1826,0.3162,0.2582,0.0,0.4082,0.0,0.0,0.0,0.0,0.1826,0.0,0.1826,0.0,0.0,0.0,0.0,0.2582,0.0,0.3162
1781199208.7622,2026-06-11 19:33:28.762,40/40,0,1,-0.03944,-0.49605,0.07953,-3.1804,4.8353,-13.7245,-0.0102,-0.0239,-0.4065,4.68022,0.1826,0.3162,0.2582,0.0,0.4082,0.0,0.0,0.0,0.0,0.1826,0.0,0.1826,0.0,0.0,0.0,0.0,0.2582,0.0,0.3162
1781199208.8125,2026-06-11 19:33:28.812,40/40,0,1,-0.03943,-0.49606,0.07953,-3.5094,4.9845,-13.6527,-0.0151,-0.0319,-0.4102,4.68073,0.0,0.2582,0.0,0.1826,0.3162,0.0,0.0,0.1826,0.1826,0.2582,0.0,0.0,0.2582,0.0,0.1826,0.0,0.0,0.1826,0.3651
1781199208.8628,2026-06-11 19:33:28.862,40/40,0,1,-0.03945,-0.49606,0.07954,-3.5298,4.8155,-13.7646,-0.0144,-0.0321,-0.4049,4.6908,0.0,0.2582,0.0,0.1826,0.3162,0.0,0.0,0.1826,0.1826,0.2582,0.0,0.0,0.2582,0.0,0.1826,0.0,0.0,0.1826,0.3651
1781199208.9132,2026-06-11 19:33:28.913,40/40,0,1,-0.03945,-0.49606,0.07953,-3.713,5.0553,-13.7247,-0.0188,-0.0339,-0.4089,4.69256,0.2582,0.3162,0.1826,0.1826,0.4082,0.0,0.0,0.0,0.1826,0.1826,0.0,0.0,0.0,0.0,0.0,0.0,0.2582,0.1826,0.3162
1781199208.9635,2026-06-11 19:33:28.963,40/40,0,1,-0.03944,-0.49605,0.07953,-3.9412,5.425,-13.7562,-0.0274,-0.0424,-0.4077,4.68476,0.1826,0.3162,0.1826,0.2582,0.3651,0.0,0.0,0.0,0.1826,0.2582,0.0,0.1826,0.0,0.0,0.1826,0.0,0.2582,0.0,0.3162
1781199209.0138,2026-06-11 19:33:29.013,40/40,0,1,-0.03947,-0.49606,0.07954,-3.5078,5.2888,-13.6519,-0.023,-0.0313,-0.4041,4.68954,0.1826,0.3162,0.1826,0.2582,0.3651,0.0,0.0,0.0,0.1826,0.2582,0.0,0.1826,0.0,0.0,0.1826,0.0,0.2582,0.0,0.3162
1781199209.0642,2026-06-11 19:33:29.064,40/40,0,1,-0.03945,-0.49606,0.07953,-3.7662,5.2616,-13.6061,-0.0187,-0.0384,-0.4057,4.69256,0.1826,0.3162,0.1826,0.0,0.4082,0.0,0.0,0.0,0.1826,0.1826,0.0,0.0,0.0,0.0,0.0,0.0,0.1826,0.0,0.3651
